step,epoch,tokens_seen,train_loss,val_loss,lr,tokens_per_sec,time
20,0.000,655360,8.2670,,7.35e-06,66858,2026-09-11 18:05:35
40,0.001,1310720,8.2631,,1.43e-05,87817,2026-09-11 18:05:40
60,0.001,1966080,8.2555,,2.14e-05,127597,2026-09-11 18:05:45
80,0.001,2621440,8.2459,,2.84e-05,127739,2026-09-11 18:05:51
100,0.002,3276800,8.2346,,3.53e-05,127748,2026-09-11 18:05:56
120,0.002,3932160,8.2216,,4.23e-05,127627,2026-09-11 18:06:01
140,0.002,4587520,8.2072,,4.93e-05,127126,2026-09-11 18:06:06
160,0.003,5242880,8.1919,,5.64e-05,126927,2026-09-11 18:06:11
180,0.003,5898240,8.1757,,6.33e-05,126510,2026-09-11 18:06:16
200,0.003,6553600,8.1585,,7.04e-05,126475,2026-09-11 18:06:22
220,0.004,7208960,8.1403,,7.73e-05,126368,2026-09-11 18:06:27
240,0.004,7864320,8.1218,,8.43e-05,126355,2026-09-11 18:06:32
260,0.004,8519680,8.1025,,9.13e-05,126213,2026-09-11 18:06:37
280,0.005,9175040,8.0831,,9.84e-05,126095,2026-09-11 18:06:43
300,0.005,9830400,8.0617,,1.05e-04,126209,2026-09-11 18:06:48
320,0.005,10485760,8.0399,,1.12e-04,126095,2026-09-11 18:06:53
340,0.006,11141120,8.0180,,1.19e-04,125573,2026-09-11 18:06:58
360,0.006,11796480,7.9961,,1.26e-04,125789,2026-09-11 18:07:03
380,0.006,12451840,7.9734,,1.33e-04,125688,2026-09-11 18:07:09
400,0.007,13107200,7.9499,,1.40e-04,125836,2026-09-11 18:07:14
420,0.007,13762560,7.9266,,1.47e-04,125927,2026-09-11 18:07:19
440,0.007,14417920,7.9026,,1.54e-04,125953,2026-09-11 18:07:24
460,0.008,15073280,7.8785,,1.61e-04,126214,2026-09-11 18:07:30
480,0.008,15728640,7.8539,,1.68e-04,126190,2026-09-11 18:07:35
500,0.008,16384000,7.8288,,1.75e-04,126153,2026-09-11 18:07:40
520,0.009,17039360,7.8042,,1.82e-04,126147,2026-09-11 18:07:45
540,0.009,17694720,7.7784,,1.89e-04,126045,2026-09-11 18:07:50
560,0.009,18350080,7.7534,,1.96e-04,126046,2026-09-11 18:07:56
580,0.010,19005440,7.7273,,2.03e-04,126057,2026-09-11 18:08:01
600,0.010,19660800,7.7012,,2.10e-04,125985,2026-09-11 18:08:06
620,0.010,20316160,7.6746,,2.17e-04,126086,2026-09-11 18:08:11
640,0.011,20971520,7.6484,,2.24e-04,126052,2026-09-11 18:08:16
660,0.011,21626880,7.6213,,2.31e-04,126113,2026-09-11 18:08:22
680,0.011,22282240,7.5944,,2.38e-04,126050,2026-09-11 18:08:27
700,0.012,22937600,7.5681,,2.45e-04,125837,2026-09-11 18:08:32
720,0.012,23592960,7.5409,,2.52e-04,125777,2026-09-11 18:08:37
740,0.012,24248320,7.5143,,2.59e-04,125846,2026-09-11 18:08:43
760,0.013,24903680,7.4868,,2.66e-04,125862,2026-09-11 18:08:48
780,0.013,25559040,7.4589,,2.73e-04,125863,2026-09-11 18:08:53
800,0.013,26214400,7.4307,,2.80e-04,125883,2026-09-11 18:08:58
820,0.014,26869760,7.4030,,2.87e-04,126067,2026-09-11 18:09:03
840,0.014,27525120,7.3750,,2.94e-04,125971,2026-09-11 18:09:09
860,0.014,28180480,7.3465,,3.01e-04,126157,2026-09-11 18:09:14
880,0.015,28835840,7.3184,,3.08e-04,126067,2026-09-11 18:09:19
900,0.015,29491200,7.2907,,3.15e-04,126145,2026-09-11 18:09:24
920,0.015,30146560,7.2627,,3.22e-04,126012,2026-09-11 18:09:30
940,0.016,30801920,7.2356,,3.29e-04,125966,2026-09-11 18:09:35
960,0.016,31457280,7.2077,,3.36e-04,125896,2026-09-11 18:09:40
980,0.016,32112640,7.1806,,3.43e-04,125876,2026-09-11 18:09:45
1000,0.017,32768000,7.1529,,3.50e-04,125984,2026-09-11 18:09:50
1020,0.017,33423360,7.1255,,3.57e-04,126119,2026-09-11 18:09:56
1040,0.017,34078720,7.0975,,3.64e-04,126139,2026-09-11 18:10:01
1060,0.018,34734080,7.0703,,3.71e-04,126006,2026-09-11 18:10:06
1080,0.018,35389440,7.0427,,3.78e-04,126017,2026-09-11 18:10:11
1100,0.018,36044800,7.0168,,3.85e-04,126097,2026-09-11 18:10:16
1120,0.019,36700160,6.9906,,3.92e-04,126131,2026-09-11 18:10:22
1140,0.019,37355520,6.9642,,3.99e-04,126238,2026-09-11 18:10:27
1160,0.019,38010880,6.9386,,4.06e-04,126202,2026-09-11 18:10:32
1180,0.020,38666240,6.9125,,4.13e-04,125902,2026-09-11 18:10:37
1200,0.020,39321600,6.8857,,4.20e-04,125993,2026-09-11 18:10:43
1220,0.020,39976960,6.8601,,4.27e-04,126116,2026-09-11 18:10:48
1240,0.021,40632320,6.8352,,4.34e-04,126130,2026-09-11 18:10:53
1260,0.021,41287680,6.8094,,4.41e-04,126198,2026-09-11 18:10:58
1280,0.021,41943040,6.7840,,4.48e-04,126173,2026-09-11 18:11:03
1300,0.022,42598400,6.7588,,4.55e-04,126136,2026-09-11 18:11:09
1320,0.022,43253760,6.7334,,4.62e-04,126103,2026-09-11 18:11:14
1340,0.022,43909120,6.7080,,4.69e-04,125954,2026-09-11 18:11:19
1360,0.023,44564480,6.6829,,4.76e-04,125989,2026-09-11 18:11:24
1380,0.023,45219840,6.6582,,4.83e-04,126131,2026-09-11 18:11:29
1400,0.023,45875200,6.6333,,4.90e-04,126130,2026-09-11 18:11:35
1420,0.024,46530560,6.6093,,4.97e-04,125992,2026-09-11 18:11:40
1440,0.024,47185920,6.5842,,5.04e-04,125881,2026-09-11 18:11:45
1460,0.024,47841280,6.5596,,5.11e-04,126061,2026-09-11 18:11:50
1480,0.025,48496640,6.5359,,5.18e-04,126087,2026-09-11 18:11:56
1500,0.025,49152000,6.5124,,5.25e-04,126009,2026-09-11 18:12:01
1520,0.025,49807360,6.4890,,5.32e-04,125883,2026-09-11 18:12:06
1540,0.026,50462720,6.4655,,5.39e-04,125890,2026-09-11 18:12:11
1560,0.026,51118080,6.4421,,5.46e-04,125929,2026-09-11 18:12:16
1580,0.026,51773440,6.4191,,5.53e-04,126059,2026-09-11 18:12:22
1600,0.027,52428800,6.3969,,5.60e-04,125854,2026-09-11 18:12:27
1620,0.027,53084160,6.3733,,5.67e-04,126084,2026-09-11 18:12:32
1640,0.027,53739520,6.3507,,5.74e-04,126124,2026-09-11 18:12:37
1660,0.028,54394880,6.3284,,5.81e-04,126226,2026-09-11 18:12:42
1680,0.028,55050240,6.3062,,5.88e-04,126182,2026-09-11 18:12:48
1700,0.028,55705600,6.2851,,5.95e-04,126026,2026-09-11 18:12:53
1720,0.029,56360960,6.2630,,6.02e-04,125986,2026-09-11 18:12:58
1740,0.029,57016320,6.2418,,6.09e-04,126180,2026-09-11 18:13:03
1760,0.029,57671680,6.2207,,6.16e-04,126181,2026-09-11 18:13:09
1780,0.030,58327040,6.1997,,6.23e-04,126097,2026-09-11 18:13:14
1800,0.030,58982400,6.1793,,6.30e-04,126031,2026-09-11 18:13:19
1820,0.030,59637760,6.1585,,6.37e-04,125976,2026-09-11 18:13:24
1840,0.031,60293120,6.1378,,6.44e-04,125918,2026-09-11 18:13:29
1860,0.031,60948480,6.1172,,6.51e-04,126077,2026-09-11 18:13:35
1880,0.031,61603840,6.0964,,6.58e-04,126034,2026-09-11 18:13:40
1900,0.032,62259200,6.0764,,6.65e-04,126101,2026-09-11 18:13:45
1920,0.032,62914560,6.0561,,6.72e-04,126095,2026-09-11 18:13:50
1940,0.032,63569920,6.0361,,6.79e-04,126003,2026-09-11 18:13:56
1960,0.033,64225280,6.0159,,6.86e-04,126011,2026-09-11 18:14:01
1980,0.033,64880640,5.9962,,6.93e-04,126026,2026-09-11 18:14:06
2000,0.033,65536000,5.9767,,7.00e-04,125934,2026-09-11 18:14:11
2020,0.034,66191360,5.9579,,7.00e-04,126102,2026-09-11 18:14:16
2040,0.034,66846720,5.9378,,7.00e-04,126087,2026-09-11 18:14:22
2060,0.034,67502080,5.9192,,7.00e-04,126049,2026-09-11 18:14:27
2080,0.035,68157440,5.9009,,7.00e-04,126016,2026-09-11 18:14:32
2100,0.035,68812800,5.8823,,7.00e-04,125919,2026-09-11 18:14:37
2120,0.035,69468160,5.8635,,7.00e-04,125953,2026-09-11 18:14:42
2140,0.036,70123520,5.8449,,7.00e-04,126026,2026-09-11 18:14:48
2160,0.036,70778880,5.8264,,7.00e-04,126076,2026-09-11 18:14:53
2180,0.036,71434240,5.8087,,7.00e-04,126107,2026-09-11 18:14:58
2200,0.037,72089600,5.7902,,7.00e-04,126052,2026-09-11 18:15:03
2220,0.037,72744960,5.7717,,7.00e-04,125856,2026-09-11 18:15:09
2240,0.037,73400320,5.7530,,7.00e-04,125819,2026-09-11 18:15:14
2260,0.038,74055680,5.7355,,7.00e-04,126021,2026-09-11 18:15:19
2280,0.038,74711040,5.7186,,7.00e-04,126007,2026-09-11 18:15:24
2300,0.038,75366400,5.7010,,7.00e-04,126107,2026-09-11 18:15:29
2320,0.039,76021760,5.6838,,7.00e-04,126089,2026-09-11 18:15:35
2340,0.039,76677120,5.6662,,7.00e-04,126010,2026-09-11 18:15:40
2360,0.039,77332480,5.6487,,7.00e-04,126003,2026-09-11 18:15:45
2380,0.040,77987840,5.6314,,7.00e-04,126031,2026-09-11 18:15:50
2400,0.040,78643200,5.6143,,7.00e-04,126065,2026-09-11 18:15:55
2420,0.040,79298560,5.5973,,7.00e-04,126104,2026-09-11 18:16:01
2440,0.041,79953920,5.5809,,7.00e-04,126129,2026-09-11 18:16:06
2460,0.041,80609280,5.5647,,7.00e-04,126013,2026-09-11 18:16:11
2480,0.041,81264640,5.5487,,7.00e-04,125953,2026-09-11 18:16:16
2500,0.042,81920000,5.5328,,7.00e-04,126078,2026-09-11 18:16:22
2520,0.042,82575360,5.5169,,7.00e-04,126092,2026-09-11 18:16:27
2540,0.042,83230720,5.5000,,7.00e-04,126110,2026-09-11 18:16:32
2560,0.043,83886080,5.4842,,7.00e-04,126099,2026-09-11 18:16:37
2580,0.043,84541440,5.4688,,7.00e-04,125977,2026-09-11 18:16:42
2600,0.043,85196800,5.4533,,7.00e-04,125956,2026-09-11 18:16:48
2620,0.044,85852160,5.4376,,7.00e-04,126059,2026-09-11 18:16:53
2640,0.044,86507520,5.4234,,7.00e-04,126030,2026-09-11 18:16:58
2660,0.044,87162880,5.4079,,7.00e-04,126100,2026-09-11 18:17:03
2680,0.045,87818240,5.3930,,7.00e-04,126038,2026-09-11 18:17:08
2700,0.045,88473600,5.3785,,7.00e-04,125926,2026-09-11 18:17:14
2720,0.045,89128960,5.3642,,7.00e-04,125961,2026-09-11 18:17:19
2740,0.046,89784320,5.3495,,7.00e-04,125996,2026-09-11 18:17:24
2760,0.046,90439680,5.3347,,7.00e-04,126065,2026-09-11 18:17:29
2780,0.046,91095040,5.3205,,7.00e-04,126088,2026-09-11 18:17:35
2800,0.047,91750400,5.3060,,7.00e-04,126103,2026-09-11 18:17:40
2820,0.047,92405760,5.2918,,7.00e-04,126060,2026-09-11 18:17:45
2840,0.047,93061120,5.2778,,7.00e-04,126053,2026-09-11 18:17:50
2860,0.048,93716480,5.2633,,7.00e-04,125976,2026-09-11 18:17:55
2880,0.048,94371840,5.2495,,7.00e-04,125987,2026-09-11 18:18:01
2900,0.048,95027200,5.2346,,7.00e-04,126098,2026-09-11 18:18:06
2920,0.049,95682560,5.2206,,7.00e-04,126145,2026-09-11 18:18:11
2940,0.049,96337920,5.2061,,7.00e-04,126142,2026-09-11 18:18:16
2960,0.049,96993280,5.1926,,7.00e-04,126118,2026-09-11 18:18:22
2980,0.050,97648640,5.1793,,7.00e-04,126090,2026-09-11 18:18:27
3000,0.050,98304000,5.1664,,7.00e-04,126177,2026-09-11 18:18:32
3020,0.050,98959360,5.1526,,6.99e-04,126275,2026-09-11 18:18:37
3040,0.051,99614720,5.1389,,6.99e-04,126223,2026-09-11 18:18:42
3060,0.051,100270080,5.1256,,6.99e-04,126190,2026-09-11 18:18:48
3080,0.051,100925440,5.1124,,6.99e-04,126133,2026-09-11 18:18:53
3100,0.052,101580800,5.0991,,6.99e-04,125994,2026-09-11 18:18:58
3120,0.052,102236160,5.0866,,6.99e-04,126111,2026-09-11 18:19:03
3140,0.052,102891520,5.0741,,6.99e-04,126210,2026-09-11 18:19:08
3160,0.053,103546880,5.0617,,6.99e-04,126179,2026-09-11 18:19:14
3180,0.053,104202240,5.0486,,6.99e-04,126116,2026-09-11 18:19:19
3200,0.053,104857600,5.0360,,6.99e-04,126090,2026-09-11 18:19:24
3220,0.054,105512960,5.0237,,6.99e-04,126137,2026-09-11 18:19:29
3240,0.054,106168320,5.0121,,6.99e-04,126168,2026-09-11 18:19:34
3260,0.054,106823680,4.9998,,6.99e-04,126220,2026-09-11 18:19:40
3280,0.055,107479040,4.9886,,6.99e-04,126187,2026-09-11 18:19:45
3300,0.055,108134400,4.9761,,6.99e-04,126065,2026-09-11 18:19:50
3320,0.055,108789760,4.9650,,6.99e-04,126015,2026-09-11 18:19:55
3340,0.056,109445120,4.9531,,6.99e-04,126244,2026-09-11 18:20:01
3360,0.056,110100480,4.9405,,6.99e-04,126223,2026-09-11 18:20:06
3380,0.056,110755840,4.9293,,6.99e-04,126236,2026-09-11 18:20:11
3400,0.057,111411200,4.9175,,6.99e-04,126225,2026-09-11 18:20:16
3420,0.057,112066560,4.9067,,6.99e-04,126226,2026-09-11 18:20:21
3440,0.057,112721920,4.8961,,6.99e-04,126188,2026-09-11 18:20:27
3460,0.058,113377280,4.8847,,6.99e-04,126251,2026-09-11 18:20:32
3480,0.058,114032640,4.8741,,6.99e-04,126228,2026-09-11 18:20:37
3500,0.058,114688000,4.8634,,6.99e-04,126070,2026-09-11 18:20:42
3520,0.059,115343360,4.8525,,6.99e-04,126101,2026-09-11 18:20:47
3540,0.059,115998720,4.8419,,6.99e-04,126036,2026-09-11 18:20:53
3560,0.059,116654080,4.8312,,6.99e-04,126148,2026-09-11 18:20:58
3580,0.060,117309440,4.8205,,6.99e-04,126226,2026-09-11 18:21:03
3600,0.060,117964800,4.8095,,6.99e-04,126223,2026-09-11 18:21:08
3620,0.060,118620160,4.7994,,6.99e-04,126198,2026-09-11 18:21:13
3640,0.061,119275520,4.7893,,6.99e-04,126200,2026-09-11 18:21:19
3660,0.061,119930880,4.7797,,6.99e-04,126161,2026-09-11 18:21:24
3680,0.061,120586240,4.7697,,6.99e-04,126152,2026-09-11 18:21:29
3700,0.062,121241600,4.7597,,6.99e-04,126112,2026-09-11 18:21:34
3720,0.062,121896960,4.7501,,6.99e-04,126140,2026-09-11 18:21:39
3740,0.062,122552320,4.7403,,6.99e-04,126260,2026-09-11 18:21:45
3760,0.063,123207680,4.7307,,6.99e-04,126172,2026-09-11 18:21:50
3780,0.063,123863040,4.7211,,6.98e-04,126147,2026-09-11 18:21:55
3800,0.063,124518400,4.7110,,6.98e-04,126116,2026-09-11 18:22:00
3820,0.064,125173760,4.7008,,6.98e-04,126128,2026-09-11 18:22:06
3840,0.064,125829120,4.6917,,6.98e-04,126187,2026-09-11 18:22:11
3860,0.064,126484480,4.6829,,6.98e-04,126187,2026-09-11 18:22:16
3880,0.065,127139840,4.6732,,6.98e-04,126183,2026-09-11 18:22:21
3900,0.065,127795200,4.6642,,6.98e-04,126040,2026-09-11 18:22:26
3920,0.065,128450560,4.6557,,6.98e-04,126024,2026-09-11 18:22:32
3940,0.066,129105920,4.6466,,6.98e-04,125936,2026-09-11 18:22:37
3960,0.066,129761280,4.6376,,6.98e-04,125998,2026-09-11 18:22:42
3980,0.066,130416640,4.6274,,6.98e-04,126272,2026-09-11 18:22:47
4000,0.067,131072000,4.6182,,6.98e-04,126194,2026-09-11 18:22:52
4020,0.067,131727360,4.6101,,6.98e-04,126182,2026-09-11 18:22:58
4040,0.067,132382720,4.6013,,6.98e-04,126069,2026-09-11 18:23:03
4060,0.068,133038080,4.5924,,6.98e-04,125960,2026-09-11 18:23:08
4080,0.068,133693440,4.5836,,6.98e-04,126163,2026-09-11 18:23:13
4100,0.068,134348800,4.5754,,6.98e-04,126224,2026-09-11 18:23:19
4120,0.069,135004160,4.5662,,6.98e-04,126206,2026-09-11 18:23:24
4140,0.069,135659520,4.5580,,6.98e-04,126147,2026-09-11 18:23:29
4160,0.069,136314880,4.5500,,6.98e-04,126117,2026-09-11 18:23:34
4180,0.070,136970240,4.5412,,6.98e-04,126136,2026-09-11 18:23:39
4200,0.070,137625600,4.5331,,6.98e-04,126139,2026-09-11 18:23:45
4220,0.070,138280960,4.5254,,6.98e-04,126227,2026-09-11 18:23:50
4240,0.071,138936320,4.5173,,6.98e-04,126240,2026-09-11 18:23:55
4260,0.071,139591680,4.5083,,6.98e-04,126105,2026-09-11 18:24:00
4280,0.071,140247040,4.5002,,6.97e-04,126096,2026-09-11 18:24:05
4300,0.072,140902400,4.4928,,6.97e-04,126208,2026-09-11 18:24:11
4320,0.072,141557760,4.4850,,6.97e-04,126220,2026-09-11 18:24:16
4340,0.072,142213120,4.4774,,6.97e-04,126247,2026-09-11 18:24:21
4360,0.073,142868480,4.4693,,6.97e-04,126228,2026-09-11 18:24:26
4380,0.073,143523840,4.4614,,6.97e-04,126136,2026-09-11 18:24:31
4400,0.073,144179200,4.4539,,6.97e-04,126116,2026-09-11 18:24:37
4420,0.074,144834560,4.4460,,6.97e-04,126114,2026-09-11 18:24:42
4440,0.074,145489920,4.4387,,6.97e-04,126176,2026-09-11 18:24:47
4460,0.074,146145280,4.4310,,6.97e-04,126263,2026-09-11 18:24:52
4480,0.075,146800640,4.4242,,6.97e-04,126213,2026-09-11 18:24:57
4500,0.075,147456000,4.4168,,6.97e-04,126116,2026-09-11 18:25:03
4520,0.075,148111360,4.4094,,6.97e-04,126064,2026-09-11 18:25:08
4540,0.076,148766720,4.4010,,6.97e-04,126106,2026-09-11 18:25:13
4560,0.076,149422080,4.3945,,6.97e-04,126158,2026-09-11 18:25:18
4580,0.076,150077440,4.3874,,6.97e-04,126132,2026-09-11 18:25:24
4600,0.077,150732800,4.3805,,6.97e-04,126112,2026-09-11 18:25:29
4620,0.077,151388160,4.3736,,6.97e-04,126163,2026-09-11 18:25:34
4640,0.077,152043520,4.3669,,6.97e-04,126092,2026-09-11 18:25:39
4660,0.078,152698880,4.3609,,6.97e-04,126142,2026-09-11 18:25:44
4680,0.078,153354240,4.3539,,6.97e-04,126136,2026-09-11 18:25:50
4700,0.078,154009600,4.3470,,6.96e-04,126154,2026-09-11 18:25:55
4720,0.079,154664960,4.3402,,6.96e-04,126099,2026-09-11 18:26:00
4740,0.079,155320320,4.3332,,6.96e-04,126158,2026-09-11 18:26:05
4760,0.079,155975680,4.3262,,6.96e-04,126139,2026-09-11 18:26:10
4780,0.080,156631040,4.3196,,6.96e-04,126051,2026-09-11 18:26:16
4800,0.080,157286400,4.3131,,6.96e-04,126046,2026-09-11 18:26:21
4820,0.080,157941760,4.3065,,6.96e-04,126242,2026-09-11 18:26:26
4840,0.081,158597120,4.2996,,6.96e-04,126217,2026-09-11 18:26:31
4860,0.081,159252480,4.2928,,6.96e-04,126230,2026-09-11 18:26:37
4880,0.081,159907840,4.2865,,6.96e-04,126161,2026-09-11 18:26:42
4900,0.082,160563200,4.2806,,6.96e-04,126085,2026-09-11 18:26:47
4920,0.082,161218560,4.2743,,6.96e-04,126031,2026-09-11 18:26:52
4940,0.082,161873920,4.2676,,6.96e-04,126054,2026-09-11 18:26:57
4960,0.083,162529280,4.2613,,6.96e-04,126146,2026-09-11 18:27:03
4980,0.083,163184640,4.2549,,6.96e-04,126223,2026-09-11 18:27:08
5000,0.083,163840000,4.2483,,6.96e-04,126209,2026-09-11 18:27:13
5000,0.083,163840000,4.2483,3.6336,6.96e-04,,2026-09-11 18:27:34
5020,0.084,164495360,4.2423,,6.96e-04,126818,2026-09-11 18:27:39
5040,0.084,165150720,4.2364,,6.96e-04,126618,2026-09-11 18:27:44
5060,0.084,165806080,4.2302,,6.95e-04,126375,2026-09-11 18:27:50
5080,0.085,166461440,4.2242,,6.95e-04,126351,2026-09-11 18:27:55
5100,0.085,167116800,4.2185,,6.95e-04,126502,2026-09-11 18:28:00
5120,0.085,167772160,4.2133,,6.95e-04,126480,2026-09-11 18:28:05
5140,0.086,168427520,4.2080,,6.95e-04,126375,2026-09-11 18:28:10
5160,0.086,169082880,4.2028,,6.95e-04,126379,2026-09-11 18:28:16
5180,0.086,169738240,4.1980,,6.95e-04,126195,2026-09-11 18:28:21
5200,0.087,170393600,4.1922,,6.95e-04,126278,2026-09-11 18:28:26
5220,0.087,171048960,4.1864,,6.95e-04,126337,2026-09-11 18:28:31
5240,0.088,171704320,4.1810,,6.95e-04,126349,2026-09-11 18:28:36
5260,0.088,172359680,4.1765,,6.95e-04,126216,2026-09-11 18:28:42
5280,0.088,173015040,4.1711,,6.95e-04,126048,2026-09-11 18:28:47
5300,0.089,173670400,4.1658,,6.95e-04,126218,2026-09-11 18:28:52
5320,0.089,174325760,4.1607,,6.95e-04,126219,2026-09-11 18:28:57
5340,0.089,174981120,4.1559,,6.95e-04,126184,2026-09-11 18:29:02
5360,0.090,175636480,4.1508,,6.95e-04,126234,2026-09-11 18:29:08
5380,0.090,176291840,4.1460,,6.94e-04,126344,2026-09-11 18:29:13
5400,0.090,176947200,4.1406,,6.94e-04,126321,2026-09-11 18:29:18
5420,0.091,177602560,4.1361,,6.94e-04,126124,2026-09-11 18:29:23
5440,0.091,178257920,4.1310,,6.94e-04,126255,2026-09-11 18:29:28
5460,0.091,178913280,4.1258,,6.94e-04,126406,2026-09-11 18:29:34
5480,0.092,179568640,4.1210,,6.94e-04,126381,2026-09-11 18:29:39
5500,0.092,180224000,4.1171,,6.94e-04,126348,2026-09-11 18:29:44
5520,0.092,180879360,4.1125,,6.94e-04,126293,2026-09-11 18:29:49
5540,0.093,181534720,4.1089,,6.94e-04,126288,2026-09-11 18:29:54
5560,0.093,182190080,4.1038,,6.94e-04,126250,2026-09-11 18:30:00
5580,0.093,182845440,4.0986,,6.94e-04,126201,2026-09-11 18:30:05
5600,0.094,183500800,4.0947,,6.94e-04,126199,2026-09-11 18:30:10
5620,0.094,184156160,4.0900,,6.94e-04,126106,2026-09-11 18:30:15
5640,0.094,184811520,4.0856,,6.94e-04,126168,2026-09-11 18:30:21
5660,0.095,185466880,4.0810,,6.94e-04,126191,2026-09-11 18:30:26
5680,0.095,186122240,4.0763,,6.93e-04,126207,2026-09-11 18:30:31
5700,0.095,186777600,4.0717,,6.93e-04,126226,2026-09-11 18:30:36
5720,0.096,187432960,4.0668,,6.93e-04,126184,2026-09-11 18:30:41
5740,0.096,188088320,4.0622,,6.93e-04,126049,2026-09-11 18:30:47
5760,0.096,188743680,4.0578,,6.93e-04,126031,2026-09-11 18:30:52
5780,0.097,189399040,4.0532,,6.93e-04,126082,2026-09-11 18:30:57
5800,0.097,190054400,4.0487,,6.93e-04,126133,2026-09-11 18:31:02
5820,0.097,190709760,4.0439,,6.93e-04,126136,2026-09-11 18:31:07
5840,0.098,191365120,4.0403,,6.93e-04,126113,2026-09-11 18:31:13
5860,0.098,192020480,4.0356,,6.93e-04,126134,2026-09-11 18:31:18
5880,0.098,192675840,4.0308,,6.93e-04,126151,2026-09-11 18:31:23
5900,0.099,193331200,4.0269,,6.93e-04,126115,2026-09-11 18:31:28
5920,0.099,193986560,4.0231,,6.93e-04,126106,2026-09-11 18:31:33
5940,0.099,194641920,4.0187,,6.93e-04,126159,2026-09-11 18:31:39
5960,0.100,195297280,4.0153,,6.92e-04,126159,2026-09-11 18:31:44
5980,0.100,195952640,4.0115,,6.92e-04,125860,2026-09-11 18:31:49
6000,0.100,196608000,4.0066,,6.92e-04,125996,2026-09-11 18:31:54
6020,0.101,197263360,4.0031,,6.92e-04,126123,2026-09-11 18:32:00
6040,0.101,197918720,3.9990,,6.92e-04,126013,2026-09-11 18:32:05
6060,0.101,198574080,3.9953,,6.92e-04,125896,2026-09-11 18:32:10
6080,0.102,199229440,3.9909,,6.92e-04,125987,2026-09-11 18:32:15
6100,0.102,199884800,3.9876,,6.92e-04,126187,2026-09-11 18:32:20
6120,0.102,200540160,3.9844,,6.92e-04,126060,2026-09-11 18:32:26
6140,0.103,201195520,3.9810,,6.92e-04,126071,2026-09-11 18:32:31
6160,0.103,201850880,3.9775,,6.92e-04,126086,2026-09-11 18:32:36
6180,0.103,202506240,3.9741,,6.92e-04,125966,2026-09-11 18:32:41
6200,0.104,203161600,3.9703,,6.92e-04,125994,2026-09-11 18:32:46
6220,0.104,203816960,3.9667,,6.91e-04,126166,2026-09-11 18:32:52
6240,0.104,204472320,3.9634,,6.91e-04,126072,2026-09-11 18:32:57
6260,0.105,205127680,3.9594,,6.91e-04,126146,2026-09-11 18:33:02
6280,0.105,205783040,3.9554,,6.91e-04,126129,2026-09-11 18:33:07
6300,0.105,206438400,3.9521,,6.91e-04,126036,2026-09-11 18:33:13
6320,0.106,207093760,3.9477,,6.91e-04,125934,2026-09-11 18:33:18
6340,0.106,207749120,3.9440,,6.91e-04,126073,2026-09-11 18:33:23
6360,0.106,208404480,3.9402,,6.91e-04,126099,2026-09-11 18:33:28
6380,0.107,209059840,3.9364,,6.91e-04,126142,2026-09-11 18:33:33
6400,0.107,209715200,3.9321,,6.91e-04,126109,2026-09-11 18:33:39
6420,0.107,210370560,3.9288,,6.91e-04,125899,2026-09-11 18:33:44
6440,0.108,211025920,3.9247,,6.91e-04,125948,2026-09-11 18:33:49
6460,0.108,211681280,3.9218,,6.90e-04,126051,2026-09-11 18:33:54
6480,0.108,212336640,3.9183,,6.90e-04,126087,2026-09-11 18:33:59
6500,0.109,212992000,3.9145,,6.90e-04,126090,2026-09-11 18:34:05
6520,0.109,213647360,3.9107,,6.90e-04,126066,2026-09-11 18:34:10
6540,0.109,214302720,3.9082,,6.90e-04,126015,2026-09-11 18:34:15
6560,0.110,214958080,3.9054,,6.90e-04,125939,2026-09-11 18:34:20
6580,0.110,215613440,3.9021,,6.90e-04,125895,2026-09-11 18:34:26
6600,0.110,216268800,3.8993,,6.90e-04,125968,2026-09-11 18:34:31
6620,0.111,216924160,3.8960,,6.90e-04,126090,2026-09-11 18:34:36
6640,0.111,217579520,3.8926,,6.90e-04,126098,2026-09-11 18:34:41
6660,0.111,218234880,3.8895,,6.90e-04,126112,2026-09-11 18:34:46
6680,0.112,218890240,3.8869,,6.89e-04,125996,2026-09-11 18:34:52
6700,0.112,219545600,3.8831,,6.89e-04,125680,2026-09-11 18:34:57
6720,0.112,220200960,3.8799,,6.89e-04,125881,2026-09-11 18:35:02
6740,0.113,220856320,3.8767,,6.89e-04,126133,2026-09-11 18:35:07
6760,0.113,221511680,3.8735,,6.89e-04,126139,2026-09-11 18:35:13
6780,0.113,222167040,3.8705,,6.89e-04,126062,2026-09-11 18:35:18
6800,0.114,222822400,3.8673,,6.89e-04,126011,2026-09-11 18:35:23
6820,0.114,223477760,3.8644,,6.89e-04,125975,2026-09-11 18:35:28
6840,0.114,224133120,3.8618,,6.89e-04,126096,2026-09-11 18:35:33
6860,0.115,224788480,3.8595,,6.89e-04,126204,2026-09-11 18:35:39
6880,0.115,225443840,3.8565,,6.89e-04,126196,2026-09-11 18:35:44
6900,0.115,226099200,3.8537,,6.88e-04,126018,2026-09-11 18:35:49
6920,0.116,226754560,3.8509,,6.88e-04,126020,2026-09-11 18:35:54
6940,0.116,227409920,3.8483,,6.88e-04,126054,2026-09-11 18:35:59
6960,0.116,228065280,3.8456,,6.88e-04,126086,2026-09-11 18:36:05
6980,0.117,228720640,3.8425,,6.88e-04,126174,2026-09-11 18:36:10
7000,0.117,229376000,3.8396,,6.88e-04,125933,2026-09-11 18:36:15
7020,0.117,230031360,3.8362,,6.88e-04,126049,2026-09-11 18:36:20
7040,0.118,230686720,3.8335,,6.88e-04,125973,2026-09-11 18:36:26
7060,0.118,231342080,3.8305,,6.88e-04,126011,2026-09-11 18:36:31
7080,0.118,231997440,3.8279,,6.88e-04,126001,2026-09-11 18:36:36
7100,0.119,232652800,3.8258,,6.88e-04,126125,2026-09-11 18:36:41
7120,0.119,233308160,3.8233,,6.87e-04,126101,2026-09-11 18:36:46
7140,0.119,233963520,3.8205,,6.87e-04,126203,2026-09-11 18:36:52
7160,0.120,234618880,3.8183,,6.87e-04,126041,2026-09-11 18:36:57
7180,0.120,235274240,3.8161,,6.87e-04,126060,2026-09-11 18:37:02
7200,0.120,235929600,3.8135,,6.87e-04,126043,2026-09-11 18:37:07
7220,0.121,236584960,3.8108,,6.87e-04,126123,2026-09-11 18:37:12
7240,0.121,237240320,3.8081,,6.87e-04,126073,2026-09-11 18:37:18
7260,0.121,237895680,3.8055,,6.87e-04,126069,2026-09-11 18:37:23
7280,0.122,238551040,3.8026,,6.87e-04,125964,2026-09-11 18:37:28
7300,0.122,239206400,3.7994,,6.87e-04,125928,2026-09-11 18:37:33
7320,0.122,239861760,3.7970,,6.86e-04,125969,2026-09-11 18:37:39
7340,0.123,240517120,3.7944,,6.86e-04,126083,2026-09-11 18:37:44
7360,0.123,241172480,3.7916,,6.86e-04,126073,2026-09-11 18:37:49
7380,0.123,241827840,3.7893,,6.86e-04,126094,2026-09-11 18:37:54
7400,0.124,242483200,3.7866,,6.86e-04,126078,2026-09-11 18:37:59
7420,0.124,243138560,3.7843,,6.86e-04,126064,2026-09-11 18:38:05
7440,0.124,243793920,3.7817,,6.86e-04,126001,2026-09-11 18:38:10
7460,0.125,244449280,3.7791,,6.86e-04,126164,2026-09-11 18:38:15
7480,0.125,245104640,3.7769,,6.86e-04,126139,2026-09-11 18:38:20
7500,0.125,245760000,3.7748,,6.85e-04,126100,2026-09-11 18:38:25
7520,0.126,246415360,3.7731,,6.85e-04,125998,2026-09-11 18:38:31
7540,0.126,247070720,3.7704,,6.85e-04,126025,2026-09-11 18:38:36
7560,0.126,247726080,3.7680,,6.85e-04,125997,2026-09-11 18:38:41
7580,0.127,248381440,3.7653,,6.85e-04,125910,2026-09-11 18:38:46
7600,0.127,249036800,3.7631,,6.85e-04,125991,2026-09-11 18:38:52
7620,0.127,249692160,3.7606,,6.85e-04,126069,2026-09-11 18:38:57
7640,0.128,250347520,3.7582,,6.85e-04,126013,2026-09-11 18:39:02
7660,0.128,251002880,3.7558,,6.85e-04,125928,2026-09-11 18:39:07
7680,0.128,251658240,3.7538,,6.85e-04,125995,2026-09-11 18:39:12
7700,0.129,252313600,3.7517,,6.84e-04,126135,2026-09-11 18:39:18
7720,0.129,252968960,3.7499,,6.84e-04,126122,2026-09-11 18:39:23
7740,0.129,253624320,3.7480,,6.84e-04,126049,2026-09-11 18:39:28
7760,0.130,254279680,3.7458,,6.84e-04,126011,2026-09-11 18:39:33
7780,0.130,254935040,3.7439,,6.84e-04,125869,2026-09-11 18:39:39
7800,0.130,255590400,3.7419,,6.84e-04,125916,2026-09-11 18:39:44
7820,0.131,256245760,3.7404,,6.84e-04,126121,2026-09-11 18:39:49
7840,0.131,256901120,3.7383,,6.84e-04,126010,2026-09-11 18:39:54
7860,0.131,257556480,3.7363,,6.84e-04,126105,2026-09-11 18:39:59
7880,0.132,258211840,3.7343,,6.83e-04,126006,2026-09-11 18:40:05
7900,0.132,258867200,3.7323,,6.83e-04,125971,2026-09-11 18:40:10
7920,0.132,259522560,3.7306,,6.83e-04,126011,2026-09-11 18:40:15
7940,0.133,260177920,3.7295,,6.83e-04,126191,2026-09-11 18:40:20
7960,0.133,260833280,3.7283,,6.83e-04,126162,2026-09-11 18:40:25
7980,0.133,261488640,3.7270,,6.83e-04,126111,2026-09-11 18:40:31
8000,0.134,262144000,3.7255,,6.83e-04,126048,2026-09-11 18:40:36
8020,0.134,262799360,3.7238,,6.83e-04,125930,2026-09-11 18:40:41
8040,0.134,263454720,3.7224,,6.83e-04,126011,2026-09-11 18:40:46
8060,0.135,264110080,3.7201,,6.82e-04,126095,2026-09-11 18:40:52
8080,0.135,264765440,3.7175,,6.82e-04,126088,2026-09-11 18:40:57
8100,0.135,265420800,3.7165,,6.82e-04,126096,2026-09-11 18:41:02
8120,0.136,266076160,3.7142,,6.82e-04,126001,2026-09-11 18:41:07
8140,0.136,266731520,3.7122,,6.82e-04,125784,2026-09-11 18:41:12
8160,0.136,267386880,3.7101,,6.82e-04,125899,2026-09-11 18:41:18
8180,0.137,268042240,3.7077,,6.82e-04,125989,2026-09-11 18:41:23
8200,0.137,268697600,3.7054,,6.82e-04,126040,2026-09-11 18:41:28
8220,0.137,269352960,3.7033,,6.81e-04,126014,2026-09-11 18:41:33
8240,0.138,270008320,3.7022,,6.81e-04,126017,2026-09-11 18:41:38
8260,0.138,270663680,3.7004,,6.81e-04,126073,2026-09-11 18:41:44
8280,0.138,271319040,3.6984,,6.81e-04,125924,2026-09-11 18:41:49
8300,0.139,271974400,3.6965,,6.81e-04,126033,2026-09-11 18:41:54
8320,0.139,272629760,3.6951,,6.81e-04,126103,2026-09-11 18:41:59
8340,0.139,273285120,3.6933,,6.81e-04,126087,2026-09-11 18:42:05
8360,0.140,273940480,3.6905,,6.81e-04,126109,2026-09-11 18:42:10
8380,0.140,274595840,3.6889,,6.81e-04,125923,2026-09-11 18:42:15
8400,0.140,275251200,3.6876,,6.80e-04,125982,2026-09-11 18:42:20
8420,0.141,275906560,3.6854,,6.80e-04,126060,2026-09-11 18:42:25
8440,0.141,276561920,3.6829,,6.80e-04,126041,2026-09-11 18:42:31
8460,0.141,277217280,3.6816,,6.80e-04,126059,2026-09-11 18:42:36
8480,0.142,277872640,3.6801,,6.80e-04,125981,2026-09-11 18:42:41
8500,0.142,278528000,3.6777,,6.80e-04,126021,2026-09-11 18:42:46
8520,0.142,279183360,3.6764,,6.80e-04,126074,2026-09-11 18:42:52
8540,0.143,279838720,3.6746,,6.80e-04,126192,2026-09-11 18:42:57
8560,0.143,280494080,3.6717,,6.79e-04,126166,2026-09-11 18:43:02
8580,0.143,281149440,3.6700,,6.79e-04,126158,2026-09-11 18:43:07
8600,0.144,281804800,3.6689,,6.79e-04,126084,2026-09-11 18:43:12
8620,0.144,282460160,3.6672,,6.79e-04,126060,2026-09-11 18:43:18
8640,0.144,283115520,3.6658,,6.79e-04,126117,2026-09-11 18:43:23
8660,0.145,283770880,3.6647,,6.79e-04,126194,2026-09-11 18:43:28
8680,0.145,284426240,3.6634,,6.79e-04,126171,2026-09-11 18:43:33
8700,0.145,285081600,3.6618,,6.79e-04,125963,2026-09-11 18:43:38
8720,0.146,285736960,3.6600,,6.78e-04,126025,2026-09-11 18:43:44
8740,0.146,286392320,3.6583,,6.78e-04,126148,2026-09-11 18:43:49
8760,0.146,287047680,3.6568,,6.78e-04,126131,2026-09-11 18:43:54
8780,0.147,287703040,3.6555,,6.78e-04,126117,2026-09-11 18:43:59
8800,0.147,288358400,3.6545,,6.78e-04,126112,2026-09-11 18:44:04
8820,0.147,289013760,3.6529,,6.78e-04,125975,2026-09-11 18:44:10
8840,0.148,289669120,3.6507,,6.78e-04,125953,2026-09-11 18:44:15
8860,0.148,290324480,3.6501,,6.78e-04,125781,2026-09-11 18:44:20
8880,0.148,290979840,3.6488,,6.77e-04,125915,2026-09-11 18:44:25
8900,0.149,291635200,3.6477,,6.77e-04,126122,2026-09-11 18:44:31
8920,0.149,292290560,3.6456,,6.77e-04,126093,2026-09-11 18:44:36
8940,0.149,292945920,3.6445,,6.77e-04,125956,2026-09-11 18:44:41
8960,0.150,293601280,3.6434,,6.77e-04,125950,2026-09-11 18:44:46
8980,0.150,294256640,3.6422,,6.77e-04,125860,2026-09-11 18:44:51
9000,0.150,294912000,3.6410,,6.77e-04,126018,2026-09-11 18:44:57
9020,0.151,295567360,3.6390,,6.76e-04,126198,2026-09-11 18:45:02
9040,0.151,296222720,3.6374,,6.76e-04,126185,2026-09-11 18:45:07
9060,0.151,296878080,3.6367,,6.76e-04,126038,2026-09-11 18:45:12
9080,0.152,297533440,3.6351,,6.76e-04,125990,2026-09-11 18:45:18
9100,0.152,298188800,3.6334,,6.76e-04,126109,2026-09-11 18:45:23
9120,0.152,298844160,3.6325,,6.76e-04,126131,2026-09-11 18:45:28
9140,0.153,299499520,3.6306,,6.76e-04,126098,2026-09-11 18:45:33
9160,0.153,300154880,3.6294,,6.76e-04,126106,2026-09-11 18:45:38
9180,0.153,300810240,3.6276,,6.75e-04,125786,2026-09-11 18:45:44
9200,0.154,301465600,3.6269,,6.75e-04,125924,2026-09-11 18:45:49
9220,0.154,302120960,3.6252,,6.75e-04,126091,2026-09-11 18:45:54
9240,0.154,302776320,3.6237,,6.75e-04,126144,2026-09-11 18:45:59
9260,0.155,303431680,3.6223,,6.75e-04,125993,2026-09-11 18:46:04
9280,0.155,304087040,3.6209,,6.75e-04,126036,2026-09-11 18:46:10
9300,0.155,304742400,3.6200,,6.75e-04,125998,2026-09-11 18:46:15
9320,0.156,305397760,3.6181,,6.74e-04,126047,2026-09-11 18:46:20
9340,0.156,306053120,3.6164,,6.74e-04,126100,2026-09-11 18:46:25
9360,0.156,306708480,3.6159,,6.74e-04,126089,2026-09-11 18:46:31
9380,0.157,307363840,3.6149,,6.74e-04,126229,2026-09-11 18:46:36
9400,0.157,308019200,3.6134,,6.74e-04,126145,2026-09-11 18:46:41
9420,0.157,308674560,3.6122,,6.74e-04,125983,2026-09-11 18:46:46
9440,0.158,309329920,3.6110,,6.74e-04,126103,2026-09-11 18:46:51
9460,0.158,309985280,3.6104,,6.73e-04,126207,2026-09-11 18:46:57
9480,0.158,310640640,3.6086,,6.73e-04,126181,2026-09-11 18:47:02
9500,0.159,311296000,3.6066,,6.73e-04,125952,2026-09-11 18:47:07
9520,0.159,311951360,3.6051,,6.73e-04,125993,2026-09-11 18:47:12
9540,0.159,312606720,3.6043,,6.73e-04,125970,2026-09-11 18:47:17
9560,0.160,313262080,3.6028,,6.73e-04,126049,2026-09-11 18:47:23
9580,0.160,313917440,3.6016,,6.73e-04,126156,2026-09-11 18:47:28
9600,0.160,314572800,3.6003,,6.72e-04,126070,2026-09-11 18:47:33
9620,0.161,315228160,3.5992,,6.72e-04,126088,2026-09-11 18:47:38
9640,0.161,315883520,3.5979,,6.72e-04,126114,2026-09-11 18:47:44
9660,0.161,316538880,3.5968,,6.72e-04,126048,2026-09-11 18:47:49
9680,0.162,317194240,3.5950,,6.72e-04,126067,2026-09-11 18:47:54
9700,0.162,317849600,3.5943,,6.72e-04,126129,2026-09-11 18:47:59
9720,0.162,318504960,3.5931,,6.72e-04,126098,2026-09-11 18:48:04
9740,0.163,319160320,3.5920,,6.71e-04,126101,2026-09-11 18:48:10
9760,0.163,319815680,3.5908,,6.71e-04,125984,2026-09-11 18:48:15
9780,0.163,320471040,3.5896,,6.71e-04,126017,2026-09-11 18:48:20
9800,0.164,321126400,3.5886,,6.71e-04,126091,2026-09-11 18:48:25
9820,0.164,321781760,3.5873,,6.71e-04,126190,2026-09-11 18:48:30
9840,0.164,322437120,3.5863,,6.71e-04,126198,2026-09-11 18:48:36
9860,0.165,323092480,3.5857,,6.71e-04,126117,2026-09-11 18:48:41
9880,0.165,323747840,3.5849,,6.70e-04,126078,2026-09-11 18:48:46
9900,0.165,324403200,3.5839,,6.70e-04,125954,2026-09-11 18:48:51
9920,0.166,325058560,3.5824,,6.70e-04,125934,2026-09-11 18:48:57
9940,0.166,325713920,3.5807,,6.70e-04,126182,2026-09-11 18:49:02
9960,0.166,326369280,3.5804,,6.70e-04,126100,2026-09-11 18:49:07
9980,0.167,327024640,3.5803,,6.70e-04,126068,2026-09-11 18:49:12
10000,0.167,327680000,3.5797,,6.70e-04,126035,2026-09-11 18:49:17
10000,0.167,327680000,3.5797,3.4535,6.70e-04,,2026-09-11 18:49:36
10020,0.167,328335360,3.5794,,6.69e-04,126568,2026-09-11 18:49:41
10040,0.168,328990720,3.5785,,6.69e-04,126635,2026-09-11 18:49:47
10060,0.168,329646080,3.5780,,6.69e-04,126628,2026-09-11 18:49:52
10080,0.168,330301440,3.5764,,6.69e-04,126651,2026-09-11 18:49:57
10100,0.169,330956800,3.5751,,6.69e-04,126435,2026-09-11 18:50:02
10120,0.169,331612160,3.5743,,6.69e-04,126355,2026-09-11 18:50:07
10140,0.169,332267520,3.5728,,6.68e-04,126289,2026-09-11 18:50:13
10160,0.170,332922880,3.5716,,6.68e-04,126240,2026-09-11 18:50:18
10180,0.170,333578240,3.5712,,6.68e-04,126270,2026-09-11 18:50:23
10200,0.170,334233600,3.5706,,6.68e-04,126288,2026-09-11 18:50:28
10220,0.171,334888960,3.5691,,6.68e-04,126269,2026-09-11 18:50:33
10240,0.171,335544320,3.5677,,6.68e-04,126268,2026-09-11 18:50:39
10260,0.171,336199680,3.5667,,6.68e-04,126151,2026-09-11 18:50:44
10280,0.172,336855040,3.5662,,6.67e-04,126168,2026-09-11 18:50:49
10300,0.172,337510400,3.5653,,6.67e-04,126272,2026-09-11 18:50:54
10320,0.172,338165760,3.5649,,6.67e-04,126292,2026-09-11 18:50:59
10340,0.173,338821120,3.5639,,6.67e-04,126151,2026-09-11 18:51:05
10360,0.173,339476480,3.5626,,6.67e-04,126034,2026-09-11 18:51:10
10380,0.173,340131840,3.5615,,6.67e-04,126215,2026-09-11 18:51:15
10400,0.174,340787200,3.5615,,6.66e-04,126238,2026-09-11 18:51:20
10420,0.174,341442560,3.5614,,6.66e-04,126187,2026-09-11 18:51:25
10440,0.174,342097920,3.5603,,6.66e-04,126228,2026-09-11 18:51:31
10460,0.175,342753280,3.5598,,6.66e-04,126189,2026-09-11 18:51:36
10480,0.175,343408640,3.5594,,6.66e-04,126178,2026-09-11 18:51:41
10500,0.175,344064000,3.5592,,6.66e-04,126205,2026-09-11 18:51:46
10520,0.176,344719360,3.5579,,6.66e-04,126137,2026-09-11 18:51:52
10540,0.176,345374720,3.5571,,6.65e-04,126220,2026-09-11 18:51:57
10560,0.176,346030080,3.5561,,6.65e-04,126224,2026-09-11 18:52:02
10580,0.177,346685440,3.5541,,6.65e-04,126226,2026-09-11 18:52:07
10600,0.177,347340800,3.5530,,6.65e-04,126188,2026-09-11 18:52:12
10620,0.177,347996160,3.5518,,6.65e-04,126115,2026-09-11 18:52:18
10640,0.178,348651520,3.5510,,6.65e-04,126146,2026-09-11 18:52:23
10660,0.178,349306880,3.5501,,6.64e-04,126190,2026-09-11 18:52:28
10680,0.178,349962240,3.5494,,6.64e-04,126223,2026-09-11 18:52:33
10700,0.179,350617600,3.5494,,6.64e-04,126164,2026-09-11 18:52:38
10720,0.179,351272960,3.5487,,6.64e-04,126170,2026-09-11 18:52:44
10740,0.179,351928320,3.5483,,6.64e-04,125955,2026-09-11 18:52:49
10760,0.180,352583680,3.5473,,6.64e-04,126023,2026-09-11 18:52:54
10780,0.180,353239040,3.5461,,6.63e-04,126016,2026-09-11 18:52:59
10800,0.180,353894400,3.5446,,6.63e-04,126053,2026-09-11 18:53:04
10820,0.181,354549760,3.5439,,6.63e-04,126108,2026-09-11 18:53:10
10840,0.181,355205120,3.5430,,6.63e-04,126005,2026-09-11 18:53:15
10860,0.181,355860480,3.5416,,6.63e-04,126050,2026-09-11 18:53:20
10880,0.182,356515840,3.5401,,6.63e-04,126036,2026-09-11 18:53:25
10900,0.182,357171200,3.5391,,6.62e-04,126088,2026-09-11 18:53:31
10920,0.182,357826560,3.5380,,6.62e-04,126133,2026-09-11 18:53:36
10940,0.183,358481920,3.5373,,6.62e-04,126147,2026-09-11 18:53:41
10960,0.183,359137280,3.5364,,6.62e-04,126130,2026-09-11 18:53:46
10980,0.183,359792640,3.5353,,6.62e-04,125957,2026-09-11 18:53:51
11000,0.184,360448000,3.5350,,6.62e-04,125935,2026-09-11 18:53:57
11020,0.184,361103360,3.5341,,6.61e-04,126032,2026-09-11 18:54:02
11040,0.184,361758720,3.5327,,6.61e-04,126038,2026-09-11 18:54:07
11060,0.185,362414080,3.5324,,6.61e-04,126095,2026-09-11 18:54:12
11080,0.185,363069440,3.5314,,6.61e-04,126144,2026-09-11 18:54:17
11100,0.185,363724800,3.5310,,6.61e-04,125767,2026-09-11 18:54:23
11120,0.186,364380160,3.5304,,6.61e-04,125876,2026-09-11 18:54:28
11140,0.186,365035520,3.5297,,6.60e-04,126152,2026-09-11 18:54:33
11160,0.186,365690880,3.5284,,6.60e-04,126146,2026-09-11 18:54:38
11180,0.187,366346240,3.5281,,6.60e-04,126161,2026-09-11 18:54:44
11200,0.187,367001600,3.5266,,6.60e-04,126133,2026-09-11 18:54:49
11220,0.187,367656960,3.5258,,6.60e-04,126006,2026-09-11 18:54:54
11240,0.188,368312320,3.5246,,6.60e-04,126076,2026-09-11 18:54:59
11260,0.188,368967680,3.5243,,6.59e-04,126015,2026-09-11 18:55:04
11280,0.188,369623040,3.5234,,6.59e-04,126042,2026-09-11 18:55:10
11300,0.189,370278400,3.5226,,6.59e-04,126120,2026-09-11 18:55:15
11320,0.189,370933760,3.5221,,6.59e-04,126130,2026-09-11 18:55:20
11340,0.189,371589120,3.5215,,6.59e-04,126198,2026-09-11 18:55:25
11360,0.190,372244480,3.5209,,6.59e-04,126183,2026-09-11 18:55:30
11380,0.190,372899840,3.5208,,6.58e-04,126256,2026-09-11 18:55:36
11400,0.190,373555200,3.5201,,6.58e-04,126233,2026-09-11 18:55:41
11420,0.191,374210560,3.5191,,6.58e-04,126172,2026-09-11 18:55:46
11440,0.191,374865920,3.5186,,6.58e-04,126181,2026-09-11 18:55:51
11460,0.191,375521280,3.5176,,6.58e-04,126251,2026-09-11 18:55:57
11480,0.192,376176640,3.5164,,6.58e-04,126179,2026-09-11 18:56:02
11500,0.192,376832000,3.5160,,6.57e-04,125924,2026-09-11 18:56:07
11520,0.192,377487360,3.5154,,6.57e-04,126004,2026-09-11 18:56:12
11540,0.193,378142720,3.5143,,6.57e-04,126052,2026-09-11 18:56:17
11560,0.193,378798080,3.5142,,6.57e-04,126081,2026-09-11 18:56:23
11580,0.193,379453440,3.5128,,6.57e-04,126140,2026-09-11 18:56:28
11600,0.194,380108800,3.5118,,6.56e-04,126187,2026-09-11 18:56:33
11620,0.194,380764160,3.5114,,6.56e-04,126327,2026-09-11 18:56:38
11640,0.194,381419520,3.5103,,6.56e-04,126277,2026-09-11 18:56:43
11660,0.195,382074880,3.5088,,6.56e-04,126277,2026-09-11 18:56:49
11680,0.195,382730240,3.5085,,6.56e-04,126225,2026-09-11 18:56:54
11700,0.195,383385600,3.5077,,6.56e-04,126289,2026-09-11 18:56:59
11720,0.196,384040960,3.5075,,6.55e-04,126235,2026-09-11 18:57:04
11740,0.196,384696320,3.5068,,6.55e-04,126119,2026-09-11 18:57:09
11760,0.196,385351680,3.5069,,6.55e-04,126133,2026-09-11 18:57:15
11780,0.197,386007040,3.5058,,6.55e-04,126125,2026-09-11 18:57:20
11800,0.197,386662400,3.5051,,6.55e-04,126114,2026-09-11 18:57:25
11820,0.197,387317760,3.5054,,6.54e-04,126061,2026-09-11 18:57:30
11840,0.198,387973120,3.5046,,6.54e-04,126073,2026-09-11 18:57:36
11860,0.198,388628480,3.5034,,6.54e-04,126192,2026-09-11 18:57:41
11880,0.198,389283840,3.5024,,6.54e-04,126173,2026-09-11 18:57:46
11900,0.199,389939200,3.5011,,6.54e-04,126010,2026-09-11 18:57:51
11920,0.199,390594560,3.5006,,6.54e-04,126066,2026-09-11 18:57:56
11940,0.199,391249920,3.5004,,6.53e-04,126046,2026-09-11 18:58:02
11960,0.200,391905280,3.4999,,6.53e-04,126021,2026-09-11 18:58:07
11980,0.200,392560640,3.4990,,6.53e-04,126126,2026-09-11 18:58:12
12000,0.200,393216000,3.4977,,6.53e-04,126093,2026-09-11 18:58:17
12020,0.201,393871360,3.4966,,6.53e-04,126121,2026-09-11 18:58:22
12040,0.201,394526720,3.4965,,6.52e-04,126028,2026-09-11 18:58:28
12060,0.201,395182080,3.4960,,6.52e-04,125875,2026-09-11 18:58:33
12080,0.202,395837440,3.4950,,6.52e-04,125853,2026-09-11 18:58:38
12100,0.202,396492800,3.4944,,6.52e-04,125882,2026-09-11 18:58:43
12120,0.202,397148160,3.4930,,6.52e-04,125869,2026-09-11 18:58:49
12140,0.203,397803520,3.4927,,6.52e-04,125802,2026-09-11 18:58:54
12160,0.203,398458880,3.4914,,6.51e-04,125828,2026-09-11 18:58:59
12180,0.203,399114240,3.4907,,6.51e-04,125815,2026-09-11 18:59:04
12200,0.204,399769600,3.4900,,6.51e-04,125822,2026-09-11 18:59:09
12220,0.204,400424960,3.4893,,6.51e-04,125921,2026-09-11 18:59:15
12240,0.204,401080320,3.4886,,6.51e-04,126066,2026-09-11 18:59:20
12260,0.205,401735680,3.4879,,6.50e-04,126171,2026-09-11 18:59:25
12280,0.205,402391040,3.4873,,6.50e-04,126116,2026-09-11 18:59:30
12300,0.205,403046400,3.4870,,6.50e-04,125924,2026-09-11 18:59:36
12320,0.206,403701760,3.4858,,6.50e-04,125996,2026-09-11 18:59:41
12340,0.206,404357120,3.4848,,6.50e-04,125952,2026-09-11 18:59:46
12360,0.206,405012480,3.4845,,6.49e-04,126070,2026-09-11 18:59:51
12380,0.207,405667840,3.4841,,6.49e-04,126180,2026-09-11 18:59:56
12400,0.207,406323200,3.4832,,6.49e-04,126170,2026-09-11 19:00:02
12420,0.207,406978560,3.4830,,6.49e-04,126034,2026-09-11 19:00:07
12440,0.208,407633920,3.4823,,6.49e-04,126102,2026-09-11 19:00:12
12460,0.208,408289280,3.4816,,6.49e-04,126246,2026-09-11 19:00:17
12480,0.208,408944640,3.4810,,6.48e-04,126241,2026-09-11 19:00:22
12500,0.209,409600000,3.4804,,6.48e-04,126246,2026-09-11 19:00:28
12520,0.209,410255360,3.4804,,6.48e-04,126172,2026-09-11 19:00:33
12540,0.209,410910720,3.4804,,6.48e-04,126133,2026-09-11 19:00:38
12560,0.210,411566080,3.4802,,6.48e-04,126017,2026-09-11 19:00:43
12580,0.210,412221440,3.4797,,6.47e-04,126079,2026-09-11 19:00:49
12600,0.210,412876800,3.4789,,6.47e-04,126034,2026-09-11 19:00:54
12620,0.211,413532160,3.4782,,6.47e-04,125660,2026-09-11 19:00:59
12640,0.211,414187520,3.4778,,6.47e-04,125888,2026-09-11 19:01:04
12660,0.211,414842880,3.4777,,6.47e-04,126053,2026-09-11 19:01:09
12680,0.212,415498240,3.4769,,6.46e-04,126061,2026-09-11 19:01:15
12700,0.212,416153600,3.4763,,6.46e-04,125901,2026-09-11 19:01:20
12720,0.212,416808960,3.4756,,6.46e-04,126033,2026-09-11 19:01:25
12740,0.213,417464320,3.4755,,6.46e-04,126174,2026-09-11 19:01:30
12760,0.213,418119680,3.4754,,6.46e-04,126011,2026-09-11 19:01:35
12780,0.213,418775040,3.4751,,6.45e-04,126043,2026-09-11 19:01:41
12800,0.214,419430400,3.4733,,6.45e-04,126081,2026-09-11 19:01:46
12820,0.214,420085760,3.4733,,6.45e-04,126019,2026-09-11 19:01:51
12840,0.214,420741120,3.4726,,6.45e-04,126033,2026-09-11 19:01:56
12860,0.215,421396480,3.4720,,6.45e-04,125968,2026-09-11 19:02:02
12880,0.215,422051840,3.4719,,6.44e-04,125871,2026-09-11 19:02:07
12900,0.215,422707200,3.4714,,6.44e-04,125930,2026-09-11 19:02:12
12920,0.216,423362560,3.4709,,6.44e-04,126026,2026-09-11 19:02:17
12940,0.216,424017920,3.4699,,6.44e-04,126237,2026-09-11 19:02:22
12960,0.216,424673280,3.4698,,6.44e-04,126237,2026-09-11 19:02:28
12980,0.217,425328640,3.4694,,6.43e-04,126031,2026-09-11 19:02:33
13000,0.217,425984000,3.4685,,6.43e-04,126017,2026-09-11 19:02:38
13020,0.217,426639360,3.4676,,6.43e-04,126215,2026-09-11 19:02:43
13040,0.218,427294720,3.4676,,6.43e-04,126144,2026-09-11 19:02:48
13060,0.218,427950080,3.4666,,6.43e-04,125967,2026-09-11 19:02:54
13080,0.218,428605440,3.4659,,6.42e-04,125950,2026-09-11 19:02:59
13100,0.219,429260800,3.4652,,6.42e-04,126052,2026-09-11 19:03:04
13120,0.219,429916160,3.4652,,6.42e-04,126188,2026-09-11 19:03:09
13140,0.219,430571520,3.4645,,6.42e-04,126111,2026-09-11 19:03:15
13160,0.220,431226880,3.4644,,6.42e-04,126027,2026-09-11 19:03:20
13180,0.220,431882240,3.4639,,6.41e-04,126111,2026-09-11 19:03:25
13200,0.220,432537600,3.4631,,6.41e-04,126165,2026-09-11 19:03:30
13220,0.221,433192960,3.4624,,6.41e-04,126248,2026-09-11 19:03:35
13240,0.221,433848320,3.4629,,6.41e-04,126249,2026-09-11 19:03:41
13260,0.221,434503680,3.4619,,6.41e-04,126250,2026-09-11 19:03:46
13280,0.222,435159040,3.4620,,6.40e-04,126157,2026-09-11 19:03:51
13300,0.222,435814400,3.4618,,6.40e-04,126154,2026-09-11 19:03:56
13320,0.222,436469760,3.4614,,6.40e-04,126199,2026-09-11 19:04:01
13340,0.223,437125120,3.4610,,6.40e-04,126164,2026-09-11 19:04:07
13360,0.223,437780480,3.4608,,6.40e-04,126174,2026-09-11 19:04:12
13380,0.223,438435840,3.4608,,6.39e-04,126133,2026-09-11 19:04:17
13400,0.224,439091200,3.4603,,6.39e-04,126154,2026-09-11 19:04:22
13420,0.224,439746560,3.4599,,6.39e-04,126163,2026-09-11 19:04:27
13440,0.224,440401920,3.4597,,6.39e-04,125979,2026-09-11 19:04:33
13460,0.225,441057280,3.4592,,6.39e-04,125999,2026-09-11 19:04:38
13480,0.225,441712640,3.4583,,6.38e-04,125937,2026-09-11 19:04:43
13500,0.225,442368000,3.4578,,6.38e-04,126276,2026-09-11 19:04:48
13520,0.226,443023360,3.4576,,6.38e-04,126247,2026-09-11 19:04:54
13540,0.226,443678720,3.4578,,6.38e-04,126127,2026-09-11 19:04:59
13560,0.226,444334080,3.4562,,6.38e-04,126030,2026-09-11 19:05:04
13580,0.227,444989440,3.4559,,6.37e-04,126278,2026-09-11 19:05:09
13600,0.227,445644800,3.4557,,6.37e-04,126248,2026-09-11 19:05:14
13620,0.227,446300160,3.4548,,6.37e-04,126234,2026-09-11 19:05:20
13640,0.228,446955520,3.4543,,6.37e-04,126192,2026-09-11 19:05:25
13660,0.228,447610880,3.4533,,6.36e-04,126113,2026-09-11 19:05:30
13680,0.228,448266240,3.4532,,6.36e-04,126133,2026-09-11 19:05:35
13700,0.229,448921600,3.4528,,6.36e-04,126065,2026-09-11 19:05:40
13720,0.229,449576960,3.4520,,6.36e-04,126081,2026-09-11 19:05:46
13740,0.229,450232320,3.4518,,6.36e-04,126130,2026-09-11 19:05:51
13760,0.230,450887680,3.4520,,6.35e-04,126159,2026-09-11 19:05:56
13780,0.230,451543040,3.4517,,6.35e-04,126161,2026-09-11 19:06:01
13800,0.230,452198400,3.4507,,6.35e-04,126197,2026-09-11 19:06:07
13820,0.231,452853760,3.4502,,6.35e-04,126230,2026-09-11 19:06:12
13840,0.231,453509120,3.4492,,6.35e-04,126231,2026-09-11 19:06:17
13860,0.231,454164480,3.4483,,6.34e-04,126172,2026-09-11 19:06:22
13880,0.232,454819840,3.4479,,6.34e-04,126078,2026-09-11 19:06:27
13900,0.232,455475200,3.4474,,6.34e-04,126149,2026-09-11 19:06:33
13920,0.232,456130560,3.4467,,6.34e-04,126134,2026-09-11 19:06:38
13940,0.233,456785920,3.4463,,6.33e-04,125819,2026-09-11 19:06:43
13960,0.233,457441280,3.4456,,6.33e-04,125917,2026-09-11 19:06:48
13980,0.233,458096640,3.4448,,6.33e-04,125950,2026-09-11 19:06:53
14000,0.234,458752000,3.4448,,6.33e-04,126084,2026-09-11 19:06:59
14020,0.234,459407360,3.4443,,6.33e-04,126192,2026-09-11 19:07:04
14040,0.234,460062720,3.4428,,6.32e-04,126182,2026-09-11 19:07:09
14060,0.235,460718080,3.4427,,6.32e-04,126079,2026-09-11 19:07:14
14080,0.235,461373440,3.4426,,6.32e-04,126077,2026-09-11 19:07:20
14100,0.235,462028800,3.4418,,6.32e-04,126181,2026-09-11 19:07:25
14120,0.236,462684160,3.4415,,6.32e-04,126183,2026-09-11 19:07:30
14140,0.236,463339520,3.4416,,6.31e-04,125957,2026-09-11 19:07:35
14160,0.236,463994880,3.4409,,6.31e-04,126030,2026-09-11 19:07:41
14180,0.237,464650240,3.4404,,6.31e-04,126208,2026-09-11 19:07:46
14200,0.237,465305600,3.4398,,6.31e-04,126185,2026-09-11 19:07:51
14220,0.237,465960960,3.4394,,6.30e-04,126138,2026-09-11 19:07:56
14240,0.238,466616320,3.4393,,6.30e-04,126112,2026-09-11 19:08:01
14260,0.238,467271680,3.4382,,6.30e-04,126067,2026-09-11 19:08:07
14280,0.238,467927040,3.4374,,6.30e-04,126101,2026-09-11 19:08:12
14300,0.239,468582400,3.4369,,6.30e-04,126181,2026-09-11 19:08:17
14320,0.239,469237760,3.4362,,6.29e-04,126220,2026-09-11 19:08:22
14340,0.239,469893120,3.4356,,6.29e-04,126205,2026-09-11 19:08:27
14360,0.240,470548480,3.4353,,6.29e-04,126218,2026-09-11 19:08:33
14380,0.240,471203840,3.4339,,6.29e-04,126071,2026-09-11 19:08:38
14400,0.240,471859200,3.4333,,6.28e-04,126119,2026-09-11 19:08:43
14420,0.241,472514560,3.4325,,6.28e-04,126034,2026-09-11 19:08:48
14440,0.241,473169920,3.4314,,6.28e-04,126105,2026-09-11 19:08:54
14460,0.241,473825280,3.4303,,6.28e-04,126161,2026-09-11 19:08:59
14480,0.242,474480640,3.4297,,6.28e-04,126115,2026-09-11 19:09:04
14500,0.242,475136000,3.4295,,6.27e-04,126167,2026-09-11 19:09:09
14520,0.242,475791360,3.4288,,6.27e-04,126201,2026-09-11 19:09:14
14540,0.243,476446720,3.4279,,6.27e-04,126030,2026-09-11 19:09:20
14560,0.243,477102080,3.4274,,6.27e-04,126033,2026-09-11 19:09:25
14580,0.243,477757440,3.4268,,6.26e-04,126112,2026-09-11 19:09:30
14600,0.244,478412800,3.4260,,6.26e-04,126077,2026-09-11 19:09:35
14620,0.244,479068160,3.4261,,6.26e-04,126200,2026-09-11 19:09:40
14640,0.244,479723520,3.4261,,6.26e-04,126197,2026-09-11 19:09:46
14660,0.245,480378880,3.4258,,6.26e-04,126191,2026-09-11 19:09:51
14680,0.245,481034240,3.4257,,6.25e-04,126112,2026-09-11 19:09:56
14700,0.245,481689600,3.4257,,6.25e-04,125979,2026-09-11 19:10:01
14720,0.246,482344960,3.4250,,6.25e-04,126011,2026-09-11 19:10:07
14740,0.246,483000320,3.4246,,6.25e-04,126004,2026-09-11 19:10:12
14760,0.246,483655680,3.4247,,6.24e-04,126142,2026-09-11 19:10:17
14780,0.247,484311040,3.4242,,6.24e-04,126067,2026-09-11 19:10:22
14800,0.247,484966400,3.4239,,6.24e-04,126138,2026-09-11 19:10:27
14820,0.247,485621760,3.4228,,6.24e-04,126064,2026-09-11 19:10:33
14840,0.248,486277120,3.4227,,6.24e-04,126139,2026-09-11 19:10:38
14860,0.248,486932480,3.4216,,6.23e-04,126222,2026-09-11 19:10:43
14880,0.248,487587840,3.4210,,6.23e-04,126012,2026-09-11 19:10:48
14900,0.249,488243200,3.4201,,6.23e-04,126124,2026-09-11 19:10:53
14920,0.249,488898560,3.4197,,6.23e-04,126168,2026-09-11 19:10:59
14940,0.249,489553920,3.4191,,6.22e-04,126170,2026-09-11 19:11:04
14960,0.250,490209280,3.4190,,6.22e-04,126195,2026-09-11 19:11:09
14980,0.250,490864640,3.4184,,6.22e-04,126177,2026-09-11 19:11:14
15000,0.250,491520000,3.4183,,6.22e-04,126194,2026-09-11 19:11:19
15000,0.250,491520000,3.4183,3.3596,6.22e-04,,2026-09-11 19:11:38
15020,0.251,492175360,3.4186,,6.21e-04,126526,2026-09-11 19:11:44
15040,0.251,492830720,3.4185,,6.21e-04,126482,2026-09-11 19:11:49
15060,0.251,493486080,3.4181,,6.21e-04,126403,2026-09-11 19:11:54
15080,0.252,494141440,3.4175,,6.21e-04,126366,2026-09-11 19:11:59
15100,0.252,494796800,3.4171,,6.21e-04,126368,2026-09-11 19:12:04
15120,0.252,495452160,3.4168,,6.20e-04,126403,2026-09-11 19:12:10
15140,0.253,496107520,3.4165,,6.20e-04,126162,2026-09-11 19:12:15
15160,0.253,496762880,3.4163,,6.20e-04,126171,2026-09-11 19:12:20
15180,0.253,497418240,3.4164,,6.20e-04,126417,2026-09-11 19:12:25
15200,0.254,498073600,3.4163,,6.19e-04,126404,2026-09-11 19:12:30
15220,0.254,498728960,3.4159,,6.19e-04,126380,2026-09-11 19:12:36
15240,0.254,499384320,3.4154,,6.19e-04,126342,2026-09-11 19:12:41
15260,0.255,500039680,3.4151,,6.19e-04,126321,2026-09-11 19:12:46
15280,0.255,500695040,3.4152,,6.18e-04,126241,2026-09-11 19:12:51
15300,0.255,501350400,3.4136,,6.18e-04,126283,2026-09-11 19:12:57
15320,0.256,502005760,3.4122,,6.18e-04,126253,2026-09-11 19:13:02
15340,0.256,502661120,3.4125,,6.18e-04,126070,2026-09-11 19:13:07
15360,0.256,503316480,3.4130,,6.17e-04,126111,2026-09-11 19:13:12
15380,0.257,503971840,3.4121,,6.17e-04,126134,2026-09-11 19:13:17
15400,0.257,504627200,3.4119,,6.17e-04,126198,2026-09-11 19:13:23
15420,0.257,505282560,3.4113,,6.17e-04,125919,2026-09-11 19:13:28
15440,0.258,505937920,3.4113,,6.17e-04,126109,2026-09-11 19:13:33
15460,0.258,506593280,3.4105,,6.16e-04,126309,2026-09-11 19:13:38
15480,0.258,507248640,3.4095,,6.16e-04,126346,2026-09-11 19:13:43
15500,0.259,507904000,3.4089,,6.16e-04,126337,2026-09-11 19:13:49
15520,0.259,508559360,3.4082,,6.16e-04,126228,2026-09-11 19:13:54
15540,0.259,509214720,3.4076,,6.15e-04,126144,2026-09-11 19:13:59
15560,0.260,509870080,3.4075,,6.15e-04,126233,2026-09-11 19:14:04
15580,0.260,510525440,3.4071,,6.15e-04,126257,2026-09-11 19:14:09
15600,0.260,511180800,3.4069,,6.15e-04,126208,2026-09-11 19:14:15
15620,0.261,511836160,3.4066,,6.14e-04,126080,2026-09-11 19:14:20
15640,0.261,512491520,3.4064,,6.14e-04,126005,2026-09-11 19:14:25
15660,0.262,513146880,3.4059,,6.14e-04,126165,2026-09-11 19:14:30
15680,0.262,513802240,3.4055,,6.14e-04,126096,2026-09-11 19:14:35
15700,0.262,514457600,3.4055,,6.13e-04,126268,2026-09-11 19:14:41
15720,0.263,515112960,3.4050,,6.13e-04,126166,2026-09-11 19:14:46
15740,0.263,515768320,3.4048,,6.13e-04,126083,2026-09-11 19:14:51
15760,0.263,516423680,3.4046,,6.13e-04,126067,2026-09-11 19:14:56
15780,0.264,517079040,3.4037,,6.12e-04,126173,2026-09-11 19:15:02
15800,0.264,517734400,3.4033,,6.12e-04,126203,2026-09-11 19:15:07
15820,0.264,518389760,3.4029,,6.12e-04,126228,2026-09-11 19:15:12
15840,0.265,519045120,3.4026,,6.12e-04,126221,2026-09-11 19:15:17
15860,0.265,519700480,3.4022,,6.11e-04,126087,2026-09-11 19:15:22
15880,0.265,520355840,3.4019,,6.11e-04,126111,2026-09-11 19:15:28
15900,0.266,521011200,3.4016,,6.11e-04,126160,2026-09-11 19:15:33
15920,0.266,521666560,3.4010,,6.11e-04,126112,2026-09-11 19:15:38
15940,0.266,522321920,3.4010,,6.10e-04,126136,2026-09-11 19:15:43
15960,0.267,522977280,3.3997,,6.10e-04,126150,2026-09-11 19:15:48
15980,0.267,523632640,3.3996,,6.10e-04,126081,2026-09-11 19:15:54
16000,0.267,524288000,3.3992,,6.10e-04,126139,2026-09-11 19:15:59
16020,0.268,524943360,3.3989,,6.10e-04,126166,2026-09-11 19:16:04
16040,0.268,525598720,3.3979,,6.09e-04,126202,2026-09-11 19:16:09
16060,0.268,526254080,3.3970,,6.09e-04,126193,2026-09-11 19:16:14
16080,0.269,526909440,3.3969,,6.09e-04,126213,2026-09-11 19:16:20
16100,0.269,527564800,3.3963,,6.09e-04,126253,2026-09-11 19:16:25
16120,0.269,528220160,3.3948,,6.08e-04,126252,2026-09-11 19:16:30
16140,0.270,528875520,3.3947,,6.08e-04,126009,2026-09-11 19:16:36
16160,0.270,529530880,3.3950,,6.08e-04,126113,2026-09-11 19:16:41
16180,0.270,530186240,3.3941,,6.08e-04,126271,2026-09-11 19:16:46
16200,0.271,530841600,3.3934,,6.07e-04,126182,2026-09-11 19:16:51
16220,0.271,531496960,3.3931,,6.07e-04,126066,2026-09-11 19:16:56
16240,0.271,532152320,3.3929,,6.07e-04,126151,2026-09-11 19:17:02
16260,0.272,532807680,3.3923,,6.07e-04,126224,2026-09-11 19:17:07
16280,0.272,533463040,3.3915,,6.06e-04,126227,2026-09-11 19:17:12
16300,0.272,534118400,3.3916,,6.06e-04,126234,2026-09-11 19:17:17
16320,0.273,534773760,3.3907,,6.06e-04,126179,2026-09-11 19:17:22
16340,0.273,535429120,3.3899,,6.06e-04,126246,2026-09-11 19:17:28
16360,0.273,536084480,3.3895,,6.05e-04,126212,2026-09-11 19:17:33
16380,0.274,536739840,3.3891,,6.05e-04,126327,2026-09-11 19:17:38
16400,0.274,537395200,3.3878,,6.05e-04,126325,2026-09-11 19:17:43
16420,0.274,538050560,3.3872,,6.05e-04,126171,2026-09-11 19:17:49
16440,0.275,538705920,3.3870,,6.04e-04,126111,2026-09-11 19:17:54
16460,0.275,539361280,3.3869,,6.04e-04,126152,2026-09-11 19:17:59
16480,0.275,540016640,3.3862,,6.04e-04,126123,2026-09-11 19:18:04
16500,0.276,540672000,3.3856,,6.04e-04,126188,2026-09-11 19:18:09
16520,0.276,541327360,3.3857,,6.03e-04,126114,2026-09-11 19:18:15
16540,0.276,541982720,3.3852,,6.03e-04,126163,2026-09-11 19:18:20
16560,0.277,542638080,3.3854,,6.03e-04,126184,2026-09-11 19:18:25
16580,0.277,543293440,3.3855,,6.03e-04,126007,2026-09-11 19:18:30
16600,0.277,543948800,3.3850,,6.02e-04,126086,2026-09-11 19:18:35
16620,0.278,544604160,3.3850,,6.02e-04,126202,2026-09-11 19:18:41
16640,0.278,545259520,3.3844,,6.02e-04,126226,2026-09-11 19:18:46
16660,0.278,545914880,3.3839,,6.02e-04,126338,2026-09-11 19:18:51
16680,0.279,546570240,3.3839,,6.01e-04,126316,2026-09-11 19:18:56
16700,0.279,547225600,3.3832,,6.01e-04,126323,2026-09-11 19:19:01
16720,0.279,547880960,3.3830,,6.01e-04,126096,2026-09-11 19:19:07
16740,0.280,548536320,3.3835,,6.00e-04,126079,2026-09-11 19:19:12
16760,0.280,549191680,3.3833,,6.00e-04,126120,2026-09-11 19:19:17
16780,0.280,549847040,3.3831,,6.00e-04,126113,2026-09-11 19:19:22
16800,0.281,550502400,3.3829,,6.00e-04,126099,2026-09-11 19:19:28
16820,0.281,551157760,3.3825,,5.99e-04,126235,2026-09-11 19:19:33
16840,0.281,551813120,3.3818,,5.99e-04,126253,2026-09-11 19:19:38
16860,0.282,552468480,3.3811,,5.99e-04,126188,2026-09-11 19:19:43
16880,0.282,553123840,3.3802,,5.99e-04,126186,2026-09-11 19:19:48
16900,0.282,553779200,3.3792,,5.98e-04,126143,2026-09-11 19:19:54
16920,0.283,554434560,3.3792,,5.98e-04,126200,2026-09-11 19:19:59
16940,0.283,555089920,3.3785,,5.98e-04,126193,2026-09-11 19:20:04
16960,0.283,555745280,3.3781,,5.98e-04,126244,2026-09-11 19:20:09
16980,0.284,556400640,3.3771,,5.97e-04,126362,2026-09-11 19:20:14
17000,0.284,557056000,3.3773,,5.97e-04,126245,2026-09-11 19:20:20
17020,0.284,557711360,3.3782,,5.97e-04,126173,2026-09-11 19:20:25
17040,0.285,558366720,3.3780,,5.97e-04,126094,2026-09-11 19:20:30
17060,0.285,559022080,3.3780,,5.96e-04,126230,2026-09-11 19:20:35
17080,0.285,559677440,3.3776,,5.96e-04,126262,2026-09-11 19:20:40
17100,0.286,560332800,3.3771,,5.96e-04,126299,2026-09-11 19:20:46
17120,0.286,560988160,3.3765,,5.96e-04,126049,2026-09-11 19:20:51
17140,0.286,561643520,3.3765,,5.95e-04,126126,2026-09-11 19:20:56
17160,0.287,562298880,3.3760,,5.95e-04,125963,2026-09-11 19:21:01
17180,0.287,562954240,3.3750,,5.95e-04,126287,2026-09-11 19:21:07
17200,0.287,563609600,3.3752,,5.95e-04,126282,2026-09-11 19:21:12
17220,0.288,564264960,3.3754,,5.94e-04,126264,2026-09-11 19:21:17
17240,0.288,564920320,3.3748,,5.94e-04,126240,2026-09-11 19:21:22
17260,0.288,565575680,3.3743,,5.94e-04,126441,2026-09-11 19:21:27
17280,0.289,566231040,3.3743,,5.93e-04,126409,2026-09-11 19:21:33
17300,0.289,566886400,3.3741,,5.93e-04,126337,2026-09-11 19:21:38
17320,0.289,567541760,3.3732,,5.93e-04,126381,2026-09-11 19:21:43
17340,0.290,568197120,3.3728,,5.93e-04,126463,2026-09-11 19:21:48
17360,0.290,568852480,3.3723,,5.92e-04,126491,2026-09-11 19:21:53
17380,0.290,569507840,3.3720,,5.92e-04,126484,2026-09-11 19:21:59
17400,0.291,570163200,3.3721,,5.92e-04,126501,2026-09-11 19:22:04
17420,0.291,570818560,3.3721,,5.92e-04,126482,2026-09-11 19:22:09
17440,0.291,571473920,3.3725,,5.91e-04,126477,2026-09-11 19:22:14
17460,0.292,572129280,3.3724,,5.91e-04,126488,2026-09-11 19:22:19
17480,0.292,572784640,3.3722,,5.91e-04,126466,2026-09-11 19:22:24
17500,0.292,573440000,3.3731,,5.91e-04,126411,2026-09-11 19:22:30
17520,0.293,574095360,3.3732,,5.90e-04,126437,2026-09-11 19:22:35
17540,0.293,574750720,3.3734,,5.90e-04,126421,2026-09-11 19:22:40
17560,0.293,575406080,3.3732,,5.90e-04,126387,2026-09-11 19:22:45
17580,0.294,576061440,3.3728,,5.90e-04,126294,2026-09-11 19:22:51
17600,0.294,576716800,3.3720,,5.89e-04,126373,2026-09-11 19:22:56
17620,0.294,577372160,3.3709,,5.89e-04,126478,2026-09-11 19:23:01
17640,0.295,578027520,3.3708,,5.89e-04,126405,2026-09-11 19:23:06
17660,0.295,578682880,3.3703,,5.88e-04,126435,2026-09-11 19:23:11
17680,0.295,579338240,3.3700,,5.88e-04,126400,2026-09-11 19:23:16
17700,0.296,579993600,3.3701,,5.88e-04,126393,2026-09-11 19:23:22
17720,0.296,580648960,3.3699,,5.88e-04,126388,2026-09-11 19:23:27
17740,0.296,581304320,3.3692,,5.87e-04,126407,2026-09-11 19:23:32
17760,0.297,581959680,3.3695,,5.87e-04,126252,2026-09-11 19:23:37
17780,0.297,582615040,3.3689,,5.87e-04,126168,2026-09-11 19:23:43
17800,0.297,583270400,3.3685,,5.87e-04,126167,2026-09-11 19:23:48
17820,0.298,583925760,3.3686,,5.86e-04,126125,2026-09-11 19:23:53
17840,0.298,584581120,3.3690,,5.86e-04,126121,2026-09-11 19:23:58
17860,0.298,585236480,3.3688,,5.86e-04,125908,2026-09-11 19:24:03
17880,0.299,585891840,3.3684,,5.85e-04,125951,2026-09-11 19:24:09
17900,0.299,586547200,3.3687,,5.85e-04,126086,2026-09-11 19:24:14
17920,0.299,587202560,3.3684,,5.85e-04,126055,2026-09-11 19:24:19
17940,0.300,587857920,3.3685,,5.85e-04,125935,2026-09-11 19:24:24
17960,0.300,588513280,3.3679,,5.84e-04,126034,2026-09-11 19:24:29
17980,0.300,589168640,3.3676,,5.84e-04,125923,2026-09-11 19:24:35
18000,0.301,589824000,3.3670,,5.84e-04,126063,2026-09-11 19:24:40
18020,0.301,590479360,3.3660,,5.84e-04,126117,2026-09-11 19:24:45
18040,0.301,591134720,3.3653,,5.83e-04,126045,2026-09-11 19:24:50
18060,0.302,591790080,3.3649,,5.83e-04,126240,2026-09-11 19:24:56
18080,0.302,592445440,3.3648,,5.83e-04,126176,2026-09-11 19:25:01
18100,0.302,593100800,3.3645,,5.83e-04,126101,2026-09-11 19:25:06
18120,0.303,593756160,3.3639,,5.82e-04,125990,2026-09-11 19:25:11
18140,0.303,594411520,3.3633,,5.82e-04,126136,2026-09-11 19:25:16
18160,0.303,595066880,3.3620,,5.82e-04,126174,2026-09-11 19:25:22
18180,0.304,595722240,3.3624,,5.81e-04,126165,2026-09-11 19:25:27
18200,0.304,596377600,3.3618,,5.81e-04,126117,2026-09-11 19:25:32
18220,0.304,597032960,3.3617,,5.81e-04,125957,2026-09-11 19:25:37
18240,0.305,597688320,3.3618,,5.81e-04,126001,2026-09-11 19:25:43
18260,0.305,598343680,3.3618,,5.80e-04,126225,2026-09-11 19:25:48
18280,0.305,598999040,3.3617,,5.80e-04,126225,2026-09-11 19:25:53
18300,0.306,599654400,3.3607,,5.80e-04,126182,2026-09-11 19:25:58
18320,0.306,600309760,3.3610,,5.79e-04,126211,2026-09-11 19:26:04
18340,0.306,600965120,3.3609,,5.79e-04,126237,2026-09-11 19:26:09
18360,0.307,601620480,3.3603,,5.79e-04,126237,2026-09-11 19:26:14
18380,0.307,602275840,3.3604,,5.79e-04,126265,2026-09-11 19:26:19
18400,0.307,602931200,3.3604,,5.78e-04,126195,2026-09-11 19:26:24
18420,0.308,603586560,3.3597,,5.78e-04,126033,2026-09-11 19:26:30
18440,0.308,604241920,3.3584,,5.78e-04,125874,2026-09-11 19:26:35
18460,0.308,604897280,3.3585,,5.78e-04,125982,2026-09-11 19:26:40
18480,0.309,605552640,3.3581,,5.77e-04,126047,2026-09-11 19:26:45
18500,0.309,606208000,3.3577,,5.77e-04,125919,2026-09-11 19:26:50
18520,0.309,606863360,3.3572,,5.77e-04,126097,2026-09-11 19:26:56
18540,0.310,607518720,3.3569,,5.76e-04,126152,2026-09-11 19:27:01
18560,0.310,608174080,3.3570,,5.76e-04,126179,2026-09-11 19:27:06
18580,0.310,608829440,3.3566,,5.76e-04,126006,2026-09-11 19:27:11
18600,0.311,609484800,3.3564,,5.76e-04,125967,2026-09-11 19:27:17
18620,0.311,610140160,3.3564,,5.75e-04,125880,2026-09-11 19:27:22
18640,0.311,610795520,3.3560,,5.75e-04,125829,2026-09-11 19:27:27
18660,0.312,611450880,3.3549,,5.75e-04,125803,2026-09-11 19:27:32
18680,0.312,612106240,3.3547,,5.74e-04,125963,2026-09-11 19:27:37
18700,0.312,612761600,3.3536,,5.74e-04,126242,2026-09-11 19:27:43
18720,0.313,613416960,3.3531,,5.74e-04,126199,2026-09-11 19:27:48
18740,0.313,614072320,3.3533,,5.74e-04,126238,2026-09-11 19:27:53
18760,0.313,614727680,3.3528,,5.73e-04,126221,2026-09-11 19:27:58
18780,0.314,615383040,3.3526,,5.73e-04,126211,2026-09-11 19:28:03
18800,0.314,616038400,3.3518,,5.73e-04,126219,2026-09-11 19:28:09
18820,0.314,616693760,3.3521,,5.73e-04,126202,2026-09-11 19:28:14
18840,0.315,617349120,3.3524,,5.72e-04,126116,2026-09-11 19:28:19
18860,0.315,618004480,3.3523,,5.72e-04,126269,2026-09-11 19:28:24
18880,0.315,618659840,3.3521,,5.72e-04,126266,2026-09-11 19:28:29
18900,0.316,619315200,3.3521,,5.71e-04,126352,2026-09-11 19:28:35
18920,0.316,619970560,3.3520,,5.71e-04,126251,2026-09-11 19:28:40
18940,0.316,620625920,3.3520,,5.71e-04,126297,2026-09-11 19:28:45
18960,0.317,621281280,3.3517,,5.71e-04,126257,2026-09-11 19:28:50
18980,0.317,621936640,3.3519,,5.70e-04,126292,2026-09-11 19:28:56
19000,0.317,622592000,3.3512,,5.70e-04,126188,2026-09-11 19:29:01
19020,0.318,623247360,3.3510,,5.70e-04,126011,2026-09-11 19:29:06
19040,0.318,623902720,3.3503,,5.69e-04,126007,2026-09-11 19:29:11
19060,0.318,624558080,3.3498,,5.69e-04,125684,2026-09-11 19:29:16
19080,0.319,625213440,3.3493,,5.69e-04,125784,2026-09-11 19:29:22
19100,0.319,625868800,3.3496,,5.69e-04,125777,2026-09-11 19:29:27
19120,0.319,626524160,3.3493,,5.68e-04,125825,2026-09-11 19:29:32
19140,0.320,627179520,3.3492,,5.68e-04,126090,2026-09-11 19:29:37
19160,0.320,627834880,3.3486,,5.68e-04,126198,2026-09-11 19:29:42
19180,0.320,628490240,3.3486,,5.67e-04,126160,2026-09-11 19:29:48
19200,0.321,629145600,3.3478,,5.67e-04,126135,2026-09-11 19:29:53
19220,0.321,629800960,3.3479,,5.67e-04,126116,2026-09-11 19:29:58
19240,0.321,630456320,3.3478,,5.67e-04,126101,2026-09-11 19:30:03
19260,0.322,631111680,3.3473,,5.66e-04,126049,2026-09-11 19:30:09
19280,0.322,631767040,3.3474,,5.66e-04,126058,2026-09-11 19:30:14
19300,0.322,632422400,3.3466,,5.66e-04,126364,2026-09-11 19:30:19
19320,0.323,633077760,3.3471,,5.65e-04,126298,2026-09-11 19:30:24
19340,0.323,633733120,3.3474,,5.65e-04,126296,2026-09-11 19:30:29
19360,0.323,634388480,3.3470,,5.65e-04,126290,2026-09-11 19:30:35
19380,0.324,635043840,3.3470,,5.65e-04,126115,2026-09-11 19:30:40
19400,0.324,635699200,3.3460,,5.64e-04,125964,2026-09-11 19:30:45
19420,0.324,636354560,3.3459,,5.64e-04,126190,2026-09-11 19:30:50
19440,0.325,637009920,3.3453,,5.64e-04,126180,2026-09-11 19:30:55
19460,0.325,637665280,3.3453,,5.63e-04,126047,2026-09-11 19:31:01
19480,0.325,638320640,3.3446,,5.63e-04,126124,2026-09-11 19:31:06
19500,0.326,638976000,3.3447,,5.63e-04,126381,2026-09-11 19:31:11
19520,0.326,639631360,3.3446,,5.63e-04,126270,2026-09-11 19:31:16
19540,0.326,640286720,3.3442,,5.62e-04,126227,2026-09-11 19:31:21
19560,0.327,640942080,3.3435,,5.62e-04,126236,2026-09-11 19:31:27
19580,0.327,641597440,3.3437,,5.62e-04,126037,2026-09-11 19:31:32
19600,0.327,642252800,3.3435,,5.61e-04,126067,2026-09-11 19:31:37
19620,0.328,642908160,3.3432,,5.61e-04,126323,2026-09-11 19:31:42
19640,0.328,643563520,3.3428,,5.61e-04,126237,2026-09-11 19:31:48
19660,0.328,644218880,3.3424,,5.60e-04,126036,2026-09-11 19:31:53
19680,0.329,644874240,3.3426,,5.60e-04,126146,2026-09-11 19:31:58
19700,0.329,645529600,3.3427,,5.60e-04,126339,2026-09-11 19:32:03
19720,0.329,646184960,3.3424,,5.60e-04,126246,2026-09-11 19:32:08
19740,0.330,646840320,3.3419,,5.59e-04,125693,2026-09-11 19:32:14
19760,0.330,647495680,3.3412,,5.59e-04,125894,2026-09-11 19:32:19
19780,0.330,648151040,3.3412,,5.59e-04,126193,2026-09-11 19:32:24
19800,0.331,648806400,3.3409,,5.58e-04,126159,2026-09-11 19:32:29
19820,0.331,649461760,3.3403,,5.58e-04,126120,2026-09-11 19:32:34
19840,0.331,650117120,3.3397,,5.58e-04,126129,2026-09-11 19:32:40
19860,0.332,650772480,3.3395,,5.58e-04,126150,2026-09-11 19:32:45
19880,0.332,651427840,3.3393,,5.57e-04,126143,2026-09-11 19:32:50
19900,0.332,652083200,3.3385,,5.57e-04,126264,2026-09-11 19:32:55
19920,0.333,652738560,3.3380,,5.57e-04,126329,2026-09-11 19:33:00
19940,0.333,653393920,3.3377,,5.56e-04,126423,2026-09-11 19:33:06
19960,0.333,654049280,3.3369,,5.56e-04,126409,2026-09-11 19:33:11
19980,0.334,654704640,3.3373,,5.56e-04,126409,2026-09-11 19:33:16
20000,0.334,655360000,3.3374,,5.55e-04,126352,2026-09-11 19:33:21
20000,0.334,655360000,3.3374,3.2999,5.55e-04,,2026-09-11 19:33:40
20020,0.334,656015360,3.3371,,5.55e-04,126525,2026-09-11 19:33:45
20040,0.335,656670720,3.3367,,5.55e-04,126622,2026-09-11 19:33:50
20060,0.335,657326080,3.3364,,5.55e-04,126360,2026-09-11 19:33:56
20080,0.335,657981440,3.3354,,5.54e-04,126513,2026-09-11 19:34:01
20100,0.336,658636800,3.3349,,5.54e-04,126669,2026-09-11 19:34:06
20120,0.336,659292160,3.3348,,5.54e-04,126504,2026-09-11 19:34:11
20140,0.336,659947520,3.3348,,5.53e-04,126378,2026-09-11 19:34:16
20160,0.337,660602880,3.3347,,5.53e-04,126414,2026-09-11 19:34:22
20180,0.337,661258240,3.3339,,5.53e-04,126341,2026-09-11 19:34:27
20200,0.337,661913600,3.3341,,5.53e-04,126286,2026-09-11 19:34:32
20220,0.338,662568960,3.3335,,5.52e-04,126186,2026-09-11 19:34:37
20240,0.338,663224320,3.3325,,5.52e-04,126249,2026-09-11 19:34:42
20260,0.338,663879680,3.3320,,5.52e-04,126545,2026-09-11 19:34:48
20280,0.339,664535040,3.3323,,5.51e-04,126499,2026-09-11 19:34:53
20300,0.339,665190400,3.3321,,5.51e-04,126280,2026-09-11 19:34:58
20320,0.339,665845760,3.3314,,5.51e-04,126350,2026-09-11 19:35:04
20340,0.340,666501120,3.3309,,5.50e-04,126326,2026-09-11 19:35:09
20360,0.340,667156480,3.3311,,5.50e-04,126352,2026-09-11 19:35:14
20380,0.340,667811840,3.3308,,5.50e-04,126163,2026-09-11 19:35:19
20400,0.341,668467200,3.3297,,5.50e-04,126321,2026-09-11 19:35:24
20420,0.341,669122560,3.3301,,5.49e-04,126350,2026-09-11 19:35:30
20440,0.341,669777920,3.3298,,5.49e-04,126278,2026-09-11 19:35:35
20460,0.342,670433280,3.3299,,5.49e-04,126365,2026-09-11 19:35:40
20480,0.342,671088640,3.3300,,5.48e-04,126389,2026-09-11 19:35:45
20500,0.342,671744000,3.3295,,5.48e-04,126106,2026-09-11 19:35:50
20520,0.343,672399360,3.3294,,5.48e-04,125998,2026-09-11 19:35:56
20540,0.343,673054720,3.3293,,5.47e-04,126233,2026-09-11 19:36:01
20560,0.343,673710080,3.3289,,5.47e-04,126210,2026-09-11 19:36:06
20580,0.344,674365440,3.3285,,5.47e-04,126263,2026-09-11 19:36:11
20600,0.344,675020800,3.3278,,5.47e-04,126272,2026-09-11 19:36:16
20620,0.344,675676160,3.3281,,5.46e-04,126321,2026-09-11 19:36:22
20640,0.345,676331520,3.3275,,5.46e-04,126245,2026-09-11 19:36:27
20660,0.345,676986880,3.3261,,5.46e-04,126330,2026-09-11 19:36:32
20680,0.345,677642240,3.3257,,5.45e-04,126395,2026-09-11 19:36:37
20700,0.346,678297600,3.3263,,5.45e-04,126454,2026-09-11 19:36:42
20720,0.346,678952960,3.3266,,5.45e-04,126272,2026-09-11 19:36:48
20740,0.346,679608320,3.3263,,5.44e-04,126384,2026-09-11 19:36:53
20760,0.347,680263680,3.3257,,5.44e-04,126415,2026-09-11 19:36:58
20780,0.347,680919040,3.3255,,5.44e-04,126258,2026-09-11 19:37:03
20800,0.347,681574400,3.3254,,5.44e-04,126249,2026-09-11 19:37:08
20820,0.348,682229760,3.3247,,5.43e-04,126202,2026-09-11 19:37:14
20840,0.348,682885120,3.3254,,5.43e-04,126095,2026-09-11 19:37:19
20860,0.348,683540480,3.3246,,5.43e-04,126235,2026-09-11 19:37:24
20880,0.349,684195840,3.3247,,5.42e-04,126176,2026-09-11 19:37:29
20900,0.349,684851200,3.3253,,5.42e-04,126108,2026-09-11 19:37:34
20920,0.349,685506560,3.3251,,5.42e-04,126123,2026-09-11 19:37:40
20940,0.350,686161920,3.3245,,5.41e-04,125897,2026-09-11 19:37:45
20960,0.350,686817280,3.3246,,5.41e-04,125956,2026-09-11 19:37:50
20980,0.350,687472640,3.3235,,5.41e-04,126044,2026-09-11 19:37:55
21000,0.351,688128000,3.3229,,5.40e-04,125990,2026-09-11 19:38:01
21020,0.351,688783360,3.3220,,5.40e-04,125729,2026-09-11 19:38:06
21040,0.351,689438720,3.3221,,5.40e-04,125752,2026-09-11 19:38:11
21060,0.352,690094080,3.3221,,5.40e-04,125584,2026-09-11 19:38:16
21080,0.352,690749440,3.3217,,5.39e-04,125768,2026-09-11 19:38:21
21100,0.352,691404800,3.3210,,5.39e-04,125880,2026-09-11 19:38:27
21120,0.353,692060160,3.3212,,5.39e-04,125934,2026-09-11 19:38:32
21140,0.353,692715520,3.3206,,5.38e-04,125792,2026-09-11 19:38:37
21160,0.353,693370880,3.3205,,5.38e-04,126069,2026-09-11 19:38:42
21180,0.354,694026240,3.3203,,5.38e-04,126390,2026-09-11 19:38:48
21200,0.354,694681600,3.3200,,5.37e-04,126360,2026-09-11 19:38:53
21220,0.354,695336960,3.3203,,5.37e-04,126343,2026-09-11 19:38:58
21240,0.355,695992320,3.3207,,5.37e-04,126294,2026-09-11 19:39:03
21260,0.355,696647680,3.3202,,5.36e-04,125864,2026-09-11 19:39:08
21280,0.355,697303040,3.3199,,5.36e-04,126044,2026-09-11 19:39:14
21300,0.356,697958400,3.3199,,5.36e-04,126209,2026-09-11 19:39:19
21320,0.356,698613760,3.3204,,5.36e-04,126181,2026-09-11 19:39:24
21340,0.356,699269120,3.3205,,5.35e-04,126111,2026-09-11 19:39:29
21360,0.357,699924480,3.3202,,5.35e-04,126211,2026-09-11 19:39:34
21380,0.357,700579840,3.3198,,5.35e-04,126266,2026-09-11 19:39:40
21400,0.357,701235200,3.3191,,5.34e-04,126306,2026-09-11 19:39:45
21420,0.358,701890560,3.3192,,5.34e-04,126275,2026-09-11 19:39:50
21440,0.358,702545920,3.3193,,5.34e-04,126214,2026-09-11 19:39:55
21460,0.358,703201280,3.3186,,5.33e-04,126099,2026-09-11 19:40:00
21480,0.359,703856640,3.3190,,5.33e-04,126195,2026-09-11 19:40:06
21500,0.359,704512000,3.3190,,5.33e-04,126226,2026-09-11 19:40:11
21520,0.359,705167360,3.3182,,5.32e-04,126200,2026-09-11 19:40:16
21540,0.360,705822720,3.3181,,5.32e-04,126248,2026-09-11 19:40:21
21560,0.360,706478080,3.3173,,5.32e-04,126280,2026-09-11 19:40:26
21580,0.360,707133440,3.3173,,5.32e-04,126189,2026-09-11 19:40:32
21600,0.361,707788800,3.3168,,5.31e-04,126153,2026-09-11 19:40:37
21620,0.361,708444160,3.3175,,5.31e-04,126315,2026-09-11 19:40:42
21640,0.361,709099520,3.3172,,5.31e-04,126275,2026-09-11 19:40:47
21660,0.362,709754880,3.3174,,5.30e-04,126097,2026-09-11 19:40:53
21680,0.362,710410240,3.3172,,5.30e-04,126184,2026-09-11 19:40:58
21700,0.362,711065600,3.3162,,5.30e-04,126348,2026-09-11 19:41:03
21720,0.363,711720960,3.3163,,5.29e-04,126340,2026-09-11 19:41:08
21740,0.363,712376320,3.3151,,5.29e-04,126164,2026-09-11 19:41:13
21760,0.363,713031680,3.3156,,5.29e-04,126151,2026-09-11 19:41:19
21780,0.364,713687040,3.3150,,5.28e-04,126086,2026-09-11 19:41:24
21800,0.364,714342400,3.3153,,5.28e-04,125618,2026-09-11 19:41:29
21820,0.364,714997760,3.3148,,5.28e-04,125993,2026-09-11 19:41:34
21840,0.365,715653120,3.3145,,5.27e-04,125964,2026-09-11 19:41:39
21860,0.365,716308480,3.3148,,5.27e-04,125504,2026-09-11 19:41:45
21880,0.365,716963840,3.3149,,5.27e-04,125672,2026-09-11 19:41:50
21900,0.366,717619200,3.3147,,5.27e-04,125887,2026-09-11 19:41:55
21920,0.366,718274560,3.3151,,5.26e-04,125799,2026-09-11 19:42:00
21940,0.366,718929920,3.3148,,5.26e-04,125799,2026-09-11 19:42:06
21960,0.367,719585280,3.3143,,5.26e-04,125937,2026-09-11 19:42:11
21980,0.367,720240640,3.3138,,5.25e-04,126284,2026-09-11 19:42:16
22000,0.367,720896000,3.3133,,5.25e-04,126293,2026-09-11 19:42:21
22020,0.368,721551360,3.3133,,5.25e-04,126177,2026-09-11 19:42:26
22040,0.368,722206720,3.3135,,5.24e-04,126168,2026-09-11 19:42:32
22060,0.368,722862080,3.3130,,5.24e-04,126245,2026-09-11 19:42:37
22080,0.369,723517440,3.3129,,5.24e-04,126281,2026-09-11 19:42:42
22100,0.369,724172800,3.3141,,5.23e-04,126251,2026-09-11 19:42:47
22120,0.369,724828160,3.3134,,5.23e-04,126253,2026-09-11 19:42:52
22140,0.370,725483520,3.3134,,5.23e-04,126264,2026-09-11 19:42:58
22160,0.370,726138880,3.3132,,5.22e-04,126259,2026-09-11 19:43:03
22180,0.370,726794240,3.3130,,5.22e-04,125867,2026-09-11 19:43:08
22200,0.371,727449600,3.3133,,5.22e-04,126036,2026-09-11 19:43:13
22220,0.371,728104960,3.3138,,5.21e-04,126172,2026-09-11 19:43:19
22240,0.371,728760320,3.3133,,5.21e-04,126172,2026-09-11 19:43:24
22260,0.372,729415680,3.3129,,5.21e-04,126224,2026-09-11 19:43:29
22280,0.372,730071040,3.3129,,5.21e-04,126277,2026-09-11 19:43:34
22300,0.372,730726400,3.3126,,5.20e-04,126203,2026-09-11 19:43:40
22320,0.373,731381760,3.3122,,5.20e-04,126180,2026-09-11 19:43:45
22340,0.373,732037120,3.3116,,5.20e-04,126097,2026-09-11 19:43:50
22360,0.373,732692480,3.3106,,5.19e-04,126120,2026-09-11 19:43:55
22380,0.374,733347840,3.3100,,5.19e-04,125955,2026-09-11 19:44:00
22400,0.374,734003200,3.3098,,5.19e-04,126055,2026-09-11 19:44:06
22420,0.374,734658560,3.3098,,5.18e-04,125600,2026-09-11 19:44:11
22440,0.375,735313920,3.3090,,5.18e-04,125733,2026-09-11 19:44:16
22460,0.375,735969280,3.3089,,5.18e-04,126036,2026-09-11 19:44:21
22480,0.375,736624640,3.3084,,5.17e-04,126002,2026-09-11 19:44:27
22500,0.376,737280000,3.3082,,5.17e-04,126305,2026-09-11 19:44:32
22520,0.376,737935360,3.3076,,5.17e-04,126277,2026-09-11 19:44:37
22540,0.376,738590720,3.3080,,5.16e-04,126224,2026-09-11 19:44:42
22560,0.377,739246080,3.3075,,5.16e-04,126233,2026-09-11 19:44:47
22580,0.377,739901440,3.3073,,5.16e-04,126321,2026-09-11 19:44:53
22600,0.377,740556800,3.3068,,5.15e-04,126153,2026-09-11 19:44:58
22620,0.378,741212160,3.3068,,5.15e-04,125970,2026-09-11 19:45:03
22640,0.378,741867520,3.3069,,5.15e-04,126101,2026-09-11 19:45:08
22660,0.378,742522880,3.3058,,5.14e-04,126318,2026-09-11 19:45:13
22680,0.379,743178240,3.3058,,5.14e-04,126303,2026-09-11 19:45:19
22700,0.379,743833600,3.3060,,5.14e-04,126245,2026-09-11 19:45:24
22720,0.379,744488960,3.3058,,5.13e-04,126256,2026-09-11 19:45:29
22740,0.380,745144320,3.3054,,5.13e-04,126220,2026-09-11 19:45:34
22760,0.380,745799680,3.3055,,5.13e-04,126222,2026-09-11 19:45:39
22780,0.380,746455040,3.3058,,5.13e-04,126211,2026-09-11 19:45:45
22800,0.381,747110400,3.3064,,5.12e-04,126196,2026-09-11 19:45:50
22820,0.381,747765760,3.3056,,5.12e-04,125886,2026-09-11 19:45:55
22840,0.381,748421120,3.3053,,5.12e-04,126121,2026-09-11 19:46:00
22860,0.382,749076480,3.3050,,5.11e-04,126304,2026-09-11 19:46:06
22880,0.382,749731840,3.3057,,5.11e-04,126275,2026-09-11 19:46:11
22900,0.382,750387200,3.3054,,5.11e-04,126175,2026-09-11 19:46:16
22920,0.383,751042560,3.3050,,5.10e-04,126242,2026-09-11 19:46:21
22940,0.383,751697920,3.3044,,5.10e-04,126345,2026-09-11 19:46:26
22960,0.383,752353280,3.3047,,5.10e-04,126336,2026-09-11 19:46:32
22980,0.384,753008640,3.3042,,5.09e-04,126220,2026-09-11 19:46:37
23000,0.384,753664000,3.3035,,5.09e-04,126211,2026-09-11 19:46:42
23020,0.384,754319360,3.3033,,5.09e-04,126110,2026-09-11 19:46:47
23040,0.385,754974720,3.3042,,5.08e-04,126153,2026-09-11 19:46:52
23060,0.385,755630080,3.3035,,5.08e-04,126170,2026-09-11 19:46:58
23080,0.385,756285440,3.3034,,5.08e-04,126276,2026-09-11 19:47:03
23100,0.386,756940800,3.3033,,5.07e-04,126237,2026-09-11 19:47:08
23120,0.386,757596160,3.3036,,5.07e-04,126276,2026-09-11 19:47:13
23140,0.386,758251520,3.3038,,5.07e-04,126177,2026-09-11 19:47:18
23160,0.387,758906880,3.3034,,5.06e-04,126137,2026-09-11 19:47:24
23180,0.387,759562240,3.3044,,5.06e-04,126241,2026-09-11 19:47:29
23200,0.387,760217600,3.3044,,5.06e-04,126235,2026-09-11 19:47:34
23220,0.388,760872960,3.3044,,5.05e-04,126262,2026-09-11 19:47:39
23240,0.388,761528320,3.3041,,5.05e-04,126247,2026-09-11 19:47:44
23260,0.388,762183680,3.3040,,5.05e-04,126240,2026-09-11 19:47:50
23280,0.389,762839040,3.3042,,5.04e-04,126301,2026-09-11 19:47:55
23300,0.389,763494400,3.3045,,5.04e-04,126234,2026-09-11 19:48:00
23320,0.389,764149760,3.3037,,5.04e-04,126220,2026-09-11 19:48:05
23340,0.390,764805120,3.3035,,5.03e-04,126297,2026-09-11 19:48:10
23360,0.390,765460480,3.3036,,5.03e-04,126292,2026-09-11 19:48:16
23380,0.390,766115840,3.3037,,5.03e-04,126352,2026-09-11 19:48:21
23400,0.391,766771200,3.3035,,5.02e-04,126160,2026-09-11 19:48:26
23420,0.391,767426560,3.3031,,5.02e-04,126182,2026-09-11 19:48:31
23440,0.391,768081920,3.3027,,5.02e-04,126198,2026-09-11 19:48:37
23460,0.392,768737280,3.3023,,5.01e-04,125991,2026-09-11 19:48:42
23480,0.392,769392640,3.3020,,5.01e-04,126052,2026-09-11 19:48:47
23500,0.392,770048000,3.3020,,5.01e-04,126181,2026-09-11 19:48:52
23520,0.393,770703360,3.3020,,5.01e-04,126251,2026-09-11 19:48:57
23540,0.393,771358720,3.3016,,5.00e-04,126085,2026-09-11 19:49:03
23560,0.393,772014080,3.3022,,5.00e-04,125905,2026-09-11 19:49:08
23580,0.394,772669440,3.3021,,5.00e-04,125999,2026-09-11 19:49:13
23600,0.394,773324800,3.3017,,4.99e-04,125838,2026-09-11 19:49:18
23620,0.394,773980160,3.3014,,4.99e-04,125901,2026-09-11 19:49:23
23640,0.395,774635520,3.3013,,4.99e-04,125979,2026-09-11 19:49:29
23660,0.395,775290880,3.3016,,4.98e-04,126152,2026-09-11 19:49:34
23680,0.395,775946240,3.3009,,4.98e-04,126102,2026-09-11 19:49:39
23700,0.396,776601600,3.3015,,4.98e-04,126129,2026-09-11 19:49:44
23720,0.396,777256960,3.3015,,4.97e-04,126111,2026-09-11 19:49:50
23740,0.396,777912320,3.3015,,4.97e-04,126065,2026-09-11 19:49:55
23760,0.397,778567680,3.3011,,4.97e-04,126093,2026-09-11 19:50:00
23780,0.397,779223040,3.3007,,4.96e-04,126332,2026-09-11 19:50:05
23800,0.397,779878400,3.3002,,4.96e-04,126284,2026-09-11 19:50:10
23820,0.398,780533760,3.3004,,4.96e-04,126312,2026-09-11 19:50:16
23840,0.398,781189120,3.2996,,4.95e-04,126316,2026-09-11 19:50:21
23860,0.398,781844480,3.2994,,4.95e-04,126354,2026-09-11 19:50:26
23880,0.399,782499840,3.2993,,4.95e-04,126332,2026-09-11 19:50:31
23900,0.399,783155200,3.2998,,4.94e-04,126397,2026-09-11 19:50:36
23920,0.399,783810560,3.2998,,4.94e-04,126322,2026-09-11 19:50:42
23940,0.400,784465920,3.2996,,4.94e-04,126387,2026-09-11 19:50:47
23960,0.400,785121280,3.3002,,4.93e-04,126399,2026-09-11 19:50:52
23980,0.400,785776640,3.2987,,4.93e-04,126270,2026-09-11 19:50:57
24000,0.401,786432000,3.2978,,4.93e-04,126267,2026-09-11 19:51:02
24020,0.401,787087360,3.2978,,4.92e-04,126352,2026-09-11 19:51:08
24040,0.401,787742720,3.2979,,4.92e-04,126298,2026-09-11 19:51:13
24060,0.402,788398080,3.2978,,4.92e-04,126218,2026-09-11 19:51:18
24080,0.402,789053440,3.2971,,4.91e-04,126170,2026-09-11 19:51:23
24100,0.402,789708800,3.2971,,4.91e-04,126178,2026-09-11 19:51:28
24120,0.403,790364160,3.2966,,4.91e-04,126249,2026-09-11 19:51:34
24140,0.403,791019520,3.2969,,4.90e-04,126227,2026-09-11 19:51:39
24160,0.403,791674880,3.2963,,4.90e-04,126195,2026-09-11 19:51:44
24180,0.404,792330240,3.2954,,4.90e-04,126054,2026-09-11 19:51:49
24200,0.404,792985600,3.2959,,4.89e-04,126019,2026-09-11 19:51:54
24220,0.404,793640960,3.2957,,4.89e-04,125898,2026-09-11 19:52:00
24240,0.405,794296320,3.2964,,4.89e-04,126037,2026-09-11 19:52:05
24260,0.405,794951680,3.2963,,4.88e-04,126322,2026-09-11 19:52:10
24280,0.405,795607040,3.2958,,4.88e-04,126319,2026-09-11 19:52:15
24300,0.406,796262400,3.2952,,4.88e-04,125815,2026-09-11 19:52:21
24320,0.406,796917760,3.2948,,4.87e-04,125995,2026-09-11 19:52:26
24340,0.406,797573120,3.2946,,4.87e-04,126318,2026-09-11 19:52:31
24360,0.407,798228480,3.2944,,4.87e-04,126347,2026-09-11 19:52:36
24380,0.407,798883840,3.2938,,4.86e-04,126317,2026-09-11 19:52:42
24400,0.407,799539200,3.2937,,4.86e-04,126250,2026-09-11 19:52:47
24420,0.408,800194560,3.2936,,4.86e-04,126333,2026-09-11 19:52:52
24440,0.408,800849920,3.2931,,4.85e-04,126335,2026-09-11 19:52:57
24460,0.408,801505280,3.2927,,4.85e-04,126200,2026-09-11 19:53:02
24480,0.409,802160640,3.2930,,4.85e-04,126242,2026-09-11 19:53:08
24500,0.409,802816000,3.2931,,4.84e-04,126159,2026-09-11 19:53:13
24520,0.409,803471360,3.2928,,4.84e-04,126231,2026-09-11 19:53:18
24540,0.410,804126720,3.2925,,4.84e-04,126140,2026-09-11 19:53:23
24560,0.410,804782080,3.2924,,4.83e-04,126166,2026-09-11 19:53:29
24580,0.410,805437440,3.2920,,4.83e-04,126379,2026-09-11 19:53:34
24600,0.411,806092800,3.2918,,4.83e-04,126358,2026-09-11 19:53:39
24620,0.411,806748160,3.2915,,4.82e-04,126309,2026-09-11 19:53:44
24640,0.411,807403520,3.2907,,4.82e-04,126343,2026-09-11 19:53:49
24660,0.412,808058880,3.2910,,4.82e-04,126410,2026-09-11 19:53:55
24680,0.412,808714240,3.2903,,4.81e-04,126381,2026-09-11 19:54:00
24700,0.412,809369600,3.2903,,4.81e-04,126250,2026-09-11 19:54:05
24720,0.413,810024960,3.2899,,4.81e-04,126194,2026-09-11 19:54:10
24740,0.413,810680320,3.2896,,4.80e-04,126249,2026-09-11 19:54:15
24760,0.413,811335680,3.2894,,4.80e-04,126290,2026-09-11 19:54:21
24780,0.414,811991040,3.2892,,4.80e-04,126380,2026-09-11 19:54:26
24800,0.414,812646400,3.2892,,4.79e-04,126300,2026-09-11 19:54:31
24820,0.414,813301760,3.2892,,4.79e-04,126267,2026-09-11 19:54:36
24840,0.415,813957120,3.2890,,4.79e-04,126282,2026-09-11 19:54:41
24860,0.415,814612480,3.2888,,4.78e-04,126329,2026-09-11 19:54:47
24880,0.415,815267840,3.2886,,4.78e-04,126194,2026-09-11 19:54:52
24900,0.416,815923200,3.2881,,4.78e-04,126298,2026-09-11 19:54:57
24920,0.416,816578560,3.2875,,4.77e-04,126333,2026-09-11 19:55:02
24940,0.416,817233920,3.2873,,4.77e-04,125854,2026-09-11 19:55:07
24960,0.417,817889280,3.2865,,4.77e-04,126055,2026-09-11 19:55:13
24980,0.417,818544640,3.2862,,4.76e-04,126274,2026-09-11 19:55:18
25000,0.417,819200000,3.2861,,4.76e-04,126318,2026-09-11 19:55:23
25000,0.417,819200000,3.2861,3.2505,4.76e-04,,2026-09-11 19:55:42
25020,0.418,819855360,3.2861,,4.76e-04,126657,2026-09-11 19:55:47
25040,0.418,820510720,3.2853,,4.75e-04,126669,2026-09-11 19:55:52
25060,0.418,821166080,3.2855,,4.75e-04,126547,2026-09-11 19:55:58
25080,0.419,821821440,3.2853,,4.75e-04,126518,2026-09-11 19:56:03
25100,0.419,822476800,3.2854,,4.74e-04,126406,2026-09-11 19:56:08
25120,0.419,823132160,3.2848,,4.74e-04,126435,2026-09-11 19:56:13
25140,0.420,823787520,3.2847,,4.74e-04,126543,2026-09-11 19:56:18
25160,0.420,824442880,3.2847,,4.73e-04,126510,2026-09-11 19:56:24
25180,0.420,825098240,3.2840,,4.73e-04,126518,2026-09-11 19:56:29
25200,0.421,825753600,3.2837,,4.72e-04,126446,2026-09-11 19:56:34
25220,0.421,826408960,3.2842,,4.72e-04,126376,2026-09-11 19:56:39
25240,0.421,827064320,3.2843,,4.72e-04,126381,2026-09-11 19:56:44
25260,0.422,827719680,3.2840,,4.71e-04,126329,2026-09-11 19:56:50
25280,0.422,828375040,3.2841,,4.71e-04,126284,2026-09-11 19:56:55
25300,0.422,829030400,3.2841,,4.71e-04,126160,2026-09-11 19:57:00
25320,0.423,829685760,3.2841,,4.70e-04,126220,2026-09-11 19:57:05
25340,0.423,830341120,3.2831,,4.70e-04,126401,2026-09-11 19:57:10
25360,0.423,830996480,3.2826,,4.70e-04,126328,2026-09-11 19:57:16
25380,0.424,831651840,3.2825,,4.69e-04,126063,2026-09-11 19:57:21
25400,0.424,832307200,3.2820,,4.69e-04,126208,2026-09-11 19:57:26
25420,0.424,832962560,3.2820,,4.69e-04,126216,2026-09-11 19:57:31
25440,0.425,833617920,3.2817,,4.68e-04,126280,2026-09-11 19:57:36
25460,0.425,834273280,3.2813,,4.68e-04,126368,2026-09-11 19:57:42
25480,0.425,834928640,3.2812,,4.68e-04,126326,2026-09-11 19:57:47
25500,0.426,835584000,3.2813,,4.67e-04,126312,2026-09-11 19:57:52
25520,0.426,836239360,3.2809,,4.67e-04,126003,2026-09-11 19:57:57
25540,0.426,836894720,3.2807,,4.67e-04,126070,2026-09-11 19:58:02
25560,0.427,837550080,3.2806,,4.66e-04,126154,2026-09-11 19:58:08
25580,0.427,838205440,3.2800,,4.66e-04,126268,2026-09-11 19:58:13
25600,0.427,838860800,3.2792,,4.66e-04,126274,2026-09-11 19:58:18
25620,0.428,839516160,3.2783,,4.65e-04,125911,2026-09-11 19:58:23
25640,0.428,840171520,3.2781,,4.65e-04,126036,2026-09-11 19:58:29
25660,0.428,840826880,3.2784,,4.65e-04,126327,2026-09-11 19:58:34
25680,0.429,841482240,3.2775,,4.64e-04,126325,2026-09-11 19:58:39
25700,0.429,842137600,3.2771,,4.64e-04,126296,2026-09-11 19:58:44
25720,0.429,842792960,3.2770,,4.64e-04,126280,2026-09-11 19:58:49
25740,0.430,843448320,3.2765,,4.63e-04,126411,2026-09-11 19:58:55
25760,0.430,844103680,3.2763,,4.63e-04,126321,2026-09-11 19:59:00
25780,0.430,844759040,3.2762,,4.63e-04,126215,2026-09-11 19:59:05
25800,0.431,845414400,3.2765,,4.62e-04,126255,2026-09-11 19:59:10
25820,0.431,846069760,3.2758,,4.62e-04,126281,2026-09-11 19:59:15
25840,0.431,846725120,3.2759,,4.62e-04,126275,2026-09-11 19:59:21
25860,0.432,847380480,3.2757,,4.61e-04,126357,2026-09-11 19:59:26
25880,0.432,848035840,3.2752,,4.61e-04,126385,2026-09-11 19:59:31
25900,0.432,848691200,3.2759,,4.61e-04,126442,2026-09-11 19:59:36
25920,0.433,849346560,3.2758,,4.60e-04,126367,2026-09-11 19:59:41
25940,0.433,850001920,3.2758,,4.60e-04,126221,2026-09-11 19:59:47
25960,0.433,850657280,3.2758,,4.60e-04,126283,2026-09-11 19:59:52
25980,0.434,851312640,3.2765,,4.59e-04,126219,2026-09-11 19:59:57
26000,0.434,851968000,3.2764,,4.59e-04,126162,2026-09-11 20:00:02
26020,0.434,852623360,3.2766,,4.59e-04,126310,2026-09-11 20:00:07
26040,0.435,853278720,3.2761,,4.58e-04,126297,2026-09-11 20:00:13
26060,0.435,853934080,3.2763,,4.58e-04,126257,2026-09-11 20:00:18
26080,0.435,854589440,3.2764,,4.57e-04,126179,2026-09-11 20:00:23
26100,0.436,855244800,3.2768,,4.57e-04,126112,2026-09-11 20:00:28
26120,0.436,855900160,3.2763,,4.57e-04,126105,2026-09-11 20:00:33
26140,0.437,856555520,3.2764,,4.56e-04,126079,2026-09-11 20:00:39
26160,0.437,857210880,3.2760,,4.56e-04,126091,2026-09-11 20:00:44
26180,0.437,857866240,3.2759,,4.56e-04,125719,2026-09-11 20:00:49
26200,0.438,858521600,3.2756,,4.55e-04,125763,2026-09-11 20:00:54
26220,0.438,859176960,3.2759,,4.55e-04,126252,2026-09-11 20:01:00
26240,0.438,859832320,3.2755,,4.55e-04,126260,2026-09-11 20:01:05
26260,0.439,860487680,3.2747,,4.54e-04,126197,2026-09-11 20:01:10
26280,0.439,861143040,3.2743,,4.54e-04,126167,2026-09-11 20:01:15
26300,0.439,861798400,3.2738,,4.54e-04,126214,2026-09-11 20:01:20
26320,0.440,862453760,3.2732,,4.53e-04,126145,2026-09-11 20:01:26
26340,0.440,863109120,3.2727,,4.53e-04,125721,2026-09-11 20:01:31
26360,0.440,863764480,3.2724,,4.53e-04,125909,2026-09-11 20:01:36
26380,0.441,864419840,3.2714,,4.52e-04,126212,2026-09-11 20:01:41
26400,0.441,865075200,3.2718,,4.52e-04,126274,2026-09-11 20:01:47
26420,0.441,865730560,3.2709,,4.52e-04,126206,2026-09-11 20:01:52
26440,0.442,866385920,3.2707,,4.51e-04,126174,2026-09-11 20:01:57
26460,0.442,867041280,3.2700,,4.51e-04,126175,2026-09-11 20:02:02
26480,0.442,867696640,3.2697,,4.51e-04,126151,2026-09-11 20:02:08
26500,0.443,868352000,3.2696,,4.50e-04,126184,2026-09-11 20:02:13
26520,0.443,869007360,3.2695,,4.50e-04,126211,2026-09-11 20:02:18
26540,0.443,869662720,3.2690,,4.50e-04,126272,2026-09-11 20:02:23
26560,0.444,870318080,3.2685,,4.49e-04,126222,2026-09-11 20:02:28
26580,0.444,870973440,3.2682,,4.49e-04,126113,2026-09-11 20:02:34
26600,0.444,871628800,3.2685,,4.49e-04,126143,2026-09-11 20:02:39
26620,0.445,872284160,3.2686,,4.48e-04,126278,2026-09-11 20:02:44
26640,0.445,872939520,3.2683,,4.48e-04,126281,2026-09-11 20:02:49
26660,0.445,873594880,3.2690,,4.47e-04,126268,2026-09-11 20:02:54
26680,0.446,874250240,3.2683,,4.47e-04,126230,2026-09-11 20:03:00
26700,0.446,874905600,3.2680,,4.47e-04,126263,2026-09-11 20:03:05
26720,0.446,875560960,3.2682,,4.46e-04,126149,2026-09-11 20:03:10
26740,0.447,876216320,3.2680,,4.46e-04,126206,2026-09-11 20:03:15
26760,0.447,876871680,3.2684,,4.46e-04,126164,2026-09-11 20:03:20
26780,0.447,877527040,3.2683,,4.45e-04,126183,2026-09-11 20:03:26
26800,0.448,878182400,3.2677,,4.45e-04,126203,2026-09-11 20:03:31
26820,0.448,878837760,3.2670,,4.45e-04,126323,2026-09-11 20:03:36
26840,0.448,879493120,3.2667,,4.44e-04,126259,2026-09-11 20:03:41
26860,0.449,880148480,3.2671,,4.44e-04,126078,2026-09-11 20:03:47
26880,0.449,880803840,3.2667,,4.44e-04,126155,2026-09-11 20:03:52
26900,0.449,881459200,3.2666,,4.43e-04,126204,2026-09-11 20:03:57
26920,0.450,882114560,3.2668,,4.43e-04,126191,2026-09-11 20:04:02
26940,0.450,882769920,3.2667,,4.43e-04,126266,2026-09-11 20:04:07
26960,0.450,883425280,3.2671,,4.42e-04,126248,2026-09-11 20:04:13
26980,0.451,884080640,3.2669,,4.42e-04,126016,2026-09-11 20:04:18
27000,0.451,884736000,3.2673,,4.42e-04,126066,2026-09-11 20:04:23
27020,0.451,885391360,3.2674,,4.41e-04,126171,2026-09-11 20:04:28
27040,0.452,886046720,3.2672,,4.41e-04,126235,2026-09-11 20:04:33
27060,0.452,886702080,3.2670,,4.41e-04,126223,2026-09-11 20:04:39
27080,0.452,887357440,3.2669,,4.40e-04,126229,2026-09-11 20:04:44
27100,0.453,888012800,3.2662,,4.40e-04,126269,2026-09-11 20:04:49
27120,0.453,888668160,3.2663,,4.39e-04,126284,2026-09-11 20:04:54
27140,0.453,889323520,3.2662,,4.39e-04,126274,2026-09-11 20:04:59
27160,0.454,889978880,3.2659,,4.39e-04,126289,2026-09-11 20:05:05
27180,0.454,890634240,3.2659,,4.38e-04,126308,2026-09-11 20:05:10
27200,0.454,891289600,3.2657,,4.38e-04,126290,2026-09-11 20:05:15
27220,0.455,891944960,3.2653,,4.38e-04,126402,2026-09-11 20:05:20
27240,0.455,892600320,3.2654,,4.37e-04,126366,2026-09-11 20:05:25
27260,0.455,893255680,3.2643,,4.37e-04,126265,2026-09-11 20:05:31
27280,0.456,893911040,3.2642,,4.37e-04,126233,2026-09-11 20:05:36
27300,0.456,894566400,3.2635,,4.36e-04,126369,2026-09-11 20:05:41
27320,0.456,895221760,3.2628,,4.36e-04,126271,2026-09-11 20:05:46
27340,0.457,895877120,3.2623,,4.36e-04,126073,2026-09-11 20:05:51
27360,0.457,896532480,3.2618,,4.35e-04,126190,2026-09-11 20:05:57
27380,0.457,897187840,3.2617,,4.35e-04,126190,2026-09-11 20:06:02
27400,0.458,897843200,3.2613,,4.35e-04,126160,2026-09-11 20:06:07
27420,0.458,898498560,3.2611,,4.34e-04,126057,2026-09-11 20:06:12
27440,0.458,899153920,3.2608,,4.34e-04,125869,2026-09-11 20:06:18
27460,0.459,899809280,3.2602,,4.34e-04,126280,2026-09-11 20:06:23
27480,0.459,900464640,3.2595,,4.33e-04,126242,2026-09-11 20:06:28
27500,0.459,901120000,3.2593,,4.33e-04,126320,2026-09-11 20:06:33
27520,0.460,901775360,3.2600,,4.32e-04,126283,2026-09-11 20:06:38
27540,0.460,902430720,3.2595,,4.32e-04,126258,2026-09-11 20:06:44
27560,0.460,903086080,3.2589,,4.32e-04,126305,2026-09-11 20:06:49
27580,0.461,903741440,3.2582,,4.31e-04,126270,2026-09-11 20:06:54
27600,0.461,904396800,3.2580,,4.31e-04,126252,2026-09-11 20:06:59
27620,0.461,905052160,3.2584,,4.31e-04,126118,2026-09-11 20:07:04
27640,0.462,905707520,3.2583,,4.30e-04,126172,2026-09-11 20:07:10
27660,0.462,906362880,3.2577,,4.30e-04,125952,2026-09-11 20:07:15
27680,0.462,907018240,3.2576,,4.30e-04,126078,2026-09-11 20:07:20
27700,0.463,907673600,3.2579,,4.29e-04,126257,2026-09-11 20:07:25
27720,0.463,908328960,3.2577,,4.29e-04,126204,2026-09-11 20:07:30
27740,0.463,908984320,3.2572,,4.29e-04,126207,2026-09-11 20:07:36
27760,0.464,909639680,3.2571,,4.28e-04,126180,2026-09-11 20:07:41
27780,0.464,910295040,3.2574,,4.28e-04,126078,2026-09-11 20:07:46
27800,0.464,910950400,3.2572,,4.28e-04,126061,2026-09-11 20:07:51
27820,0.465,911605760,3.2575,,4.27e-04,126103,2026-09-11 20:07:57
27840,0.465,912261120,3.2572,,4.27e-04,126218,2026-09-11 20:08:02
27860,0.465,912916480,3.2574,,4.27e-04,126149,2026-09-11 20:08:07
27880,0.466,913571840,3.2572,,4.26e-04,126198,2026-09-11 20:08:12
27900,0.466,914227200,3.2568,,4.26e-04,126166,2026-09-11 20:08:17
27920,0.466,914882560,3.2566,,4.25e-04,126260,2026-09-11 20:08:23
27940,0.467,915537920,3.2567,,4.25e-04,126150,2026-09-11 20:08:28
27960,0.467,916193280,3.2554,,4.25e-04,126116,2026-09-11 20:08:33
27980,0.467,916848640,3.2550,,4.24e-04,125969,2026-09-11 20:08:38
28000,0.468,917504000,3.2548,,4.24e-04,126021,2026-09-11 20:08:43
28020,0.468,918159360,3.2544,,4.24e-04,126125,2026-09-11 20:08:49
28040,0.468,918814720,3.2545,,4.23e-04,125981,2026-09-11 20:08:54
28060,0.469,919470080,3.2549,,4.23e-04,126113,2026-09-11 20:08:59
28080,0.469,920125440,3.2549,,4.23e-04,126103,2026-09-11 20:09:04
28100,0.469,920780800,3.2549,,4.22e-04,126178,2026-09-11 20:09:09
28120,0.470,921436160,3.2544,,4.22e-04,126214,2026-09-11 20:09:15
28140,0.470,922091520,3.2543,,4.22e-04,126281,2026-09-11 20:09:20
28160,0.470,922746880,3.2548,,4.21e-04,126236,2026-09-11 20:09:25
28180,0.471,923402240,3.2549,,4.21e-04,126116,2026-09-11 20:09:30
28200,0.471,924057600,3.2546,,4.21e-04,126134,2026-09-11 20:09:36
28220,0.471,924712960,3.2539,,4.20e-04,126131,2026-09-11 20:09:41
28240,0.472,925368320,3.2533,,4.20e-04,126182,2026-09-11 20:09:46
28260,0.472,926023680,3.2541,,4.19e-04,126223,2026-09-11 20:09:51
28280,0.472,926679040,3.2538,,4.19e-04,126183,2026-09-11 20:09:56
28300,0.473,927334400,3.2536,,4.19e-04,126165,2026-09-11 20:10:02
28320,0.473,927989760,3.2538,,4.18e-04,126075,2026-09-11 20:10:07
28340,0.473,928645120,3.2541,,4.18e-04,126193,2026-09-11 20:10:12
28360,0.474,929300480,3.2538,,4.18e-04,126142,2026-09-11 20:10:17
28380,0.474,929955840,3.2534,,4.17e-04,126058,2026-09-11 20:10:22
28400,0.474,930611200,3.2534,,4.17e-04,126051,2026-09-11 20:10:28
28420,0.475,931266560,3.2543,,4.17e-04,126072,2026-09-11 20:10:33
28440,0.475,931921920,3.2538,,4.16e-04,126127,2026-09-11 20:10:38
28460,0.475,932577280,3.2539,,4.16e-04,126240,2026-09-11 20:10:44
28480,0.476,933232640,3.2533,,4.16e-04,126096,2026-09-11 20:10:49
28500,0.476,933888000,3.2527,,4.15e-04,126203,2026-09-11 20:10:54
28520,0.476,934543360,3.2529,,4.15e-04,126194,2026-09-11 20:10:59
28540,0.477,935198720,3.2523,,4.15e-04,125762,2026-09-11 20:11:04
28560,0.477,935854080,3.2523,,4.14e-04,125982,2026-09-11 20:11:10
28580,0.477,936509440,3.2521,,4.14e-04,126253,2026-09-11 20:11:15
28600,0.478,937164800,3.2524,,4.13e-04,126161,2026-09-11 20:11:20
28620,0.478,937820160,3.2524,,4.13e-04,125823,2026-09-11 20:11:25
28640,0.478,938475520,3.2520,,4.13e-04,125967,2026-09-11 20:11:30
28660,0.479,939130880,3.2515,,4.12e-04,126081,2026-09-11 20:11:36
28680,0.479,939786240,3.2516,,4.12e-04,126175,2026-09-11 20:11:41
28700,0.479,940441600,3.2522,,4.12e-04,126206,2026-09-11 20:11:46
28720,0.480,941096960,3.2521,,4.11e-04,126165,2026-09-11 20:11:51
28740,0.480,941752320,3.2515,,4.11e-04,126056,2026-09-11 20:11:57
28760,0.480,942407680,3.2513,,4.11e-04,126065,2026-09-11 20:12:02
28780,0.481,943063040,3.2508,,4.10e-04,126044,2026-09-11 20:12:07
28800,0.481,943718400,3.2513,,4.10e-04,125980,2026-09-11 20:12:12
28820,0.481,944373760,3.2516,,4.10e-04,126050,2026-09-11 20:12:17
28840,0.482,945029120,3.2513,,4.09e-04,126010,2026-09-11 20:12:23
28860,0.482,945684480,3.2510,,4.09e-04,125854,2026-09-11 20:12:28
28880,0.482,946339840,3.2506,,4.09e-04,125976,2026-09-11 20:12:33
28900,0.483,946995200,3.2508,,4.08e-04,126210,2026-09-11 20:12:38
28920,0.483,947650560,3.2510,,4.08e-04,126249,2026-09-11 20:12:43
28940,0.483,948305920,3.2505,,4.07e-04,126235,2026-09-11 20:12:49
28960,0.484,948961280,3.2509,,4.07e-04,126170,2026-09-11 20:12:54
28980,0.484,949616640,3.2505,,4.07e-04,126284,2026-09-11 20:12:59
29000,0.484,950272000,3.2493,,4.06e-04,126259,2026-09-11 20:13:04
29020,0.485,950927360,3.2489,,4.06e-04,126095,2026-09-11 20:13:09
29040,0.485,951582720,3.2483,,4.06e-04,126060,2026-09-11 20:13:15
29060,0.485,952238080,3.2485,,4.05e-04,126364,2026-09-11 20:13:20
29080,0.486,952893440,3.2483,,4.05e-04,126293,2026-09-11 20:13:25
29100,0.486,953548800,3.2481,,4.05e-04,126270,2026-09-11 20:13:30
29120,0.486,954204160,3.2476,,4.04e-04,126244,2026-09-11 20:13:36
29140,0.487,954859520,3.2480,,4.04e-04,126185,2026-09-11 20:13:41
29160,0.487,955514880,3.2477,,4.04e-04,126226,2026-09-11 20:13:46
29180,0.487,956170240,3.2476,,4.03e-04,126222,2026-09-11 20:13:51
29200,0.488,956825600,3.2473,,4.03e-04,126235,2026-09-11 20:13:56
29220,0.488,957480960,3.2477,,4.03e-04,126286,2026-09-11 20:14:02
29240,0.488,958136320,3.2475,,4.02e-04,126342,2026-09-11 20:14:07
29260,0.489,958791680,3.2470,,4.02e-04,126258,2026-09-11 20:14:12
29280,0.489,959447040,3.2467,,4.01e-04,126273,2026-09-11 20:14:17
29300,0.489,960102400,3.2464,,4.01e-04,126367,2026-09-11 20:14:22
29320,0.490,960757760,3.2462,,4.01e-04,126294,2026-09-11 20:14:28
29340,0.490,961413120,3.2463,,4.00e-04,126163,2026-09-11 20:14:33
29360,0.490,962068480,3.2464,,4.00e-04,126255,2026-09-11 20:14:38
29380,0.491,962723840,3.2460,,4.00e-04,126370,2026-09-11 20:14:43
29400,0.491,963379200,3.2460,,3.99e-04,126289,2026-09-11 20:14:48
29420,0.491,964034560,3.2457,,3.99e-04,126325,2026-09-11 20:14:54
29440,0.492,964689920,3.2456,,3.99e-04,126351,2026-09-11 20:14:59
29460,0.492,965345280,3.2451,,3.98e-04,126311,2026-09-11 20:15:04
29480,0.492,966000640,3.2439,,3.98e-04,126281,2026-09-11 20:15:09
29500,0.493,966656000,3.2433,,3.98e-04,126242,2026-09-11 20:15:14
29520,0.493,967311360,3.2429,,3.97e-04,126291,2026-09-11 20:15:20
29540,0.493,967966720,3.2428,,3.97e-04,126321,2026-09-11 20:15:25
29560,0.494,968622080,3.2430,,3.96e-04,126302,2026-09-11 20:15:30
29580,0.494,969277440,3.2431,,3.96e-04,126412,2026-09-11 20:15:35
29600,0.494,969932800,3.2436,,3.96e-04,126364,2026-09-11 20:15:40
29620,0.495,970588160,3.2440,,3.95e-04,126344,2026-09-11 20:15:46
29640,0.495,971243520,3.2439,,3.95e-04,126327,2026-09-11 20:15:51
29660,0.495,971898880,3.2438,,3.95e-04,126372,2026-09-11 20:15:56
29680,0.496,972554240,3.2443,,3.94e-04,126285,2026-09-11 20:16:01
29700,0.496,973209600,3.2439,,3.94e-04,126234,2026-09-11 20:16:06
29720,0.496,973864960,3.2434,,3.94e-04,126318,2026-09-11 20:16:12
29740,0.497,974520320,3.2440,,3.93e-04,126128,2026-09-11 20:16:17
29760,0.497,975175680,3.2432,,3.93e-04,126222,2026-09-11 20:16:22
29780,0.497,975831040,3.2425,,3.93e-04,126290,2026-09-11 20:16:27
29800,0.498,976486400,3.2423,,3.92e-04,126287,2026-09-11 20:16:32
29820,0.498,977141760,3.2413,,3.92e-04,126316,2026-09-11 20:16:38
29840,0.498,977797120,3.2417,,3.92e-04,126334,2026-09-11 20:16:43
29860,0.499,978452480,3.2419,,3.91e-04,126369,2026-09-11 20:16:48
29880,0.499,979107840,3.2420,,3.91e-04,126299,2026-09-11 20:16:53
29900,0.499,979763200,3.2423,,3.90e-04,126145,2026-09-11 20:16:59
29920,0.500,980418560,3.2418,,3.90e-04,126148,2026-09-11 20:17:04
29940,0.500,981073920,3.2417,,3.90e-04,125962,2026-09-11 20:17:09
29960,0.500,981729280,3.2413,,3.89e-04,125922,2026-09-11 20:17:14
29980,0.501,982384640,3.2410,,3.89e-04,126220,2026-09-11 20:17:19
30000,0.501,983040000,3.2409,,3.89e-04,126237,2026-09-11 20:17:25
30000,0.501,983040000,3.2409,3.2087,3.89e-04,,2026-09-11 20:17:44
30020,0.501,983695360,3.2406,,3.88e-04,126232,2026-09-11 20:17:50
30040,0.502,984350720,3.2402,,3.88e-04,126338,2026-09-11 20:17:55
30060,0.502,985006080,3.2394,,3.88e-04,126459,2026-09-11 20:18:00
30080,0.502,985661440,3.2394,,3.87e-04,126341,2026-09-11 20:18:05
30100,0.503,986316800,3.2398,,3.87e-04,126376,2026-09-11 20:18:10
30120,0.503,986972160,3.2389,,3.87e-04,126406,2026-09-11 20:18:16
30140,0.503,987627520,3.2388,,3.86e-04,126252,2026-09-11 20:18:21
30160,0.504,988282880,3.2386,,3.86e-04,126325,2026-09-11 20:18:26
30180,0.504,988938240,3.2380,,3.85e-04,126028,2026-09-11 20:18:31
30200,0.504,989593600,3.2377,,3.85e-04,126190,2026-09-11 20:18:36
30220,0.505,990248960,3.2374,,3.85e-04,126417,2026-09-11 20:18:42
30240,0.505,990904320,3.2380,,3.84e-04,126377,2026-09-11 20:18:47
30260,0.505,991559680,3.2379,,3.84e-04,126268,2026-09-11 20:18:52
30280,0.506,992215040,3.2380,,3.84e-04,126333,2026-09-11 20:18:57
30300,0.506,992870400,3.2387,,3.83e-04,126470,2026-09-11 20:19:02
30320,0.506,993525760,3.2386,,3.83e-04,126428,2026-09-11 20:19:08
30340,0.507,994181120,3.2377,,3.83e-04,126204,2026-09-11 20:19:13
30360,0.507,994836480,3.2381,,3.82e-04,126277,2026-09-11 20:19:18
30380,0.507,995491840,3.2380,,3.82e-04,126242,2026-09-11 20:19:23
30400,0.508,996147200,3.2381,,3.82e-04,126221,2026-09-11 20:19:28
30420,0.508,996802560,3.2377,,3.81e-04,126452,2026-09-11 20:19:34
30440,0.508,997457920,3.2374,,3.81e-04,126443,2026-09-11 20:19:39
30460,0.509,998113280,3.2369,,3.80e-04,126562,2026-09-11 20:19:44
30480,0.509,998768640,3.2371,,3.80e-04,126485,2026-09-11 20:19:49
30500,0.509,999424000,3.2367,,3.80e-04,126242,2026-09-11 20:19:55
30520,0.510,1000079360,3.2372,,3.79e-04,126212,2026-09-11 20:20:00
30540,0.510,1000734720,3.2371,,3.79e-04,126142,2026-09-11 20:20:05
30560,0.510,1001390080,3.2373,,3.79e-04,126153,2026-09-11 20:20:10
30580,0.511,1002045440,3.2375,,3.78e-04,126170,2026-09-11 20:20:16
30600,0.511,1002700800,3.2376,,3.78e-04,126145,2026-09-11 20:20:21
30620,0.511,1003356160,3.2376,,3.78e-04,125890,2026-09-11 20:20:26
30640,0.512,1004011520,3.2374,,3.77e-04,125909,2026-09-11 20:20:31
30660,0.512,1004666880,3.2364,,3.77e-04,126146,2026-09-11 20:20:36
30680,0.512,1005322240,3.2361,,3.77e-04,126103,2026-09-11 20:20:42
30700,0.513,1005977600,3.2359,,3.76e-04,126206,2026-09-11 20:20:47
30720,0.513,1006632960,3.2350,,3.76e-04,126130,2026-09-11 20:20:52
30740,0.513,1007288320,3.2342,,3.75e-04,125584,2026-09-11 20:20:57
30760,0.514,1007943680,3.2341,,3.75e-04,125865,2026-09-11 20:21:02
30780,0.514,1008599040,3.2338,,3.75e-04,126360,2026-09-11 20:21:08
30800,0.514,1009254400,3.2343,,3.74e-04,126312,2026-09-11 20:21:13
30820,0.515,1009909760,3.2350,,3.74e-04,126050,2026-09-11 20:21:18
30840,0.515,1010565120,3.2339,,3.74e-04,126164,2026-09-11 20:21:23
30860,0.515,1011220480,3.2347,,3.73e-04,125706,2026-09-11 20:21:29
30880,0.516,1011875840,3.2344,,3.73e-04,126006,2026-09-11 20:21:34
30900,0.516,1012531200,3.2337,,3.73e-04,126329,2026-09-11 20:21:39
30920,0.516,1013186560,3.2339,,3.72e-04,126207,2026-09-11 20:21:44
30940,0.517,1013841920,3.2339,,3.72e-04,126293,2026-09-11 20:21:49
30960,0.517,1014497280,3.2337,,3.72e-04,126314,2026-09-11 20:21:55
30980,0.517,1015152640,3.2337,,3.71e-04,126131,2026-09-11 20:22:00
31000,0.518,1015808000,3.2335,,3.71e-04,126250,2026-09-11 20:22:05
31020,0.518,1016463360,3.2335,,3.71e-04,126425,2026-09-11 20:22:10
31040,0.518,1017118720,3.2335,,3.70e-04,126426,2026-09-11 20:22:15
31060,0.519,1017774080,3.2344,,3.70e-04,126267,2026-09-11 20:22:21
31080,0.519,1018429440,3.2345,,3.69e-04,126176,2026-09-11 20:22:26
31100,0.519,1019084800,3.2338,,3.69e-04,126411,2026-09-11 20:22:31
31120,0.520,1019740160,3.2343,,3.69e-04,126411,2026-09-11 20:22:36
31140,0.520,1020395520,3.2338,,3.68e-04,126267,2026-09-11 20:22:41
31160,0.520,1021050880,3.2340,,3.68e-04,126319,2026-09-11 20:22:47
31180,0.521,1021706240,3.2345,,3.68e-04,126340,2026-09-11 20:22:52
31200,0.521,1022361600,3.2345,,3.67e-04,126293,2026-09-11 20:22:57
31220,0.521,1023016960,3.2353,,3.67e-04,125924,2026-09-11 20:23:02
31240,0.522,1023672320,3.2345,,3.67e-04,126008,2026-09-11 20:23:07
31260,0.522,1024327680,3.2343,,3.66e-04,126152,2026-09-11 20:23:13
31280,0.522,1024983040,3.2340,,3.66e-04,125941,2026-09-11 20:23:18
31300,0.523,1025638400,3.2333,,3.66e-04,126160,2026-09-11 20:23:23
31320,0.523,1026293760,3.2321,,3.65e-04,126159,2026-09-11 20:23:28
31340,0.523,1026949120,3.2317,,3.65e-04,126163,2026-09-11 20:23:33
31360,0.524,1027604480,3.2314,,3.64e-04,126169,2026-09-11 20:23:39
31380,0.524,1028259840,3.2306,,3.64e-04,126102,2026-09-11 20:23:44
31400,0.524,1028915200,3.2307,,3.64e-04,126153,2026-09-11 20:23:49
31420,0.525,1029570560,3.2311,,3.63e-04,126456,2026-09-11 20:23:54
31440,0.525,1030225920,3.2304,,3.63e-04,126419,2026-09-11 20:24:00
31460,0.525,1030881280,3.2302,,3.63e-04,126298,2026-09-11 20:24:05
31480,0.526,1031536640,3.2302,,3.62e-04,126197,2026-09-11 20:24:10
31500,0.526,1032192000,3.2305,,3.62e-04,126309,2026-09-11 20:24:15
31520,0.526,1032847360,3.2300,,3.62e-04,126258,2026-09-11 20:24:20
31540,0.527,1033502720,3.2297,,3.61e-04,126390,2026-09-11 20:24:26
31560,0.527,1034158080,3.2297,,3.61e-04,126414,2026-09-11 20:24:31
31580,0.527,1034813440,3.2301,,3.61e-04,126500,2026-09-11 20:24:36
31600,0.528,1035468800,3.2295,,3.60e-04,126303,2026-09-11 20:24:41
31620,0.528,1036124160,3.2288,,3.60e-04,126260,2026-09-11 20:24:46
31640,0.528,1036779520,3.2289,,3.59e-04,126350,2026-09-11 20:24:52
31660,0.529,1037434880,3.2290,,3.59e-04,126047,2026-09-11 20:24:57
31680,0.529,1038090240,3.2291,,3.59e-04,126173,2026-09-11 20:25:02
31700,0.529,1038745600,3.2292,,3.58e-04,126199,2026-09-11 20:25:07
31720,0.530,1039400960,3.2292,,3.58e-04,126128,2026-09-11 20:25:12
31740,0.530,1040056320,3.2287,,3.58e-04,126265,2026-09-11 20:25:18
31760,0.530,1040711680,3.2289,,3.57e-04,126329,2026-09-11 20:25:23
31780,0.531,1041367040,3.2291,,3.57e-04,126256,2026-09-11 20:25:28
31800,0.531,1042022400,3.2296,,3.57e-04,126203,2026-09-11 20:25:33
31820,0.531,1042677760,3.2287,,3.56e-04,126187,2026-09-11 20:25:38
31840,0.532,1043333120,3.2287,,3.56e-04,126187,2026-09-11 20:25:44
31860,0.532,1043988480,3.2285,,3.56e-04,126183,2026-09-11 20:25:49
31880,0.532,1044643840,3.2286,,3.55e-04,126081,2026-09-11 20:25:54
31900,0.533,1045299200,3.2289,,3.55e-04,125948,2026-09-11 20:25:59
31920,0.533,1045954560,3.2286,,3.54e-04,126009,2026-09-11 20:26:04
31940,0.533,1046609920,3.2285,,3.54e-04,126125,2026-09-11 20:26:10
31960,0.534,1047265280,3.2282,,3.54e-04,126082,2026-09-11 20:26:15
31980,0.534,1047920640,3.2286,,3.53e-04,125957,2026-09-11 20:26:20
32000,0.534,1048576000,3.2280,,3.53e-04,125900,2026-09-11 20:26:25
32020,0.535,1049231360,3.2275,,3.53e-04,126239,2026-09-11 20:26:31
32040,0.535,1049886720,3.2272,,3.52e-04,126190,2026-09-11 20:26:36
32060,0.535,1050542080,3.2270,,3.52e-04,126098,2026-09-11 20:26:41
32080,0.536,1051197440,3.2269,,3.52e-04,126213,2026-09-11 20:26:46
32100,0.536,1051852800,3.2260,,3.51e-04,126237,2026-09-11 20:26:51
32120,0.536,1052508160,3.2255,,3.51e-04,126103,2026-09-11 20:26:57
32140,0.537,1053163520,3.2254,,3.51e-04,126158,2026-09-11 20:27:02
32160,0.537,1053818880,3.2252,,3.50e-04,126218,2026-09-11 20:27:07
32180,0.537,1054474240,3.2256,,3.50e-04,126294,2026-09-11 20:27:12
32200,0.538,1055129600,3.2245,,3.50e-04,126253,2026-09-11 20:27:17
32220,0.538,1055784960,3.2247,,3.49e-04,125936,2026-09-11 20:27:23
32240,0.538,1056440320,3.2242,,3.49e-04,126072,2026-09-11 20:27:28
32260,0.539,1057095680,3.2243,,3.48e-04,126402,2026-09-11 20:27:33
32280,0.539,1057751040,3.2241,,3.48e-04,126432,2026-09-11 20:27:38
32300,0.539,1058406400,3.2241,,3.48e-04,126234,2026-09-11 20:27:43
32320,0.540,1059061760,3.2236,,3.47e-04,126193,2026-09-11 20:27:49
32340,0.540,1059717120,3.2241,,3.47e-04,126362,2026-09-11 20:27:54
32360,0.540,1060372480,3.2247,,3.47e-04,126406,2026-09-11 20:27:59
32380,0.541,1061027840,3.2245,,3.46e-04,126454,2026-09-11 20:28:04
32400,0.541,1061683200,3.2246,,3.46e-04,126434,2026-09-11 20:28:09
32420,0.541,1062338560,3.2242,,3.46e-04,126305,2026-09-11 20:28:15
32440,0.542,1062993920,3.2241,,3.45e-04,126278,2026-09-11 20:28:20
32460,0.542,1063649280,3.2246,,3.45e-04,126290,2026-09-11 20:28:25
32480,0.542,1064304640,3.2250,,3.45e-04,126225,2026-09-11 20:28:30
32500,0.543,1064960000,3.2250,,3.44e-04,125863,2026-09-11 20:28:36
32520,0.543,1065615360,3.2249,,3.44e-04,126055,2026-09-11 20:28:41
32540,0.543,1066270720,3.2249,,3.43e-04,126284,2026-09-11 20:28:46
32560,0.544,1066926080,3.2246,,3.43e-04,126276,2026-09-11 20:28:51
32580,0.544,1067581440,3.2246,,3.43e-04,126334,2026-09-11 20:28:57
32600,0.544,1068236800,3.2243,,3.42e-04,126257,2026-09-11 20:29:02
32620,0.545,1068892160,3.2236,,3.42e-04,126194,2026-09-11 20:29:07
32640,0.545,1069547520,3.2235,,3.42e-04,126133,2026-09-11 20:29:12
32660,0.545,1070202880,3.2237,,3.41e-04,126046,2026-09-11 20:29:17
32680,0.546,1070858240,3.2234,,3.41e-04,126053,2026-09-11 20:29:23
32700,0.546,1071513600,3.2225,,3.41e-04,126102,2026-09-11 20:29:28
32720,0.546,1072168960,3.2219,,3.40e-04,126190,2026-09-11 20:29:33
32740,0.547,1072824320,3.2212,,3.40e-04,126288,2026-09-11 20:29:38
32760,0.547,1073479680,3.2202,,3.40e-04,126243,2026-09-11 20:29:44
32780,0.547,1074135040,3.2194,,3.39e-04,126381,2026-09-11 20:29:49
32800,0.548,1074790400,3.2196,,3.39e-04,126359,2026-09-11 20:29:54
32820,0.548,1075445760,3.2192,,3.39e-04,126235,2026-09-11 20:29:59
32840,0.548,1076101120,3.2194,,3.38e-04,126214,2026-09-11 20:30:04
32860,0.549,1076756480,3.2188,,3.38e-04,126273,2026-09-11 20:30:10
32880,0.549,1077411840,3.2175,,3.37e-04,126159,2026-09-11 20:30:15
32900,0.549,1078067200,3.2180,,3.37e-04,126298,2026-09-11 20:30:20
32920,0.550,1078722560,3.2175,,3.37e-04,126326,2026-09-11 20:30:25
32940,0.550,1079377920,3.2170,,3.36e-04,126240,2026-09-11 20:30:30
32960,0.550,1080033280,3.2168,,3.36e-04,126147,2026-09-11 20:30:36
32980,0.551,1080688640,3.2169,,3.36e-04,126292,2026-09-11 20:30:41
33000,0.551,1081344000,3.2163,,3.35e-04,126249,2026-09-11 20:30:46
33020,0.551,1081999360,3.2162,,3.35e-04,126108,2026-09-11 20:30:51
33040,0.552,1082654720,3.2159,,3.35e-04,126180,2026-09-11 20:30:56
33060,0.552,1083310080,3.2158,,3.34e-04,126105,2026-09-11 20:31:02
33080,0.552,1083965440,3.2155,,3.34e-04,126038,2026-09-11 20:31:07
33100,0.553,1084620800,3.2161,,3.34e-04,125885,2026-09-11 20:31:12
33120,0.553,1085276160,3.2157,,3.33e-04,125816,2026-09-11 20:31:17
33140,0.553,1085931520,3.2157,,3.33e-04,125968,2026-09-11 20:31:23
33160,0.554,1086586880,3.2151,,3.32e-04,126003,2026-09-11 20:31:28
33180,0.554,1087242240,3.2147,,3.32e-04,125946,2026-09-11 20:31:33
33200,0.554,1087897600,3.2140,,3.32e-04,126046,2026-09-11 20:31:38
33220,0.555,1088552960,3.2140,,3.31e-04,126243,2026-09-11 20:31:43
33240,0.555,1089208320,3.2135,,3.31e-04,126171,2026-09-11 20:31:49
33260,0.555,1089863680,3.2135,,3.31e-04,126172,2026-09-11 20:31:54
33280,0.556,1090519040,3.2136,,3.30e-04,126115,2026-09-11 20:31:59
33300,0.556,1091174400,3.2134,,3.30e-04,125936,2026-09-11 20:32:04
33320,0.556,1091829760,3.2130,,3.30e-04,125927,2026-09-11 20:32:09
33340,0.557,1092485120,3.2129,,3.29e-04,125939,2026-09-11 20:32:15
33360,0.557,1093140480,3.2127,,3.29e-04,126025,2026-09-11 20:32:20
33380,0.557,1093795840,3.2124,,3.29e-04,126181,2026-09-11 20:32:25
33400,0.558,1094451200,3.2119,,3.28e-04,126190,2026-09-11 20:32:30
33420,0.558,1095106560,3.2122,,3.28e-04,126137,2026-09-11 20:32:36
33440,0.558,1095761920,3.2120,,3.28e-04,126144,2026-09-11 20:32:41
33460,0.559,1096417280,3.2116,,3.27e-04,126172,2026-09-11 20:32:46
33480,0.559,1097072640,3.2116,,3.27e-04,126150,2026-09-11 20:32:51
33500,0.559,1097728000,3.2109,,3.26e-04,126117,2026-09-11 20:32:56
33520,0.560,1098383360,3.2107,,3.26e-04,126136,2026-09-11 20:33:02
33540,0.560,1099038720,3.2111,,3.26e-04,125982,2026-09-11 20:33:07
33560,0.560,1099694080,3.2110,,3.25e-04,126044,2026-09-11 20:33:12
33580,0.561,1100349440,3.2107,,3.25e-04,126183,2026-09-11 20:33:17
33600,0.561,1101004800,3.2107,,3.25e-04,126211,2026-09-11 20:33:22
33620,0.561,1101660160,3.2106,,3.24e-04,126116,2026-09-11 20:33:28
33640,0.562,1102315520,3.2100,,3.24e-04,126153,2026-09-11 20:33:33
33660,0.562,1102970880,3.2098,,3.24e-04,126216,2026-09-11 20:33:38
33680,0.562,1103626240,3.2097,,3.23e-04,126207,2026-09-11 20:33:43
33700,0.563,1104281600,3.2097,,3.23e-04,126280,2026-09-11 20:33:48
33720,0.563,1104936960,3.2085,,3.23e-04,126269,2026-09-11 20:33:54
33740,0.563,1105592320,3.2083,,3.22e-04,126026,2026-09-11 20:33:59
33760,0.564,1106247680,3.2080,,3.22e-04,126114,2026-09-11 20:34:04
33780,0.564,1106903040,3.2078,,3.22e-04,126268,2026-09-11 20:34:09
33800,0.564,1107558400,3.2075,,3.21e-04,126227,2026-09-11 20:34:15
33820,0.565,1108213760,3.2071,,3.21e-04,126240,2026-09-11 20:34:20
33840,0.565,1108869120,3.2067,,3.20e-04,126163,2026-09-11 20:34:25
33860,0.565,1109524480,3.2063,,3.20e-04,126138,2026-09-11 20:34:30
33880,0.566,1110179840,3.2060,,3.20e-04,126165,2026-09-11 20:34:35
33900,0.566,1110835200,3.2057,,3.19e-04,126147,2026-09-11 20:34:41
33920,0.566,1111490560,3.2057,,3.19e-04,126177,2026-09-11 20:34:46
33940,0.567,1112145920,3.2052,,3.19e-04,126218,2026-09-11 20:34:51
33960,0.567,1112801280,3.2054,,3.18e-04,126087,2026-09-11 20:34:56
33980,0.567,1113456640,3.2053,,3.18e-04,126162,2026-09-11 20:35:01
34000,0.568,1114112000,3.2059,,3.18e-04,126145,2026-09-11 20:35:07
34020,0.568,1114767360,3.2064,,3.17e-04,126105,2026-09-11 20:35:12
34040,0.568,1115422720,3.2055,,3.17e-04,126124,2026-09-11 20:35:17
34060,0.569,1116078080,3.2059,,3.17e-04,126224,2026-09-11 20:35:22
34080,0.569,1116733440,3.2064,,3.16e-04,126177,2026-09-11 20:35:27
34100,0.569,1117388800,3.2058,,3.16e-04,126208,2026-09-11 20:35:33
34120,0.570,1118044160,3.2052,,3.16e-04,126253,2026-09-11 20:35:38
34140,0.570,1118699520,3.2052,,3.15e-04,126210,2026-09-11 20:35:43
34160,0.570,1119354880,3.2052,,3.15e-04,126169,2026-09-11 20:35:48
34180,0.571,1120010240,3.2049,,3.15e-04,126291,2026-09-11 20:35:54
34200,0.571,1120665600,3.2048,,3.14e-04,126273,2026-09-11 20:35:59
34220,0.571,1121320960,3.2049,,3.14e-04,126217,2026-09-11 20:36:04
34240,0.572,1121976320,3.2051,,3.13e-04,126158,2026-09-11 20:36:09
34260,0.572,1122631680,3.2047,,3.13e-04,124346,2026-09-11 20:36:14
34280,0.572,1123287040,3.2046,,3.13e-04,125270,2026-09-11 20:36:20
34300,0.573,1123942400,3.2037,,3.12e-04,126196,2026-09-11 20:36:25
34320,0.573,1124597760,3.2026,,3.12e-04,126204,2026-09-11 20:36:30
34340,0.573,1125253120,3.2030,,3.12e-04,126120,2026-09-11 20:36:35
34360,0.574,1125908480,3.2027,,3.11e-04,126068,2026-09-11 20:36:40
34380,0.574,1126563840,3.2021,,3.11e-04,126028,2026-09-11 20:36:46
34400,0.574,1127219200,3.2018,,3.11e-04,126034,2026-09-11 20:36:51
34420,0.575,1127874560,3.2012,,3.10e-04,125877,2026-09-11 20:36:56
34440,0.575,1128529920,3.2013,,3.10e-04,125962,2026-09-11 20:37:01
34460,0.575,1129185280,3.2012,,3.10e-04,125930,2026-09-11 20:37:07
34480,0.576,1129840640,3.2013,,3.09e-04,125937,2026-09-11 20:37:12
34500,0.576,1130496000,3.2007,,3.09e-04,126117,2026-09-11 20:37:17
34520,0.576,1131151360,3.2005,,3.09e-04,126038,2026-09-11 20:37:22
34540,0.577,1131806720,3.2003,,3.08e-04,125986,2026-09-11 20:37:28
34560,0.577,1132462080,3.2004,,3.08e-04,125971,2026-09-11 20:37:33
34580,0.577,1133117440,3.1994,,3.08e-04,125651,2026-09-11 20:37:38
34600,0.578,1133772800,3.1994,,3.07e-04,125929,2026-09-11 20:37:43
34620,0.578,1134428160,3.1992,,3.07e-04,126219,2026-09-11 20:37:49
34640,0.578,1135083520,3.1996,,3.06e-04,126213,2026-09-11 20:37:54
34660,0.579,1135738880,3.1997,,3.06e-04,126204,2026-09-11 20:37:59
34680,0.579,1136394240,3.1996,,3.06e-04,126178,2026-09-11 20:38:04
34700,0.579,1137049600,3.1998,,3.05e-04,126097,2026-09-11 20:38:09
34720,0.580,1137704960,3.1994,,3.05e-04,126111,2026-09-11 20:38:15
34740,0.580,1138360320,3.1993,,3.05e-04,126108,2026-09-11 20:38:20
34760,0.580,1139015680,3.1996,,3.04e-04,126140,2026-09-11 20:38:25
34780,0.581,1139671040,3.1995,,3.04e-04,126060,2026-09-11 20:38:30
34800,0.581,1140326400,3.1989,,3.04e-04,126071,2026-09-11 20:38:35
34820,0.581,1140981760,3.1987,,3.03e-04,126133,2026-09-11 20:38:41
34840,0.582,1141637120,3.1988,,3.03e-04,126150,2026-09-11 20:38:46
34860,0.582,1142292480,3.1992,,3.03e-04,126154,2026-09-11 20:38:51
34880,0.582,1142947840,3.1992,,3.02e-04,126128,2026-09-11 20:38:56
34900,0.583,1143603200,3.1995,,3.02e-04,126050,2026-09-11 20:39:02
34920,0.583,1144258560,3.1991,,3.02e-04,126118,2026-09-11 20:39:07
34940,0.583,1144913920,3.1989,,3.01e-04,126142,2026-09-11 20:39:12
34960,0.584,1145569280,3.1979,,3.01e-04,126051,2026-09-11 20:39:17
34980,0.584,1146224640,3.1973,,3.01e-04,126179,2026-09-11 20:39:22
35000,0.584,1146880000,3.1974,,3.00e-04,126137,2026-09-11 20:39:28
35000,0.584,1146880000,3.1974,3.1706,3.00e-04,,2026-09-11 20:39:47
35020,0.585,1147535360,3.1974,,3.00e-04,126250,2026-09-11 20:39:53
35040,0.585,1148190720,3.1972,,3.00e-04,126255,2026-09-11 20:39:58
35060,0.585,1148846080,3.1971,,2.99e-04,126201,2026-09-11 20:40:03
35080,0.586,1149501440,3.1967,,2.99e-04,126252,2026-09-11 20:40:08
35100,0.586,1150156800,3.1963,,2.98e-04,125955,2026-09-11 20:40:13
35120,0.586,1150812160,3.1964,,2.98e-04,126075,2026-09-11 20:40:19
35140,0.587,1151467520,3.1964,,2.98e-04,126399,2026-09-11 20:40:24
35160,0.587,1152122880,3.1957,,2.97e-04,126458,2026-09-11 20:40:29
35180,0.587,1152778240,3.1955,,2.97e-04,126478,2026-09-11 20:40:34
35200,0.588,1153433600,3.1951,,2.97e-04,126355,2026-09-11 20:40:39
35220,0.588,1154088960,3.1952,,2.96e-04,125951,2026-09-11 20:40:45
35240,0.588,1154744320,3.1956,,2.96e-04,126167,2026-09-11 20:40:50
35260,0.589,1155399680,3.1958,,2.96e-04,126437,2026-09-11 20:40:55
35280,0.589,1156055040,3.1955,,2.95e-04,126413,2026-09-11 20:41:00
35300,0.589,1156710400,3.1962,,2.95e-04,126382,2026-09-11 20:41:05
35320,0.590,1157365760,3.1963,,2.95e-04,126273,2026-09-11 20:41:11
35340,0.590,1158021120,3.1968,,2.94e-04,126237,2026-09-11 20:41:16
35360,0.590,1158676480,3.1961,,2.94e-04,126305,2026-09-11 20:41:21
35380,0.591,1159331840,3.1954,,2.94e-04,126049,2026-09-11 20:41:26
35400,0.591,1159987200,3.1950,,2.93e-04,126183,2026-09-11 20:41:32
35420,0.591,1160642560,3.1956,,2.93e-04,126338,2026-09-11 20:41:37
35440,0.592,1161297920,3.1957,,2.93e-04,126323,2026-09-11 20:41:42
35460,0.592,1161953280,3.1959,,2.92e-04,126251,2026-09-11 20:41:47
35480,0.592,1162608640,3.1955,,2.92e-04,126198,2026-09-11 20:41:52
35500,0.593,1163264000,3.1956,,2.92e-04,126145,2026-09-11 20:41:58
35520,0.593,1163919360,3.1947,,2.91e-04,126173,2026-09-11 20:42:03
35540,0.593,1164574720,3.1943,,2.91e-04,126255,2026-09-11 20:42:08
35560,0.594,1165230080,3.1938,,2.91e-04,126301,2026-09-11 20:42:13
35580,0.594,1165885440,3.1932,,2.90e-04,126191,2026-09-11 20:42:18
35600,0.594,1166540800,3.1933,,2.90e-04,126198,2026-09-11 20:42:24
35620,0.595,1167196160,3.1929,,2.89e-04,126172,2026-09-11 20:42:29
35640,0.595,1167851520,3.1928,,2.89e-04,126201,2026-09-11 20:42:34
35660,0.595,1168506880,3.1936,,2.89e-04,126178,2026-09-11 20:42:39
35680,0.596,1169162240,3.1929,,2.88e-04,126160,2026-09-11 20:42:44
35700,0.596,1169817600,3.1924,,2.88e-04,126102,2026-09-11 20:42:50
35720,0.596,1170472960,3.1930,,2.88e-04,126193,2026-09-11 20:42:55
35740,0.597,1171128320,3.1930,,2.87e-04,126153,2026-09-11 20:43:00
35760,0.597,1171783680,3.1931,,2.87e-04,126069,2026-09-11 20:43:05
35780,0.597,1172439040,3.1932,,2.87e-04,126094,2026-09-11 20:43:11
35800,0.598,1173094400,3.1929,,2.86e-04,126172,2026-09-11 20:43:16
35820,0.598,1173749760,3.1930,,2.86e-04,126057,2026-09-11 20:43:21
35840,0.598,1174405120,3.1929,,2.86e-04,126168,2026-09-11 20:43:26
35860,0.599,1175060480,3.1922,,2.85e-04,126319,2026-09-11 20:43:31
35880,0.599,1175715840,3.1922,,2.85e-04,126283,2026-09-11 20:43:37
35900,0.599,1176371200,3.1925,,2.85e-04,126276,2026-09-11 20:43:42
35920,0.600,1177026560,3.1923,,2.84e-04,126274,2026-09-11 20:43:47
35940,0.600,1177681920,3.1930,,2.84e-04,126245,2026-09-11 20:43:52
35960,0.600,1178337280,3.1927,,2.84e-04,126095,2026-09-11 20:43:57
35980,0.601,1178992640,3.1923,,2.83e-04,126287,2026-09-11 20:44:03
36000,0.601,1179648000,3.1921,,2.83e-04,126232,2026-09-11 20:44:08
36020,0.601,1180303360,3.1919,,2.83e-04,126283,2026-09-11 20:44:13
36040,0.602,1180958720,3.1916,,2.82e-04,126229,2026-09-11 20:44:18
36060,0.602,1181614080,3.1916,,2.82e-04,126128,2026-09-11 20:44:23
36080,0.602,1182269440,3.1915,,2.82e-04,125918,2026-09-11 20:44:29
36100,0.603,1182924800,3.1914,,2.81e-04,126110,2026-09-11 20:44:34
36120,0.603,1183580160,3.1914,,2.81e-04,126135,2026-09-11 20:44:39
36140,0.603,1184235520,3.1913,,2.81e-04,126213,2026-09-11 20:44:44
36160,0.604,1184890880,3.1916,,2.80e-04,126202,2026-09-11 20:44:49
36180,0.604,1185546240,3.1920,,2.80e-04,126068,2026-09-11 20:44:55
36200,0.604,1186201600,3.1923,,2.80e-04,126024,2026-09-11 20:45:00
36220,0.605,1186856960,3.1920,,2.79e-04,126300,2026-09-11 20:45:05
36240,0.605,1187512320,3.1920,,2.79e-04,126225,2026-09-11 20:45:10
36260,0.605,1188167680,3.1923,,2.78e-04,126237,2026-09-11 20:45:16
36280,0.606,1188823040,3.1924,,2.78e-04,126251,2026-09-11 20:45:21
36300,0.606,1189478400,3.1916,,2.78e-04,126077,2026-09-11 20:45:26
36320,0.606,1190133760,3.1914,,2.77e-04,126129,2026-09-11 20:45:31
36340,0.607,1190789120,3.1916,,2.77e-04,126202,2026-09-11 20:45:36
36360,0.607,1191444480,3.1907,,2.77e-04,126191,2026-09-11 20:45:42
36380,0.607,1192099840,3.1905,,2.76e-04,126089,2026-09-11 20:45:47
36400,0.608,1192755200,3.1903,,2.76e-04,126021,2026-09-11 20:45:52
36420,0.608,1193410560,3.1904,,2.76e-04,126123,2026-09-11 20:45:57
36440,0.608,1194065920,3.1901,,2.75e-04,126188,2026-09-11 20:46:02
36460,0.609,1194721280,3.1897,,2.75e-04,126234,2026-09-11 20:46:08
36480,0.609,1195376640,3.1892,,2.75e-04,126164,2026-09-11 20:46:13
36500,0.609,1196032000,3.1897,,2.74e-04,126178,2026-09-11 20:46:18
36520,0.610,1196687360,3.1895,,2.74e-04,126177,2026-09-11 20:46:23
36540,0.610,1197342720,3.1891,,2.74e-04,126157,2026-09-11 20:46:29
36560,0.611,1197998080,3.1889,,2.73e-04,126102,2026-09-11 20:46:34
36580,0.611,1198653440,3.1885,,2.73e-04,126187,2026-09-11 20:46:39
36600,0.611,1199308800,3.1885,,2.73e-04,126174,2026-09-11 20:46:44
36620,0.612,1199964160,3.1879,,2.72e-04,126094,2026-09-11 20:46:49
36640,0.612,1200619520,3.1880,,2.72e-04,126160,2026-09-11 20:46:55
36660,0.612,1201274880,3.1876,,2.72e-04,126321,2026-09-11 20:47:00
36680,0.613,1201930240,3.1873,,2.71e-04,126256,2026-09-11 20:47:05
36700,0.613,1202585600,3.1868,,2.71e-04,126021,2026-09-11 20:47:10
36720,0.613,1203240960,3.1872,,2.71e-04,126078,2026-09-11 20:47:16
36740,0.614,1203896320,3.1867,,2.70e-04,125993,2026-09-11 20:47:21
36760,0.614,1204551680,3.1865,,2.70e-04,126030,2026-09-11 20:47:26
36780,0.614,1205207040,3.1861,,2.70e-04,126231,2026-09-11 20:47:31
36800,0.615,1205862400,3.1866,,2.69e-04,126270,2026-09-11 20:47:37
36820,0.615,1206517760,3.1861,,2.69e-04,125981,2026-09-11 20:47:42
36840,0.615,1207173120,3.1860,,2.69e-04,126030,2026-09-11 20:47:47
36860,0.616,1207828480,3.1854,,2.68e-04,125924,2026-09-11 20:47:52
36880,0.616,1208483840,3.1856,,2.68e-04,125909,2026-09-11 20:47:57
36900,0.616,1209139200,3.1856,,2.68e-04,126177,2026-09-11 20:48:03
36920,0.617,1209794560,3.1850,,2.67e-04,126189,2026-09-11 20:48:08
36940,0.617,1210449920,3.1854,,2.67e-04,126241,2026-09-11 20:48:13
36960,0.617,1211105280,3.1857,,2.67e-04,126243,2026-09-11 20:48:18
36980,0.618,1211760640,3.1855,,2.66e-04,126188,2026-09-11 20:48:23
37000,0.618,1212416000,3.1848,,2.66e-04,126216,2026-09-11 20:48:29
37020,0.618,1213071360,3.1849,,2.66e-04,126182,2026-09-11 20:48:34
37040,0.619,1213726720,3.1847,,2.65e-04,126153,2026-09-11 20:48:39
37060,0.619,1214382080,3.1846,,2.65e-04,126072,2026-09-11 20:48:44
37080,0.619,1215037440,3.1849,,2.65e-04,126027,2026-09-11 20:48:49
37100,0.620,1215692800,3.1848,,2.64e-04,125697,2026-09-11 20:48:55
37120,0.620,1216348160,3.1842,,2.64e-04,125959,2026-09-11 20:49:00
37140,0.620,1217003520,3.1838,,2.64e-04,126258,2026-09-11 20:49:05
37160,0.621,1217658880,3.1840,,2.63e-04,126242,2026-09-11 20:49:10
37180,0.621,1218314240,3.1839,,2.63e-04,126099,2026-09-11 20:49:16
37200,0.621,1218969600,3.1840,,2.63e-04,126087,2026-09-11 20:49:21
37220,0.622,1219624960,3.1835,,2.62e-04,126098,2026-09-11 20:49:26
37240,0.622,1220280320,3.1836,,2.62e-04,126087,2026-09-11 20:49:31
37260,0.622,1220935680,3.1823,,2.62e-04,126016,2026-09-11 20:49:36
37280,0.623,1221591040,3.1825,,2.61e-04,126143,2026-09-11 20:49:42
37300,0.623,1222246400,3.1827,,2.61e-04,126217,2026-09-11 20:49:47
37320,0.623,1222901760,3.1829,,2.61e-04,126194,2026-09-11 20:49:52
37340,0.624,1223557120,3.1833,,2.60e-04,126157,2026-09-11 20:49:57
37360,0.624,1224212480,3.1836,,2.60e-04,126076,2026-09-11 20:50:02
37380,0.624,1224867840,3.1837,,2.60e-04,126146,2026-09-11 20:50:08
37400,0.625,1225523200,3.1830,,2.59e-04,126107,2026-09-11 20:50:13
37420,0.625,1226178560,3.1826,,2.59e-04,126094,2026-09-11 20:50:18
37440,0.625,1226833920,3.1824,,2.59e-04,126166,2026-09-11 20:50:23
37460,0.626,1227489280,3.1824,,2.58e-04,126216,2026-09-11 20:50:29
37480,0.626,1228144640,3.1820,,2.58e-04,126170,2026-09-11 20:50:34
37500,0.626,1228800000,3.1823,,2.58e-04,126149,2026-09-11 20:50:39
37520,0.627,1229455360,3.1820,,2.57e-04,126198,2026-09-11 20:50:44
37540,0.627,1230110720,3.1819,,2.57e-04,126337,2026-09-11 20:50:49
37560,0.627,1230766080,3.1817,,2.57e-04,126236,2026-09-11 20:50:55
37580,0.628,1231421440,3.1830,,2.56e-04,126219,2026-09-11 20:51:00
37600,0.628,1232076800,3.1831,,2.56e-04,126186,2026-09-11 20:51:05
37620,0.628,1232732160,3.1825,,2.56e-04,126159,2026-09-11 20:51:10
37640,0.629,1233387520,3.1826,,2.55e-04,126064,2026-09-11 20:51:15
37660,0.629,1234042880,3.1821,,2.55e-04,126095,2026-09-11 20:51:21
37680,0.629,1234698240,3.1821,,2.55e-04,126169,2026-09-11 20:51:26
37700,0.630,1235353600,3.1826,,2.54e-04,126214,2026-09-11 20:51:31
37720,0.630,1236008960,3.1832,,2.54e-04,126213,2026-09-11 20:51:36
37740,0.630,1236664320,3.1822,,2.54e-04,126359,2026-09-11 20:51:41
37760,0.631,1237319680,3.1817,,2.53e-04,126271,2026-09-11 20:51:47
37780,0.631,1237975040,3.1816,,2.53e-04,126064,2026-09-11 20:51:52
37800,0.631,1238630400,3.1819,,2.53e-04,126105,2026-09-11 20:51:57
37820,0.632,1239285760,3.1816,,2.52e-04,126062,2026-09-11 20:52:02
37840,0.632,1239941120,3.1811,,2.52e-04,126192,2026-09-11 20:52:07
37860,0.632,1240596480,3.1815,,2.52e-04,126175,2026-09-11 20:52:13
37880,0.633,1241251840,3.1818,,2.51e-04,126176,2026-09-11 20:52:18
37900,0.633,1241907200,3.1819,,2.51e-04,126184,2026-09-11 20:52:23
37920,0.633,1242562560,3.1810,,2.51e-04,126233,2026-09-11 20:52:28
37940,0.634,1243217920,3.1815,,2.50e-04,126337,2026-09-11 20:52:34
37960,0.634,1243873280,3.1810,,2.50e-04,126182,2026-09-11 20:52:39
37980,0.634,1244528640,3.1808,,2.50e-04,126338,2026-09-11 20:52:44
38000,0.635,1245184000,3.1811,,2.49e-04,126341,2026-09-11 20:52:49
38020,0.635,1245839360,3.1808,,2.49e-04,126477,2026-09-11 20:52:54
38040,0.635,1246494720,3.1801,,2.49e-04,126398,2026-09-11 20:53:00
38060,0.636,1247150080,3.1802,,2.48e-04,126333,2026-09-11 20:53:05
38080,0.636,1247805440,3.1798,,2.48e-04,126231,2026-09-11 20:53:10
38100,0.636,1248460800,3.1800,,2.48e-04,126263,2026-09-11 20:53:15
38120,0.637,1249116160,3.1802,,2.47e-04,126013,2026-09-11 20:53:20
38140,0.637,1249771520,3.1804,,2.47e-04,126201,2026-09-11 20:53:26
38160,0.637,1250426880,3.1808,,2.47e-04,126248,2026-09-11 20:53:31
38180,0.638,1251082240,3.1805,,2.46e-04,126370,2026-09-11 20:53:36
38200,0.638,1251737600,3.1799,,2.46e-04,126326,2026-09-11 20:53:41
38220,0.638,1252392960,3.1801,,2.46e-04,126270,2026-09-11 20:53:46
38240,0.639,1253048320,3.1804,,2.45e-04,126229,2026-09-11 20:53:52
38260,0.639,1253703680,3.1804,,2.45e-04,126221,2026-09-11 20:53:57
38280,0.639,1254359040,3.1799,,2.45e-04,126229,2026-09-11 20:54:02
38300,0.640,1255014400,3.1802,,2.44e-04,126193,2026-09-11 20:54:07
38320,0.640,1255669760,3.1799,,2.44e-04,126227,2026-09-11 20:54:12
38340,0.640,1256325120,3.1801,,2.44e-04,126255,2026-09-11 20:54:18
38360,0.641,1256980480,3.1800,,2.43e-04,126260,2026-09-11 20:54:23
38380,0.641,1257635840,3.1795,,2.43e-04,126292,2026-09-11 20:54:28
38400,0.641,1258291200,3.1797,,2.43e-04,126241,2026-09-11 20:54:33
38420,0.642,1258946560,3.1787,,2.42e-04,126121,2026-09-11 20:54:39
38440,0.642,1259601920,3.1785,,2.42e-04,126059,2026-09-11 20:54:44
38460,0.642,1260257280,3.1781,,2.42e-04,126239,2026-09-11 20:54:49
38480,0.643,1260912640,3.1776,,2.41e-04,126250,2026-09-11 20:54:54
38500,0.643,1261568000,3.1778,,2.41e-04,126290,2026-09-11 20:54:59
38520,0.643,1262223360,3.1783,,2.41e-04,126286,2026-09-11 20:55:05
38540,0.644,1262878720,3.1782,,2.40e-04,126242,2026-09-11 20:55:10
38560,0.644,1263534080,3.1783,,2.40e-04,126199,2026-09-11 20:55:15
38580,0.644,1264189440,3.1778,,2.40e-04,125761,2026-09-11 20:55:20
38600,0.645,1264844800,3.1775,,2.39e-04,126011,2026-09-11 20:55:25
38620,0.645,1265500160,3.1772,,2.39e-04,126201,2026-09-11 20:55:31
38640,0.645,1266155520,3.1768,,2.39e-04,126204,2026-09-11 20:55:36
38660,0.646,1266810880,3.1764,,2.38e-04,126378,2026-09-11 20:55:41
38680,0.646,1267466240,3.1767,,2.38e-04,126321,2026-09-11 20:55:46
38700,0.646,1268121600,3.1766,,2.38e-04,126173,2026-09-11 20:55:52
38720,0.647,1268776960,3.1770,,2.37e-04,126108,2026-09-11 20:55:57
38740,0.647,1269432320,3.1767,,2.37e-04,125837,2026-09-11 20:56:02
38760,0.647,1270087680,3.1763,,2.37e-04,125997,2026-09-11 20:56:07
38780,0.648,1270743040,3.1763,,2.36e-04,126113,2026-09-11 20:56:13
38800,0.648,1271398400,3.1764,,2.36e-04,126109,2026-09-11 20:56:18
38820,0.648,1272053760,3.1765,,2.36e-04,126129,2026-09-11 20:56:23
38840,0.649,1272709120,3.1764,,2.36e-04,126118,2026-09-11 20:56:28
38860,0.649,1273364480,3.1761,,2.35e-04,126131,2026-09-11 20:56:33
38880,0.649,1274019840,3.1765,,2.35e-04,126199,2026-09-11 20:56:39
38900,0.650,1274675200,3.1761,,2.35e-04,126297,2026-09-11 20:56:44
38920,0.650,1275330560,3.1750,,2.34e-04,126297,2026-09-11 20:56:49
38940,0.650,1275985920,3.1748,,2.34e-04,126268,2026-09-11 20:56:54
38960,0.651,1276641280,3.1745,,2.34e-04,126176,2026-09-11 20:56:59
38980,0.651,1277296640,3.1745,,2.33e-04,126205,2026-09-11 20:57:05
39000,0.651,1277952000,3.1747,,2.33e-04,126221,2026-09-11 20:57:10
39020,0.652,1278607360,3.1745,,2.33e-04,126193,2026-09-11 20:57:15
39040,0.652,1279262720,3.1740,,2.32e-04,126188,2026-09-11 20:57:20
39060,0.652,1279918080,3.1737,,2.32e-04,126252,2026-09-11 20:57:25
39080,0.653,1280573440,3.1735,,2.32e-04,126193,2026-09-11 20:57:31
39100,0.653,1281228800,3.1732,,2.31e-04,126051,2026-09-11 20:57:36
39120,0.653,1281884160,3.1737,,2.31e-04,126073,2026-09-11 20:57:41
39140,0.654,1282539520,3.1734,,2.31e-04,126106,2026-09-11 20:57:46
39160,0.654,1283194880,3.1731,,2.30e-04,125963,2026-09-11 20:57:52
39180,0.654,1283850240,3.1726,,2.30e-04,126244,2026-09-11 20:57:57
39200,0.655,1284505600,3.1719,,2.30e-04,126255,2026-09-11 20:58:02
39220,0.655,1285160960,3.1713,,2.29e-04,126266,2026-09-11 20:58:07
39240,0.655,1285816320,3.1708,,2.29e-04,126228,2026-09-11 20:58:12
39260,0.656,1286471680,3.1713,,2.29e-04,126049,2026-09-11 20:58:18
39280,0.656,1287127040,3.1714,,2.28e-04,125978,2026-09-11 20:58:23
39300,0.656,1287782400,3.1715,,2.28e-04,126194,2026-09-11 20:58:28
39320,0.657,1288437760,3.1709,,2.28e-04,126209,2026-09-11 20:58:33
39340,0.657,1289093120,3.1708,,2.27e-04,126292,2026-09-11 20:58:38
39360,0.657,1289748480,3.1699,,2.27e-04,126318,2026-09-11 20:58:44
39380,0.658,1290403840,3.1696,,2.27e-04,126356,2026-09-11 20:58:49
39400,0.658,1291059200,3.1701,,2.27e-04,126332,2026-09-11 20:58:54
39420,0.658,1291714560,3.1702,,2.26e-04,126191,2026-09-11 20:58:59
39440,0.659,1292369920,3.1707,,2.26e-04,126202,2026-09-11 20:59:04
39460,0.659,1293025280,3.1701,,2.26e-04,126033,2026-09-11 20:59:10
39480,0.659,1293680640,3.1696,,2.25e-04,126033,2026-09-11 20:59:15
39500,0.660,1294336000,3.1697,,2.25e-04,126200,2026-09-11 20:59:20
39520,0.660,1294991360,3.1693,,2.25e-04,126274,2026-09-11 20:59:25
39540,0.660,1295646720,3.1688,,2.24e-04,126378,2026-09-11 20:59:31
39560,0.661,1296302080,3.1690,,2.24e-04,126252,2026-09-11 20:59:36
39580,0.661,1296957440,3.1691,,2.24e-04,126111,2026-09-11 20:59:41
39600,0.661,1297612800,3.1687,,2.23e-04,126074,2026-09-11 20:59:46
39620,0.662,1298268160,3.1687,,2.23e-04,126235,2026-09-11 20:59:51
39640,0.662,1298923520,3.1682,,2.23e-04,126282,2026-09-11 20:59:57
39660,0.662,1299578880,3.1680,,2.22e-04,126106,2026-09-11 21:00:02
39680,0.663,1300234240,3.1680,,2.22e-04,126133,2026-09-11 21:00:07
39700,0.663,1300889600,3.1674,,2.22e-04,125980,2026-09-11 21:00:12
39720,0.663,1301544960,3.1671,,2.21e-04,126020,2026-09-11 21:00:17
39740,0.664,1302200320,3.1671,,2.21e-04,126244,2026-09-11 21:00:23
39760,0.664,1302855680,3.1666,,2.21e-04,126213,2026-09-11 21:00:28
39780,0.664,1303511040,3.1666,,2.20e-04,126135,2026-09-11 21:00:33
39800,0.665,1304166400,3.1665,,2.20e-04,126166,2026-09-11 21:00:38
39820,0.665,1304821760,3.1661,,2.20e-04,126141,2026-09-11 21:00:43
39840,0.665,1305477120,3.1659,,2.20e-04,126196,2026-09-11 21:00:49
39860,0.666,1306132480,3.1657,,2.19e-04,126221,2026-09-11 21:00:54
39880,0.666,1306787840,3.1651,,2.19e-04,126198,2026-09-11 21:00:59
39900,0.666,1307443200,3.1654,,2.19e-04,126090,2026-09-11 21:01:04
39920,0.667,1308098560,3.1651,,2.18e-04,126166,2026-09-11 21:01:10
39940,0.667,1308753920,3.1652,,2.18e-04,126141,2026-09-11 21:01:15
39960,0.667,1309409280,3.1646,,2.18e-04,126102,2026-09-11 21:01:20
39980,0.668,1310064640,3.1651,,2.17e-04,126038,2026-09-11 21:01:25
40000,0.668,1310720000,3.1656,,2.17e-04,126074,2026-09-11 21:01:30
40000,0.668,1310720000,3.1656,3.1368,2.17e-04,,2026-09-11 21:01:49
40020,0.668,1311375360,3.1654,,2.17e-04,126336,2026-09-11 21:01:55
40040,0.669,1312030720,3.1654,,2.16e-04,126428,2026-09-11 21:02:00
40060,0.669,1312686080,3.1651,,2.16e-04,126279,2026-09-11 21:02:05
40080,0.669,1313341440,3.1648,,2.16e-04,126089,2026-09-11 21:02:10
40100,0.670,1313996800,3.1647,,2.15e-04,126247,2026-09-11 21:02:16
40120,0.670,1314652160,3.1649,,2.15e-04,126241,2026-09-11 21:02:21
40140,0.670,1315307520,3.1646,,2.15e-04,126304,2026-09-11 21:02:26
40160,0.671,1315962880,3.1644,,2.14e-04,126376,2026-09-11 21:02:31
40180,0.671,1316618240,3.1646,,2.14e-04,126425,2026-09-11 21:02:36
40200,0.671,1317273600,3.1646,,2.14e-04,126380,2026-09-11 21:02:42
40220,0.672,1317928960,3.1644,,2.14e-04,125765,2026-09-11 21:02:47
40240,0.672,1318584320,3.1641,,2.13e-04,126025,2026-09-11 21:02:52
40260,0.672,1319239680,3.1641,,2.13e-04,126353,2026-09-11 21:02:57
40280,0.673,1319895040,3.1638,,2.13e-04,126319,2026-09-11 21:03:02
40300,0.673,1320550400,3.1637,,2.12e-04,126288,2026-09-11 21:03:08
40320,0.673,1321205760,3.1641,,2.12e-04,126325,2026-09-11 21:03:13
40340,0.674,1321861120,3.1639,,2.12e-04,126378,2026-09-11 21:03:18
40360,0.674,1322516480,3.1641,,2.11e-04,126375,2026-09-11 21:03:23
40380,0.674,1323171840,3.1640,,2.11e-04,126395,2026-09-11 21:03:28
40400,0.675,1323827200,3.1643,,2.11e-04,126311,2026-09-11 21:03:34
40420,0.675,1324482560,3.1640,,2.10e-04,126229,2026-09-11 21:03:39
40440,0.675,1325137920,3.1637,,2.10e-04,126199,2026-09-11 21:03:44
40460,0.676,1325793280,3.1636,,2.10e-04,126192,2026-09-11 21:03:49
40480,0.676,1326448640,3.1643,,2.10e-04,126171,2026-09-11 21:03:54
40500,0.676,1327104000,3.1637,,2.09e-04,126291,2026-09-11 21:04:00
40520,0.677,1327759360,3.1628,,2.09e-04,126273,2026-09-11 21:04:05
40540,0.677,1328414720,3.1621,,2.09e-04,126114,2026-09-11 21:04:10
40560,0.677,1329070080,3.1626,,2.08e-04,126077,2026-09-11 21:04:15
40580,0.678,1329725440,3.1624,,2.08e-04,126345,2026-09-11 21:04:20
40600,0.678,1330380800,3.1622,,2.08e-04,126331,2026-09-11 21:04:26
40620,0.678,1331036160,3.1624,,2.07e-04,126313,2026-09-11 21:04:31
40640,0.679,1331691520,3.1624,,2.07e-04,126208,2026-09-11 21:04:36
40660,0.679,1332346880,3.1623,,2.07e-04,126257,2026-09-11 21:04:41
40680,0.679,1333002240,3.1618,,2.06e-04,126218,2026-09-11 21:04:47
40700,0.680,1333657600,3.1625,,2.06e-04,126342,2026-09-11 21:04:52
40720,0.680,1334312960,3.1622,,2.06e-04,126314,2026-09-11 21:04:57
40740,0.680,1334968320,3.1621,,2.06e-04,126132,2026-09-11 21:05:02
40760,0.681,1335623680,3.1617,,2.05e-04,126100,2026-09-11 21:05:08
40780,0.681,1336279040,3.1614,,2.05e-04,126054,2026-09-11 21:05:13
40800,0.681,1336934400,3.1612,,2.05e-04,126116,2026-09-11 21:05:18
40820,0.682,1337589760,3.1609,,2.04e-04,126287,2026-09-11 21:05:23
40840,0.682,1338245120,3.1611,,2.04e-04,126267,2026-09-11 21:05:28
40860,0.682,1338900480,3.1600,,2.04e-04,126182,2026-09-11 21:05:34
40880,0.683,1339555840,3.1595,,2.03e-04,126196,2026-09-11 21:05:39
40900,0.683,1340211200,3.1590,,2.03e-04,126104,2026-09-11 21:05:44
40920,0.683,1340866560,3.1590,,2.03e-04,126157,2026-09-11 21:05:49
40940,0.684,1341521920,3.1587,,2.02e-04,126286,2026-09-11 21:05:54
40960,0.684,1342177280,3.1582,,2.02e-04,126263,2026-09-11 21:06:00
40980,0.684,1342832640,3.1577,,2.02e-04,126282,2026-09-11 21:06:05
41000,0.685,1343488000,3.1583,,2.02e-04,126229,2026-09-11 21:06:10
41020,0.685,1344143360,3.1582,,2.01e-04,126237,2026-09-11 21:06:15
41040,0.685,1344798720,3.1576,,2.01e-04,126145,2026-09-11 21:06:21
41060,0.686,1345454080,3.1578,,2.01e-04,126040,2026-09-11 21:06:26
41080,0.686,1346109440,3.1578,,2.00e-04,125919,2026-09-11 21:06:31
41100,0.686,1346764800,3.1571,,2.00e-04,126020,2026-09-11 21:06:36
41120,0.687,1347420160,3.1567,,2.00e-04,126085,2026-09-11 21:06:41
41140,0.687,1348075520,3.1566,,1.99e-04,126162,2026-09-11 21:06:47
41160,0.687,1348730880,3.1566,,1.99e-04,126100,2026-09-11 21:06:52
41180,0.688,1349386240,3.1561,,1.99e-04,126219,2026-09-11 21:06:57
41200,0.688,1350041600,3.1557,,1.99e-04,126193,2026-09-11 21:07:02
41220,0.688,1350696960,3.1553,,1.98e-04,126176,2026-09-11 21:07:07
41240,0.689,1351352320,3.1547,,1.98e-04,126205,2026-09-11 21:07:13
41260,0.689,1352007680,3.1546,,1.98e-04,126316,2026-09-11 21:07:18
41280,0.689,1352663040,3.1552,,1.97e-04,126311,2026-09-11 21:07:23
41300,0.690,1353318400,3.1552,,1.97e-04,125748,2026-09-11 21:07:28
41320,0.690,1353973760,3.1545,,1.97e-04,125978,2026-09-11 21:07:34
41340,0.690,1354629120,3.1539,,1.96e-04,126081,2026-09-11 21:07:39
41360,0.691,1355284480,3.1537,,1.96e-04,126143,2026-09-11 21:07:44
41380,0.691,1355939840,3.1539,,1.96e-04,126201,2026-09-11 21:07:49
41400,0.691,1356595200,3.1535,,1.95e-04,126170,2026-09-11 21:07:54
41420,0.692,1357250560,3.1530,,1.95e-04,126210,2026-09-11 21:08:00
41440,0.692,1357905920,3.1531,,1.95e-04,126243,2026-09-11 21:08:05
41460,0.692,1358561280,3.1521,,1.95e-04,126232,2026-09-11 21:08:10
41480,0.693,1359216640,3.1523,,1.94e-04,126203,2026-09-11 21:08:15
41500,0.693,1359872000,3.1523,,1.94e-04,126104,2026-09-11 21:08:20
41520,0.693,1360527360,3.1522,,1.94e-04,126176,2026-09-11 21:08:26
41540,0.694,1361182720,3.1524,,1.93e-04,126177,2026-09-11 21:08:31
41560,0.694,1361838080,3.1523,,1.93e-04,126032,2026-09-11 21:08:36
41580,0.694,1362493440,3.1523,,1.93e-04,126231,2026-09-11 21:08:41
41600,0.695,1363148800,3.1521,,1.93e-04,126222,2026-09-11 21:08:46
41620,0.695,1363804160,3.1523,,1.92e-04,125809,2026-09-11 21:08:52
41640,0.695,1364459520,3.1526,,1.92e-04,125996,2026-09-11 21:08:57
41660,0.696,1365114880,3.1524,,1.92e-04,126165,2026-09-11 21:09:02
41680,0.696,1365770240,3.1524,,1.91e-04,126190,2026-09-11 21:09:07
41700,0.696,1366425600,3.1523,,1.91e-04,126128,2026-09-11 21:09:13
41720,0.697,1367080960,3.1526,,1.91e-04,126254,2026-09-11 21:09:18
41740,0.697,1367736320,3.1528,,1.90e-04,126283,2026-09-11 21:09:23
41760,0.697,1368391680,3.1537,,1.90e-04,126312,2026-09-11 21:09:28
41780,0.698,1369047040,3.1534,,1.90e-04,126359,2026-09-11 21:09:33
41800,0.698,1369702400,3.1533,,1.90e-04,126325,2026-09-11 21:09:39
41820,0.698,1370357760,3.1530,,1.89e-04,126296,2026-09-11 21:09:44
41840,0.699,1371013120,3.1529,,1.89e-04,126271,2026-09-11 21:09:49
41860,0.699,1371668480,3.1529,,1.89e-04,126049,2026-09-11 21:09:54
41880,0.699,1372323840,3.1528,,1.88e-04,126097,2026-09-11 21:09:59
41900,0.700,1372979200,3.1523,,1.88e-04,126154,2026-09-11 21:10:05
41920,0.700,1373634560,3.1526,,1.88e-04,126184,2026-09-11 21:10:10
41940,0.700,1374289920,3.1523,,1.87e-04,126243,2026-09-11 21:10:15
41960,0.701,1374945280,3.1521,,1.87e-04,126278,2026-09-11 21:10:20
41980,0.701,1375600640,3.1519,,1.87e-04,126269,2026-09-11 21:10:25
42000,0.701,1376256000,3.1517,,1.87e-04,126239,2026-09-11 21:10:31
42020,0.702,1376911360,3.1515,,1.86e-04,125981,2026-09-11 21:10:36
42040,0.702,1377566720,3.1512,,1.86e-04,126090,2026-09-11 21:10:41
42060,0.702,1378222080,3.1508,,1.86e-04,126187,2026-09-11 21:10:46
42080,0.703,1378877440,3.1506,,1.85e-04,126131,2026-09-11 21:10:51
42100,0.703,1379532800,3.1510,,1.85e-04,126070,2026-09-11 21:10:57
42120,0.703,1380188160,3.1502,,1.85e-04,126119,2026-09-11 21:11:02
42140,0.704,1380843520,3.1505,,1.85e-04,126090,2026-09-11 21:11:07
42160,0.704,1381498880,3.1510,,1.84e-04,126067,2026-09-11 21:11:12
42180,0.704,1382154240,3.1502,,1.84e-04,126122,2026-09-11 21:11:18
42200,0.705,1382809600,3.1498,,1.84e-04,126179,2026-09-11 21:11:23
42220,0.705,1383464960,3.1503,,1.83e-04,126123,2026-09-11 21:11:28
42240,0.705,1384120320,3.1501,,1.83e-04,126150,2026-09-11 21:11:33
42260,0.706,1384775680,3.1497,,1.83e-04,126208,2026-09-11 21:11:38
42280,0.706,1385431040,3.1502,,1.82e-04,126230,2026-09-11 21:11:44
42300,0.706,1386086400,3.1500,,1.82e-04,126159,2026-09-11 21:11:49
42320,0.707,1386741760,3.1495,,1.82e-04,126130,2026-09-11 21:11:54
42340,0.707,1387397120,3.1493,,1.82e-04,126309,2026-09-11 21:11:59
42360,0.707,1388052480,3.1492,,1.81e-04,126286,2026-09-11 21:12:04
42380,0.708,1388707840,3.1491,,1.81e-04,126067,2026-09-11 21:12:10
42400,0.708,1389363200,3.1491,,1.81e-04,126145,2026-09-11 21:12:15
42420,0.708,1390018560,3.1491,,1.80e-04,126325,2026-09-11 21:12:20
42440,0.709,1390673920,3.1488,,1.80e-04,126359,2026-09-11 21:12:25
42460,0.709,1391329280,3.1485,,1.80e-04,126291,2026-09-11 21:12:30
42480,0.709,1391984640,3.1477,,1.80e-04,126316,2026-09-11 21:12:36
42500,0.710,1392640000,3.1480,,1.79e-04,125976,2026-09-11 21:12:41
42520,0.710,1393295360,3.1484,,1.79e-04,126170,2026-09-11 21:12:46
42540,0.710,1393950720,3.1478,,1.79e-04,126157,2026-09-11 21:12:51
42560,0.711,1394606080,3.1474,,1.78e-04,126144,2026-09-11 21:12:56
42580,0.711,1395261440,3.1477,,1.78e-04,126103,2026-09-11 21:13:02
42600,0.711,1395916800,3.1477,,1.78e-04,126180,2026-09-11 21:13:07
42620,0.712,1396572160,3.1472,,1.78e-04,126352,2026-09-11 21:13:12
42640,0.712,1397227520,3.1473,,1.77e-04,126287,2026-09-11 21:13:17
42660,0.712,1397882880,3.1472,,1.77e-04,126308,2026-09-11 21:13:23
42680,0.713,1398538240,3.1463,,1.77e-04,126320,2026-09-11 21:13:28
42700,0.713,1399193600,3.1468,,1.76e-04,126319,2026-09-11 21:13:33
42720,0.713,1399848960,3.1467,,1.76e-04,126204,2026-09-11 21:13:38
42740,0.714,1400504320,3.1470,,1.76e-04,126206,2026-09-11 21:13:43
42760,0.714,1401159680,3.1467,,1.76e-04,126242,2026-09-11 21:13:49
42780,0.714,1401815040,3.1466,,1.75e-04,126180,2026-09-11 21:13:54
42800,0.715,1402470400,3.1467,,1.75e-04,126228,2026-09-11 21:13:59
42820,0.715,1403125760,3.1467,,1.75e-04,126270,2026-09-11 21:14:04
42840,0.715,1403781120,3.1466,,1.74e-04,126179,2026-09-11 21:14:10
42860,0.716,1404436480,3.1463,,1.74e-04,126189,2026-09-11 21:14:15
42880,0.716,1405091840,3.1465,,1.74e-04,126213,2026-09-11 21:14:20
42900,0.716,1405747200,3.1461,,1.74e-04,126126,2026-09-11 21:14:25
42920,0.717,1406402560,3.1456,,1.73e-04,126168,2026-09-11 21:14:30
42940,0.717,1407057920,3.1456,,1.73e-04,126314,2026-09-11 21:14:36
42960,0.717,1407713280,3.1458,,1.73e-04,126292,2026-09-11 21:14:41
42980,0.718,1408368640,3.1455,,1.72e-04,126260,2026-09-11 21:14:46
43000,0.718,1409024000,3.1451,,1.72e-04,126276,2026-09-11 21:14:51
43020,0.718,1409679360,3.1454,,1.72e-04,126062,2026-09-11 21:14:57
43040,0.719,1410334720,3.1443,,1.72e-04,125997,2026-09-11 21:15:02
43060,0.719,1410990080,3.1444,,1.71e-04,126166,2026-09-11 21:15:07
43080,0.719,1411645440,3.1444,,1.71e-04,126210,2026-09-11 21:15:12
43100,0.720,1412300800,3.1444,,1.71e-04,126215,2026-09-11 21:15:17
43120,0.720,1412956160,3.1437,,1.70e-04,126097,2026-09-11 21:15:23
43140,0.720,1413611520,3.1435,,1.70e-04,126201,2026-09-11 21:15:28
43160,0.721,1414266880,3.1428,,1.70e-04,126195,2026-09-11 21:15:33
43180,0.721,1414922240,3.1419,,1.70e-04,125876,2026-09-11 21:15:38
43200,0.721,1415577600,3.1415,,1.69e-04,126052,2026-09-11 21:15:43
43220,0.722,1416232960,3.1408,,1.69e-04,125947,2026-09-11 21:15:49
43240,0.722,1416888320,3.1405,,1.69e-04,126050,2026-09-11 21:15:54
43260,0.722,1417543680,3.1404,,1.69e-04,126227,2026-09-11 21:15:59
43280,0.723,1418199040,3.1409,,1.68e-04,126139,2026-09-11 21:16:04
43300,0.723,1418854400,3.1406,,1.68e-04,126018,2026-09-11 21:16:10
43320,0.723,1419509760,3.1406,,1.68e-04,126015,2026-09-11 21:16:15
43340,0.724,1420165120,3.1405,,1.67e-04,126332,2026-09-11 21:16:20
43360,0.724,1420820480,3.1409,,1.67e-04,126227,2026-09-11 21:16:25
43380,0.724,1421475840,3.1411,,1.67e-04,126084,2026-09-11 21:16:30
43400,0.725,1422131200,3.1411,,1.67e-04,126094,2026-09-11 21:16:36
43420,0.725,1422786560,3.1405,,1.66e-04,126165,2026-09-11 21:16:41
43440,0.725,1423441920,3.1407,,1.66e-04,125878,2026-09-11 21:16:46
43460,0.726,1424097280,3.1408,,1.66e-04,126052,2026-09-11 21:16:51
43480,0.726,1424752640,3.1409,,1.65e-04,126128,2026-09-11 21:16:56
43500,0.726,1425408000,3.1408,,1.65e-04,126125,2026-09-11 21:17:02
43520,0.727,1426063360,3.1407,,1.65e-04,126175,2026-09-11 21:17:07
43540,0.727,1426718720,3.1407,,1.65e-04,126306,2026-09-11 21:17:12
43560,0.727,1427374080,3.1405,,1.64e-04,126297,2026-09-11 21:17:17
43580,0.728,1428029440,3.1404,,1.64e-04,126277,2026-09-11 21:17:22
43600,0.728,1428684800,3.1412,,1.64e-04,126301,2026-09-11 21:17:28
43620,0.728,1429340160,3.1408,,1.64e-04,126324,2026-09-11 21:17:33
43640,0.729,1429995520,3.1406,,1.63e-04,126268,2026-09-11 21:17:38
43660,0.729,1430650880,3.1413,,1.63e-04,126352,2026-09-11 21:17:43
43680,0.729,1431306240,3.1414,,1.63e-04,126308,2026-09-11 21:17:48
43700,0.730,1431961600,3.1419,,1.62e-04,126282,2026-09-11 21:17:54
43720,0.730,1432616960,3.1420,,1.62e-04,126317,2026-09-11 21:17:59
43740,0.730,1433272320,3.1423,,1.62e-04,126363,2026-09-11 21:18:04
43760,0.731,1433927680,3.1425,,1.62e-04,126338,2026-09-11 21:18:09
43780,0.731,1434583040,3.1417,,1.61e-04,126068,2026-09-11 21:18:15
43800,0.731,1435238400,3.1415,,1.61e-04,126224,2026-09-11 21:18:20
43820,0.732,1435893760,3.1408,,1.61e-04,126309,2026-09-11 21:18:25
43840,0.732,1436549120,3.1407,,1.61e-04,126334,2026-09-11 21:18:30
43860,0.732,1437204480,3.1406,,1.60e-04,126290,2026-09-11 21:18:35
43880,0.733,1437859840,3.1400,,1.60e-04,126287,2026-09-11 21:18:41
43900,0.733,1438515200,3.1395,,1.60e-04,126213,2026-09-11 21:18:46
43920,0.733,1439170560,3.1388,,1.59e-04,126092,2026-09-11 21:18:51
43940,0.734,1439825920,3.1384,,1.59e-04,126313,2026-09-11 21:18:56
43960,0.734,1440481280,3.1378,,1.59e-04,126302,2026-09-11 21:19:01
43980,0.734,1441136640,3.1375,,1.59e-04,126191,2026-09-11 21:19:07
44000,0.735,1441792000,3.1372,,1.58e-04,126193,2026-09-11 21:19:12
44020,0.735,1442447360,3.1369,,1.58e-04,126162,2026-09-11 21:19:17
44040,0.735,1443102720,3.1373,,1.58e-04,126173,2026-09-11 21:19:22
44060,0.736,1443758080,3.1374,,1.58e-04,126147,2026-09-11 21:19:27
44080,0.736,1444413440,3.1382,,1.57e-04,126162,2026-09-11 21:19:33
44100,0.736,1445068800,3.1376,,1.57e-04,126011,2026-09-11 21:19:38
44120,0.737,1445724160,3.1365,,1.57e-04,126170,2026-09-11 21:19:43
44140,0.737,1446379520,3.1366,,1.56e-04,126348,2026-09-11 21:19:48
44160,0.737,1447034880,3.1365,,1.56e-04,126303,2026-09-11 21:19:53
44180,0.738,1447690240,3.1362,,1.56e-04,126157,2026-09-11 21:19:59
44200,0.738,1448345600,3.1358,,1.56e-04,126227,2026-09-11 21:20:04
44220,0.738,1449000960,3.1359,,1.55e-04,126296,2026-09-11 21:20:09
44240,0.739,1449656320,3.1354,,1.55e-04,126251,2026-09-11 21:20:14
44260,0.739,1450311680,3.1350,,1.55e-04,126243,2026-09-11 21:20:19
44280,0.739,1450967040,3.1346,,1.55e-04,126222,2026-09-11 21:20:25
44300,0.740,1451622400,3.1345,,1.54e-04,125910,2026-09-11 21:20:30
44320,0.740,1452277760,3.1339,,1.54e-04,126106,2026-09-11 21:20:35
44340,0.740,1452933120,3.1339,,1.54e-04,126221,2026-09-11 21:20:40
44360,0.741,1453588480,3.1340,,1.54e-04,126307,2026-09-11 21:20:46
44380,0.741,1454243840,3.1342,,1.53e-04,126321,2026-09-11 21:20:51
44400,0.741,1454899200,3.1344,,1.53e-04,126273,2026-09-11 21:20:56
44420,0.742,1455554560,3.1343,,1.53e-04,126293,2026-09-11 21:21:01
44440,0.742,1456209920,3.1337,,1.52e-04,126257,2026-09-11 21:21:06
44460,0.742,1456865280,3.1324,,1.52e-04,125989,2026-09-11 21:21:12
44480,0.743,1457520640,3.1325,,1.52e-04,125978,2026-09-11 21:21:17
44500,0.743,1458176000,3.1325,,1.52e-04,125978,2026-09-11 21:21:22
44520,0.743,1458831360,3.1323,,1.51e-04,126105,2026-09-11 21:21:27
44540,0.744,1459486720,3.1316,,1.51e-04,126179,2026-09-11 21:21:32
44560,0.744,1460142080,3.1320,,1.51e-04,126239,2026-09-11 21:21:38
44580,0.744,1460797440,3.1323,,1.51e-04,126380,2026-09-11 21:21:43
44600,0.745,1461452800,3.1318,,1.50e-04,126316,2026-09-11 21:21:48
44620,0.745,1462108160,3.1321,,1.50e-04,126208,2026-09-11 21:21:53
44640,0.745,1462763520,3.1315,,1.50e-04,126198,2026-09-11 21:21:58
44660,0.746,1463418880,3.1311,,1.50e-04,126158,2026-09-11 21:22:04
44680,0.746,1464074240,3.1314,,1.49e-04,126130,2026-09-11 21:22:09
44700,0.746,1464729600,3.1318,,1.49e-04,126369,2026-09-11 21:22:14
44720,0.747,1465384960,3.1315,,1.49e-04,126173,2026-09-11 21:22:19
44740,0.747,1466040320,3.1307,,1.49e-04,126242,2026-09-11 21:22:24
44760,0.747,1466695680,3.1308,,1.48e-04,126226,2026-09-11 21:22:30
44780,0.748,1467351040,3.1312,,1.48e-04,126427,2026-09-11 21:22:35
44800,0.748,1468006400,3.1313,,1.48e-04,126373,2026-09-11 21:22:40
44820,0.748,1468661760,3.1315,,1.47e-04,126381,2026-09-11 21:22:46
44840,0.749,1469317120,3.1313,,1.47e-04,126317,2026-09-11 21:22:51
44860,0.749,1469972480,3.1309,,1.47e-04,126282,2026-09-11 21:22:56
44880,0.749,1470627840,3.1309,,1.47e-04,126226,2026-09-11 21:23:01
44900,0.750,1471283200,3.1311,,1.46e-04,126151,2026-09-11 21:23:06
44920,0.750,1471938560,3.1310,,1.46e-04,126218,2026-09-11 21:23:12
44940,0.750,1472593920,3.1305,,1.46e-04,126218,2026-09-11 21:23:17
44960,0.751,1473249280,3.1298,,1.46e-04,126178,2026-09-11 21:23:22
44980,0.751,1473904640,3.1299,,1.45e-04,126200,2026-09-11 21:23:27
45000,0.751,1474560000,3.1292,,1.45e-04,126080,2026-09-11 21:23:32
45000,0.751,1474560000,3.1292,3.1083,1.45e-04,,2026-09-11 21:23:51
45020,0.752,1475215360,3.1291,,1.45e-04,126732,2026-09-11 21:23:56
45040,0.752,1475870720,3.1289,,1.45e-04,126620,2026-09-11 21:24:02
45060,0.752,1476526080,3.1286,,1.44e-04,126653,2026-09-11 21:24:07
45080,0.753,1477181440,3.1286,,1.44e-04,126651,2026-09-11 21:24:12
45100,0.753,1477836800,3.1285,,1.44e-04,126594,2026-09-11 21:24:17
45120,0.753,1478492160,3.1282,,1.44e-04,126512,2026-09-11 21:24:22
45140,0.754,1479147520,3.1290,,1.43e-04,126352,2026-09-11 21:24:27
45160,0.754,1479802880,3.1290,,1.43e-04,126251,2026-09-11 21:24:33
45180,0.754,1480458240,3.1290,,1.43e-04,126334,2026-09-11 21:24:38
45200,0.755,1481113600,3.1294,,1.43e-04,126344,2026-09-11 21:24:43
45220,0.755,1481768960,3.1299,,1.42e-04,126253,2026-09-11 21:24:48
45240,0.755,1482424320,3.1298,,1.42e-04,126146,2026-09-11 21:24:54
45260,0.756,1483079680,3.1300,,1.42e-04,126390,2026-09-11 21:24:59
45280,0.756,1483735040,3.1299,,1.42e-04,126389,2026-09-11 21:25:04
45300,0.756,1484390400,3.1293,,1.41e-04,126299,2026-09-11 21:25:09
45320,0.757,1485045760,3.1288,,1.41e-04,126352,2026-09-11 21:25:14
45340,0.757,1485701120,3.1281,,1.41e-04,126377,2026-09-11 21:25:20
45360,0.757,1486356480,3.1283,,1.41e-04,126305,2026-09-11 21:25:25
45380,0.758,1487011840,3.1280,,1.40e-04,126366,2026-09-11 21:25:30
45400,0.758,1487667200,3.1277,,1.40e-04,126261,2026-09-11 21:25:35
45420,0.758,1488322560,3.1273,,1.40e-04,126178,2026-09-11 21:25:40
45440,0.759,1488977920,3.1267,,1.40e-04,126247,2026-09-11 21:25:46
45460,0.759,1489633280,3.1271,,1.39e-04,126448,2026-09-11 21:25:51
45480,0.759,1490288640,3.1270,,1.39e-04,126278,2026-09-11 21:25:56
45500,0.760,1490944000,3.1262,,1.39e-04,126166,2026-09-11 21:26:01
45520,0.760,1491599360,3.1258,,1.39e-04,126305,2026-09-11 21:26:06
45540,0.760,1492254720,3.1265,,1.38e-04,126283,2026-09-11 21:26:12
45560,0.761,1492910080,3.1265,,1.38e-04,126332,2026-09-11 21:26:17
45580,0.761,1493565440,3.1263,,1.38e-04,126282,2026-09-11 21:26:22
45600,0.761,1494220800,3.1254,,1.38e-04,126253,2026-09-11 21:26:27
45620,0.762,1494876160,3.1254,,1.37e-04,126242,2026-09-11 21:26:32
45640,0.762,1495531520,3.1255,,1.37e-04,126246,2026-09-11 21:26:38
45660,0.762,1496186880,3.1251,,1.37e-04,126281,2026-09-11 21:26:43
45680,0.763,1496842240,3.1248,,1.37e-04,126234,2026-09-11 21:26:48
45700,0.763,1497497600,3.1251,,1.36e-04,126239,2026-09-11 21:26:53
45720,0.763,1498152960,3.1251,,1.36e-04,126297,2026-09-11 21:26:58
45740,0.764,1498808320,3.1249,,1.36e-04,126261,2026-09-11 21:27:04
45760,0.764,1499463680,3.1247,,1.36e-04,126303,2026-09-11 21:27:09
45780,0.764,1500119040,3.1251,,1.35e-04,126267,2026-09-11 21:27:14
45800,0.765,1500774400,3.1251,,1.35e-04,126267,2026-09-11 21:27:19
45820,0.765,1501429760,3.1254,,1.35e-04,126293,2026-09-11 21:27:24
45840,0.765,1502085120,3.1253,,1.35e-04,126265,2026-09-11 21:27:30
45860,0.766,1502740480,3.1256,,1.34e-04,126025,2026-09-11 21:27:35
45880,0.766,1503395840,3.1259,,1.34e-04,126011,2026-09-11 21:27:40
45900,0.766,1504051200,3.1262,,1.34e-04,125988,2026-09-11 21:27:45
45920,0.767,1504706560,3.1264,,1.34e-04,125981,2026-09-11 21:27:51
45940,0.767,1505361920,3.1265,,1.33e-04,125806,2026-09-11 21:27:56
45960,0.767,1506017280,3.1268,,1.33e-04,125761,2026-09-11 21:28:01
45980,0.768,1506672640,3.1269,,1.33e-04,126178,2026-09-11 21:28:06
46000,0.768,1507328000,3.1274,,1.33e-04,126205,2026-09-11 21:28:11
46020,0.768,1507983360,3.1278,,1.32e-04,126217,2026-09-11 21:28:17
46040,0.769,1508638720,3.1276,,1.32e-04,126244,2026-09-11 21:28:22
46060,0.769,1509294080,3.1271,,1.32e-04,126357,2026-09-11 21:28:27
46080,0.769,1509949440,3.1266,,1.32e-04,126338,2026-09-11 21:28:32
46100,0.770,1510604800,3.1267,,1.31e-04,126305,2026-09-11 21:28:37
46120,0.770,1511260160,3.1270,,1.31e-04,126297,2026-09-11 21:28:43
46140,0.770,1511915520,3.1267,,1.31e-04,126248,2026-09-11 21:28:48
46160,0.771,1512570880,3.1265,,1.31e-04,126242,2026-09-11 21:28:53
46180,0.771,1513226240,3.1255,,1.30e-04,126201,2026-09-11 21:28:58
46200,0.771,1513881600,3.1244,,1.30e-04,126305,2026-09-11 21:29:03
46220,0.772,1514536960,3.1245,,1.30e-04,126453,2026-09-11 21:29:09
46240,0.772,1515192320,3.1248,,1.30e-04,126444,2026-09-11 21:29:14
46260,0.772,1515847680,3.1245,,1.29e-04,126305,2026-09-11 21:29:19
46280,0.773,1516503040,3.1239,,1.29e-04,126309,2026-09-11 21:29:24
46300,0.773,1517158400,3.1247,,1.29e-04,126198,2026-09-11 21:29:29
46320,0.773,1517813760,3.1241,,1.29e-04,126125,2026-09-11 21:29:35
46340,0.774,1518469120,3.1234,,1.28e-04,126149,2026-09-11 21:29:40
46360,0.774,1519124480,3.1233,,1.28e-04,126260,2026-09-11 21:29:45
46380,0.774,1519779840,3.1225,,1.28e-04,126264,2026-09-11 21:29:50
46400,0.775,1520435200,3.1220,,1.28e-04,126309,2026-09-11 21:29:56
46420,0.775,1521090560,3.1217,,1.28e-04,126120,2026-09-11 21:30:01
46440,0.775,1521745920,3.1210,,1.27e-04,126186,2026-09-11 21:30:06
46460,0.776,1522401280,3.1207,,1.27e-04,126458,2026-09-11 21:30:11
46480,0.776,1523056640,3.1197,,1.27e-04,126201,2026-09-11 21:30:16
46500,0.776,1523712000,3.1194,,1.27e-04,126185,2026-09-11 21:30:22
46520,0.777,1524367360,3.1191,,1.26e-04,126286,2026-09-11 21:30:27
46540,0.777,1525022720,3.1198,,1.26e-04,126246,2026-09-11 21:30:32
46560,0.777,1525678080,3.1198,,1.26e-04,126245,2026-09-11 21:30:37
46580,0.778,1526333440,3.1201,,1.26e-04,125898,2026-09-11 21:30:42
46600,0.778,1526988800,3.1204,,1.25e-04,126058,2026-09-11 21:30:48
46620,0.778,1527644160,3.1203,,1.25e-04,126176,2026-09-11 21:30:53
46640,0.779,1528299520,3.1201,,1.25e-04,126281,2026-09-11 21:30:58
46660,0.779,1528954880,3.1203,,1.25e-04,126423,2026-09-11 21:31:03
46680,0.779,1529610240,3.1205,,1.24e-04,126439,2026-09-11 21:31:08
46700,0.780,1530265600,3.1207,,1.24e-04,126295,2026-09-11 21:31:14
46720,0.780,1530920960,3.1213,,1.24e-04,126269,2026-09-11 21:31:19
46740,0.780,1531576320,3.1214,,1.24e-04,126211,2026-09-11 21:31:24
46760,0.781,1532231680,3.1216,,1.24e-04,126115,2026-09-11 21:31:29
46780,0.781,1532887040,3.1216,,1.23e-04,126261,2026-09-11 21:31:34
46800,0.781,1533542400,3.1214,,1.23e-04,126222,2026-09-11 21:31:40
46820,0.782,1534197760,3.1215,,1.23e-04,126167,2026-09-11 21:31:45
46840,0.782,1534853120,3.1212,,1.23e-04,126223,2026-09-11 21:31:50
46860,0.782,1535508480,3.1211,,1.22e-04,126271,2026-09-11 21:31:55
46880,0.783,1536163840,3.1210,,1.22e-04,126238,2026-09-11 21:32:00
46900,0.783,1536819200,3.1209,,1.22e-04,126185,2026-09-11 21:32:06
46920,0.783,1537474560,3.1205,,1.22e-04,126269,2026-09-11 21:32:11
46940,0.784,1538129920,3.1205,,1.21e-04,126300,2026-09-11 21:32:16
46960,0.784,1538785280,3.1202,,1.21e-04,126314,2026-09-11 21:32:22
46980,0.785,1539440640,3.1198,,1.21e-04,126065,2026-09-11 21:32:27
47000,0.785,1540096000,3.1198,,1.21e-04,126184,2026-09-11 21:32:32
47020,0.785,1540751360,3.1203,,1.21e-04,126371,2026-09-11 21:32:37
47040,0.786,1541406720,3.1195,,1.20e-04,126354,2026-09-11 21:32:42
47060,0.786,1542062080,3.1201,,1.20e-04,126344,2026-09-11 21:32:48
47080,0.786,1542717440,3.1205,,1.20e-04,126369,2026-09-11 21:32:53
47100,0.787,1543372800,3.1206,,1.20e-04,126194,2026-09-11 21:32:58
47120,0.787,1544028160,3.1202,,1.19e-04,126093,2026-09-11 21:33:03
47140,0.787,1544683520,3.1202,,1.19e-04,126320,2026-09-11 21:33:08
47160,0.788,1545338880,3.1207,,1.19e-04,126302,2026-09-11 21:33:14
47180,0.788,1545994240,3.1208,,1.19e-04,126327,2026-09-11 21:33:19
47200,0.788,1546649600,3.1200,,1.18e-04,126277,2026-09-11 21:33:24
47220,0.789,1547304960,3.1193,,1.18e-04,126244,2026-09-11 21:33:29
47240,0.789,1547960320,3.1190,,1.18e-04,126203,2026-09-11 21:33:34
47260,0.789,1548615680,3.1185,,1.18e-04,125966,2026-09-11 21:33:40
47280,0.790,1549271040,3.1187,,1.18e-04,126204,2026-09-11 21:33:45
47300,0.790,1549926400,3.1184,,1.17e-04,126379,2026-09-11 21:33:50
47320,0.790,1550581760,3.1181,,1.17e-04,126310,2026-09-11 21:33:55
47340,0.791,1551237120,3.1189,,1.17e-04,126359,2026-09-11 21:34:00
47360,0.791,1551892480,3.1189,,1.17e-04,126414,2026-09-11 21:34:06
47380,0.791,1552547840,3.1188,,1.16e-04,126462,2026-09-11 21:34:11
47400,0.792,1553203200,3.1194,,1.16e-04,126429,2026-09-11 21:34:16
47420,0.792,1553858560,3.1190,,1.16e-04,126483,2026-09-11 21:34:21
47440,0.792,1554513920,3.1185,,1.16e-04,126406,2026-09-11 21:34:26
47460,0.793,1555169280,3.1183,,1.16e-04,126171,2026-09-11 21:34:32
47480,0.793,1555824640,3.1186,,1.15e-04,126240,2026-09-11 21:34:37
47500,0.793,1556480000,3.1190,,1.15e-04,126095,2026-09-11 21:34:42
47520,0.794,1557135360,3.1189,,1.15e-04,126191,2026-09-11 21:34:47
47540,0.794,1557790720,3.1180,,1.15e-04,126161,2026-09-11 21:34:52
47560,0.794,1558446080,3.1180,,1.14e-04,126099,2026-09-11 21:34:58
47580,0.795,1559101440,3.1180,,1.14e-04,126339,2026-09-11 21:35:03
47600,0.795,1559756800,3.1172,,1.14e-04,126321,2026-09-11 21:35:08
47620,0.795,1560412160,3.1172,,1.14e-04,126259,2026-09-11 21:35:13
47640,0.796,1561067520,3.1167,,1.14e-04,126296,2026-09-11 21:35:19
47660,0.796,1561722880,3.1170,,1.13e-04,126320,2026-09-11 21:35:24
47680,0.796,1562378240,3.1172,,1.13e-04,126332,2026-09-11 21:35:29
47700,0.797,1563033600,3.1171,,1.13e-04,125902,2026-09-11 21:35:34
47720,0.797,1563688960,3.1169,,1.13e-04,126010,2026-09-11 21:35:39
47740,0.797,1564344320,3.1166,,1.12e-04,126348,2026-09-11 21:35:45
47760,0.798,1564999680,3.1164,,1.12e-04,126184,2026-09-11 21:35:50
47780,0.798,1565655040,3.1165,,1.12e-04,125929,2026-09-11 21:35:55
47800,0.798,1566310400,3.1165,,1.12e-04,126104,2026-09-11 21:36:00
47820,0.799,1566965760,3.1164,,1.12e-04,126205,2026-09-11 21:36:05
47840,0.799,1567621120,3.1163,,1.11e-04,126319,2026-09-11 21:36:11
47860,0.799,1568276480,3.1170,,1.11e-04,126432,2026-09-11 21:36:16
47880,0.800,1568931840,3.1170,,1.11e-04,126430,2026-09-11 21:36:21
47900,0.800,1569587200,3.1169,,1.11e-04,126431,2026-09-11 21:36:26
47920,0.800,1570242560,3.1173,,1.11e-04,126432,2026-09-11 21:36:31
47940,0.801,1570897920,3.1170,,1.10e-04,126180,2026-09-11 21:36:37
47960,0.801,1571553280,3.1162,,1.10e-04,126174,2026-09-11 21:36:42
47980,0.801,1572208640,3.1159,,1.10e-04,126199,2026-09-11 21:36:47
48000,0.802,1572864000,3.1160,,1.10e-04,126209,2026-09-11 21:36:52
48020,0.802,1573519360,3.1156,,1.09e-04,126381,2026-09-11 21:36:57
48040,0.802,1574174720,3.1152,,1.09e-04,126318,2026-09-11 21:37:03
48060,0.803,1574830080,3.1156,,1.09e-04,126368,2026-09-11 21:37:08
48080,0.803,1575485440,3.1150,,1.09e-04,126356,2026-09-11 21:37:13
48100,0.803,1576140800,3.1151,,1.09e-04,126205,2026-09-11 21:37:18
48120,0.804,1576796160,3.1147,,1.08e-04,126266,2026-09-11 21:37:23
48140,0.804,1577451520,3.1151,,1.08e-04,126409,2026-09-11 21:37:29
48160,0.804,1578106880,3.1149,,1.08e-04,126436,2026-09-11 21:37:34
48180,0.805,1578762240,3.1142,,1.08e-04,126126,2026-09-11 21:37:39
48200,0.805,1579417600,3.1143,,1.08e-04,126258,2026-09-11 21:37:44
48220,0.805,1580072960,3.1142,,1.07e-04,126326,2026-09-11 21:37:49
48240,0.806,1580728320,3.1146,,1.07e-04,126284,2026-09-11 21:37:55
48260,0.806,1581383680,3.1146,,1.07e-04,125830,2026-09-11 21:38:00
48280,0.806,1582039040,3.1144,,1.07e-04,126029,2026-09-11 21:38:05
48300,0.807,1582694400,3.1137,,1.07e-04,126356,2026-09-11 21:38:10
48320,0.807,1583349760,3.1136,,1.06e-04,126336,2026-09-11 21:38:15
48340,0.807,1584005120,3.1134,,1.06e-04,125829,2026-09-11 21:38:21
48360,0.808,1584660480,3.1137,,1.06e-04,126025,2026-09-11 21:38:26
48380,0.808,1585315840,3.1135,,1.06e-04,126223,2026-09-11 21:38:31
48400,0.808,1585971200,3.1133,,1.05e-04,126202,2026-09-11 21:38:36
48420,0.809,1586626560,3.1127,,1.05e-04,126249,2026-09-11 21:38:42
48440,0.809,1587281920,3.1123,,1.05e-04,126317,2026-09-11 21:38:47
48460,0.809,1587937280,3.1120,,1.05e-04,126451,2026-09-11 21:38:52
48480,0.810,1588592640,3.1118,,1.05e-04,126422,2026-09-11 21:38:57
48500,0.810,1589248000,3.1115,,1.04e-04,126267,2026-09-11 21:39:02
48520,0.810,1589903360,3.1122,,1.04e-04,126314,2026-09-11 21:39:08
48540,0.811,1590558720,3.1123,,1.04e-04,126402,2026-09-11 21:39:13
48560,0.811,1591214080,3.1126,,1.04e-04,126414,2026-09-11 21:39:18
48580,0.811,1591869440,3.1115,,1.04e-04,126242,2026-09-11 21:39:23
48600,0.812,1592524800,3.1116,,1.03e-04,126305,2026-09-11 21:39:28
48620,0.812,1593180160,3.1119,,1.03e-04,126270,2026-09-11 21:39:34
48640,0.812,1593835520,3.1119,,1.03e-04,126305,2026-09-11 21:39:39
48660,0.813,1594490880,3.1124,,1.03e-04,126284,2026-09-11 21:39:44
48680,0.813,1595146240,3.1124,,1.03e-04,126281,2026-09-11 21:39:49
48700,0.813,1595801600,3.1116,,1.02e-04,126280,2026-09-11 21:39:54
48720,0.814,1596456960,3.1116,,1.02e-04,126308,2026-09-11 21:40:00
48740,0.814,1597112320,3.1111,,1.02e-04,126256,2026-09-11 21:40:05
48760,0.814,1597767680,3.1108,,1.02e-04,126275,2026-09-11 21:40:10
48780,0.815,1598423040,3.1110,,1.02e-04,125898,2026-09-11 21:40:15
48800,0.815,1599078400,3.1113,,1.01e-04,126100,2026-09-11 21:40:20
48820,0.815,1599733760,3.1112,,1.01e-04,126210,2026-09-11 21:40:26
48840,0.816,1600389120,3.1113,,1.01e-04,126244,2026-09-11 21:40:31
48860,0.816,1601044480,3.1119,,1.01e-04,126349,2026-09-11 21:40:36
48880,0.816,1601699840,3.1117,,1.01e-04,126332,2026-09-11 21:40:41
48900,0.817,1602355200,3.1114,,1.00e-04,126149,2026-09-11 21:40:46
48920,0.817,1603010560,3.1105,,1.00e-04,126201,2026-09-11 21:40:52
48940,0.817,1603665920,3.1098,,1.00e-04,126273,2026-09-11 21:40:57
48960,0.818,1604321280,3.1099,,9.98e-05,126248,2026-09-11 21:41:02
48980,0.818,1604976640,3.1091,,9.96e-05,126228,2026-09-11 21:41:07
49000,0.818,1605632000,3.1095,,9.94e-05,126118,2026-09-11 21:41:12
49020,0.819,1606287360,3.1091,,9.92e-05,126271,2026-09-11 21:41:18
49040,0.819,1606942720,3.1086,,9.90e-05,126228,2026-09-11 21:41:23
49060,0.819,1607598080,3.1085,,9.88e-05,126225,2026-09-11 21:41:28
49080,0.820,1608253440,3.1090,,9.86e-05,126302,2026-09-11 21:41:34
49100,0.820,1608908800,3.1091,,9.84e-05,126409,2026-09-11 21:41:39
49120,0.820,1609564160,3.1087,,9.82e-05,126328,2026-09-11 21:41:44
49140,0.821,1610219520,3.1084,,9.80e-05,126196,2026-09-11 21:41:49
49160,0.821,1610874880,3.1083,,9.78e-05,126192,2026-09-11 21:41:54
49180,0.821,1611530240,3.1080,,9.76e-05,126246,2026-09-11 21:42:00
49200,0.822,1612185600,3.1071,,9.74e-05,125819,2026-09-11 21:42:05
49220,0.822,1612840960,3.1071,,9.72e-05,126126,2026-09-11 21:42:10
49240,0.822,1613496320,3.1068,,9.70e-05,126156,2026-09-11 21:42:15
49260,0.823,1614151680,3.1067,,9.68e-05,126272,2026-09-11 21:42:20
49280,0.823,1614807040,3.1073,,9.66e-05,126351,2026-09-11 21:42:26
49300,0.823,1615462400,3.1066,,9.64e-05,126414,2026-09-11 21:42:31
49320,0.824,1616117760,3.1067,,9.62e-05,126351,2026-09-11 21:42:36
49340,0.824,1616773120,3.1071,,9.60e-05,126360,2026-09-11 21:42:41
49360,0.824,1617428480,3.1061,,9.59e-05,126347,2026-09-11 21:42:46
49380,0.825,1618083840,3.1060,,9.57e-05,126365,2026-09-11 21:42:52
49400,0.825,1618739200,3.1056,,9.55e-05,126339,2026-09-11 21:42:57
49420,0.825,1619394560,3.1054,,9.53e-05,126394,2026-09-11 21:43:02
49440,0.826,1620049920,3.1050,,9.51e-05,126372,2026-09-11 21:43:07
49460,0.826,1620705280,3.1052,,9.49e-05,126329,2026-09-11 21:43:12
49480,0.826,1621360640,3.1052,,9.47e-05,126375,2026-09-11 21:43:18
49500,0.827,1622016000,3.1056,,9.45e-05,126283,2026-09-11 21:43:23
49520,0.827,1622671360,3.1050,,9.43e-05,126069,2026-09-11 21:43:28
49540,0.827,1623326720,3.1046,,9.41e-05,126150,2026-09-11 21:43:33
49560,0.828,1623982080,3.1043,,9.39e-05,126247,2026-09-11 21:43:39
49580,0.828,1624637440,3.1040,,9.38e-05,126161,2026-09-11 21:43:44
49600,0.828,1625292800,3.1043,,9.36e-05,126149,2026-09-11 21:43:49
49620,0.829,1625948160,3.1042,,9.34e-05,126293,2026-09-11 21:43:54
49640,0.829,1626603520,3.1043,,9.32e-05,126317,2026-09-11 21:43:59
49660,0.829,1627258880,3.1045,,9.30e-05,126226,2026-09-11 21:44:05
49680,0.830,1627914240,3.1042,,9.28e-05,126286,2026-09-11 21:44:10
49700,0.830,1628569600,3.1033,,9.26e-05,126363,2026-09-11 21:44:15
49720,0.830,1629224960,3.1032,,9.24e-05,126385,2026-09-11 21:44:20
49740,0.831,1629880320,3.1026,,9.23e-05,126273,2026-09-11 21:44:25
49760,0.831,1630535680,3.1019,,9.21e-05,126290,2026-09-11 21:44:31
49780,0.831,1631191040,3.1018,,9.19e-05,126329,2026-09-11 21:44:36
49800,0.832,1631846400,3.1019,,9.17e-05,126256,2026-09-11 21:44:41
49820,0.832,1632501760,3.1018,,9.15e-05,126335,2026-09-11 21:44:46
49840,0.832,1633157120,3.1015,,9.13e-05,126333,2026-09-11 21:44:51
49860,0.833,1633812480,3.1018,,9.11e-05,126315,2026-09-11 21:44:57
49880,0.833,1634467840,3.1022,,9.10e-05,126148,2026-09-11 21:45:02
49900,0.833,1635123200,3.1028,,9.08e-05,126210,2026-09-11 21:45:07
49920,0.834,1635778560,3.1030,,9.06e-05,126185,2026-09-11 21:45:12
49940,0.834,1636433920,3.1025,,9.04e-05,125804,2026-09-11 21:45:17
49960,0.834,1637089280,3.1027,,9.02e-05,125959,2026-09-11 21:45:23
49980,0.835,1637744640,3.1024,,9.00e-05,126183,2026-09-11 21:45:28
50000,0.835,1638400000,3.1034,,8.99e-05,126206,2026-09-11 21:45:33
50000,0.835,1638400000,3.1034,3.0846,8.99e-05,,2026-09-11 21:45:53
50020,0.835,1639055360,3.1032,,8.97e-05,126805,2026-09-11 21:45:58
50040,0.836,1639710720,3.1033,,8.95e-05,126847,2026-09-11 21:46:03
50060,0.836,1640366080,3.1034,,8.93e-05,126796,2026-09-11 21:46:08
50080,0.836,1641021440,3.1033,,8.91e-05,126772,2026-09-11 21:46:14
50100,0.837,1641676800,3.1033,,8.90e-05,126546,2026-09-11 21:46:19
50120,0.837,1642332160,3.1038,,8.88e-05,126612,2026-09-11 21:46:24
50140,0.837,1642987520,3.1040,,8.86e-05,126664,2026-09-11 21:46:29
50160,0.838,1643642880,3.1037,,8.84e-05,126663,2026-09-11 21:46:34
50180,0.838,1644298240,3.1039,,8.82e-05,126373,2026-09-11 21:46:39
50200,0.838,1644953600,3.1042,,8.81e-05,126379,2026-09-11 21:46:45
50220,0.839,1645608960,3.1041,,8.79e-05,126590,2026-09-11 21:46:50
50240,0.839,1646264320,3.1041,,8.77e-05,126325,2026-09-11 21:46:55
50260,0.839,1646919680,3.1046,,8.75e-05,126392,2026-09-11 21:47:00
50280,0.840,1647575040,3.1047,,8.73e-05,126418,2026-09-11 21:47:05
50300,0.840,1648230400,3.1045,,8.72e-05,126511,2026-09-11 21:47:11
50320,0.840,1648885760,3.1046,,8.70e-05,126506,2026-09-11 21:47:16
50340,0.841,1649541120,3.1047,,8.68e-05,126546,2026-09-11 21:47:21
50360,0.841,1650196480,3.1048,,8.66e-05,126513,2026-09-11 21:47:26
50380,0.841,1650851840,3.1047,,8.65e-05,126439,2026-09-11 21:47:31
50400,0.842,1651507200,3.1047,,8.63e-05,126375,2026-09-11 21:47:37
50420,0.842,1652162560,3.1041,,8.61e-05,126171,2026-09-11 21:47:42
50440,0.842,1652817920,3.1033,,8.59e-05,126292,2026-09-11 21:47:47
50460,0.843,1653473280,3.1033,,8.58e-05,126304,2026-09-11 21:47:52
50480,0.843,1654128640,3.1033,,8.56e-05,126260,2026-09-11 21:47:58
50500,0.843,1654784000,3.1032,,8.54e-05,126230,2026-09-11 21:48:03
50520,0.844,1655439360,3.1029,,8.52e-05,126265,2026-09-11 21:48:08
50540,0.844,1656094720,3.1024,,8.51e-05,126348,2026-09-11 21:48:13
50560,0.844,1656750080,3.1030,,8.49e-05,126407,2026-09-11 21:48:18
50580,0.845,1657405440,3.1034,,8.47e-05,126349,2026-09-11 21:48:24
50600,0.845,1658060800,3.1033,,8.45e-05,126354,2026-09-11 21:48:29
50620,0.845,1658716160,3.1030,,8.44e-05,126279,2026-09-11 21:48:34
50640,0.846,1659371520,3.1035,,8.42e-05,126028,2026-09-11 21:48:39
50660,0.846,1660026880,3.1038,,8.40e-05,126241,2026-09-11 21:48:44
50680,0.846,1660682240,3.1036,,8.39e-05,126301,2026-09-11 21:48:50
50700,0.847,1661337600,3.1034,,8.37e-05,126366,2026-09-11 21:48:55
50720,0.847,1661992960,3.1034,,8.35e-05,126288,2026-09-11 21:49:00
50740,0.847,1662648320,3.1036,,8.33e-05,126355,2026-09-11 21:49:05
50760,0.848,1663303680,3.1035,,8.32e-05,126390,2026-09-11 21:49:10
50780,0.848,1663959040,3.1042,,8.30e-05,126445,2026-09-11 21:49:16
50800,0.848,1664614400,3.1041,,8.28e-05,126179,2026-09-11 21:49:21
50820,0.849,1665269760,3.1037,,8.27e-05,126083,2026-09-11 21:49:26
50840,0.849,1665925120,3.1038,,8.25e-05,126169,2026-09-11 21:49:31
50860,0.849,1666580480,3.1037,,8.23e-05,126424,2026-09-11 21:49:36
50880,0.850,1667235840,3.1035,,8.22e-05,126416,2026-09-11 21:49:42
50900,0.850,1667891200,3.1042,,8.20e-05,126341,2026-09-11 21:49:47
50920,0.850,1668546560,3.1034,,8.18e-05,126343,2026-09-11 21:49:52
50940,0.851,1669201920,3.1036,,8.17e-05,126347,2026-09-11 21:49:57
50960,0.851,1669857280,3.1044,,8.15e-05,126363,2026-09-11 21:50:02
50980,0.851,1670512640,3.1042,,8.13e-05,126419,2026-09-11 21:50:08
51000,0.852,1671168000,3.1039,,8.12e-05,126403,2026-09-11 21:50:13
51020,0.852,1671823360,3.1030,,8.10e-05,126351,2026-09-11 21:50:18
51040,0.852,1672478720,3.1029,,8.08e-05,126311,2026-09-11 21:50:23
51060,0.853,1673134080,3.1029,,8.07e-05,126355,2026-09-11 21:50:28
51080,0.853,1673789440,3.1025,,8.05e-05,126355,2026-09-11 21:50:34
51100,0.853,1674444800,3.1025,,8.04e-05,126305,2026-09-11 21:50:39
51120,0.854,1675100160,3.1021,,8.02e-05,126319,2026-09-11 21:50:44
51140,0.854,1675755520,3.1016,,8.00e-05,126248,2026-09-11 21:50:49
51160,0.854,1676410880,3.1014,,7.99e-05,126251,2026-09-11 21:50:54
51180,0.855,1677066240,3.1010,,7.97e-05,126227,2026-09-11 21:51:00
51200,0.855,1677721600,3.1008,,7.95e-05,126247,2026-09-11 21:51:05
51220,0.855,1678376960,3.1008,,7.94e-05,125240,2026-09-11 21:51:10
51240,0.856,1679032320,3.1013,,7.92e-05,125579,2026-09-11 21:51:15
51260,0.856,1679687680,3.1015,,7.91e-05,126466,2026-09-11 21:51:21
51280,0.856,1680343040,3.1016,,7.89e-05,126259,2026-09-11 21:51:26
51300,0.857,1680998400,3.1015,,7.87e-05,126321,2026-09-11 21:51:31
51320,0.857,1681653760,3.1016,,7.86e-05,126304,2026-09-11 21:51:36
51340,0.857,1682309120,3.1016,,7.84e-05,126299,2026-09-11 21:51:42
51360,0.858,1682964480,3.1011,,7.83e-05,126297,2026-09-11 21:51:47
51380,0.858,1683619840,3.1008,,7.81e-05,125895,2026-09-11 21:51:52
51400,0.858,1684275200,3.1009,,7.79e-05,126120,2026-09-11 21:51:57
51420,0.859,1684930560,3.1009,,7.78e-05,126342,2026-09-11 21:52:02
51440,0.859,1685585920,3.1008,,7.76e-05,125984,2026-09-11 21:52:08
51460,0.859,1686241280,3.1006,,7.75e-05,126373,2026-09-11 21:52:13
51480,0.860,1686896640,3.1005,,7.73e-05,126289,2026-09-11 21:52:18
51500,0.860,1687552000,3.1007,,7.72e-05,126302,2026-09-11 21:52:23
51520,0.860,1688207360,3.1008,,7.70e-05,126138,2026-09-11 21:52:29
51540,0.861,1688862720,3.1003,,7.68e-05,125958,2026-09-11 21:52:34
51560,0.861,1689518080,3.1003,,7.67e-05,126066,2026-09-11 21:52:39
51580,0.861,1690173440,3.0995,,7.65e-05,126296,2026-09-11 21:52:44
51600,0.862,1690828800,3.0988,,7.64e-05,126160,2026-09-11 21:52:49
51620,0.862,1691484160,3.0990,,7.62e-05,126248,2026-09-11 21:52:55
51640,0.862,1692139520,3.1000,,7.61e-05,126114,2026-09-11 21:53:00
51660,0.863,1692794880,3.0996,,7.59e-05,126289,2026-09-11 21:53:05
51680,0.863,1693450240,3.0994,,7.58e-05,126267,2026-09-11 21:53:10
51700,0.863,1694105600,3.0991,,7.56e-05,126324,2026-09-11 21:53:15
51720,0.864,1694760960,3.0993,,7.55e-05,126317,2026-09-11 21:53:21
51740,0.864,1695416320,3.0988,,7.53e-05,126372,2026-09-11 21:53:26
51760,0.864,1696071680,3.0986,,7.51e-05,126351,2026-09-11 21:53:31
51780,0.865,1696727040,3.0985,,7.50e-05,126378,2026-09-11 21:53:36
51800,0.865,1697382400,3.0984,,7.48e-05,126340,2026-09-11 21:53:41
51820,0.865,1698037760,3.0985,,7.47e-05,126369,2026-09-11 21:53:47
51840,0.866,1698693120,3.0984,,7.45e-05,126346,2026-09-11 21:53:52
51860,0.866,1699348480,3.0990,,7.44e-05,126088,2026-09-11 21:53:57
51880,0.866,1700003840,3.0993,,7.42e-05,126249,2026-09-11 21:54:02
51900,0.867,1700659200,3.0987,,7.41e-05,126436,2026-09-11 21:54:07
51920,0.867,1701314560,3.0983,,7.39e-05,126313,2026-09-11 21:54:13
51940,0.867,1701969920,3.0980,,7.38e-05,126366,2026-09-11 21:54:18
51960,0.868,1702625280,3.0978,,7.36e-05,126326,2026-09-11 21:54:23
51980,0.868,1703280640,3.0977,,7.35e-05,126043,2026-09-11 21:54:28
52000,0.868,1703936000,3.0978,,7.33e-05,126180,2026-09-11 21:54:34
52020,0.869,1704591360,3.0973,,7.32e-05,126374,2026-09-11 21:54:39
52040,0.869,1705246720,3.0975,,7.31e-05,126203,2026-09-11 21:54:44
52060,0.869,1705902080,3.0975,,7.29e-05,126328,2026-09-11 21:54:49
52080,0.870,1706557440,3.0974,,7.28e-05,126325,2026-09-11 21:54:54
52100,0.870,1707212800,3.0978,,7.26e-05,126295,2026-09-11 21:55:00
52120,0.870,1707868160,3.0980,,7.25e-05,126317,2026-09-11 21:55:05
52140,0.871,1708523520,3.0979,,7.23e-05,126119,2026-09-11 21:55:10
52160,0.871,1709178880,3.0979,,7.22e-05,126215,2026-09-11 21:55:15
52180,0.871,1709834240,3.0990,,7.20e-05,126248,2026-09-11 21:55:20
52200,0.872,1710489600,3.0994,,7.19e-05,126239,2026-09-11 21:55:26
52220,0.872,1711144960,3.0987,,7.17e-05,126252,2026-09-11 21:55:31
52240,0.872,1711800320,3.0982,,7.16e-05,126237,2026-09-11 21:55:36
52260,0.873,1712455680,3.0977,,7.15e-05,126203,2026-09-11 21:55:41
52280,0.873,1713111040,3.0977,,7.13e-05,126127,2026-09-11 21:55:46
52300,0.873,1713766400,3.0972,,7.12e-05,126145,2026-09-11 21:55:52
52320,0.874,1714421760,3.0980,,7.10e-05,126255,2026-09-11 21:55:57
52340,0.874,1715077120,3.0976,,7.09e-05,126266,2026-09-11 21:56:02
52360,0.874,1715732480,3.0977,,7.07e-05,126299,2026-09-11 21:56:07
52380,0.875,1716387840,3.0977,,7.06e-05,126316,2026-09-11 21:56:12
52400,0.875,1717043200,3.0982,,7.05e-05,126143,2026-09-11 21:56:18
52420,0.875,1717698560,3.0981,,7.03e-05,125974,2026-09-11 21:56:23
52440,0.876,1718353920,3.0980,,7.02e-05,126150,2026-09-11 21:56:28
52460,0.876,1719009280,3.0991,,7.00e-05,126221,2026-09-11 21:56:33
52480,0.876,1719664640,3.0989,,6.99e-05,125941,2026-09-11 21:56:39
52500,0.877,1720320000,3.0992,,6.98e-05,125694,2026-09-11 21:56:44
52520,0.877,1720975360,3.0985,,6.96e-05,125936,2026-09-11 21:56:49
52540,0.877,1721630720,3.0981,,6.95e-05,126260,2026-09-11 21:56:54
52560,0.878,1722286080,3.0981,,6.93e-05,126217,2026-09-11 21:56:59
52580,0.878,1722941440,3.0979,,6.92e-05,126009,2026-09-11 21:57:05
52600,0.878,1723596800,3.0976,,6.91e-05,126158,2026-09-11 21:57:10
52620,0.879,1724252160,3.0984,,6.89e-05,126250,2026-09-11 21:57:15
52640,0.879,1724907520,3.0986,,6.88e-05,126314,2026-09-11 21:57:20
52660,0.879,1725562880,3.0981,,6.87e-05,126327,2026-09-11 21:57:25
52680,0.880,1726218240,3.0974,,6.85e-05,126336,2026-09-11 21:57:31
52700,0.880,1726873600,3.0968,,6.84e-05,126221,2026-09-11 21:57:36
52720,0.880,1727528960,3.0967,,6.83e-05,125896,2026-09-11 21:57:41
52740,0.881,1728184320,3.0965,,6.81e-05,126307,2026-09-11 21:57:46
52760,0.881,1728839680,3.0964,,6.80e-05,126291,2026-09-11 21:57:51
52780,0.881,1729495040,3.0966,,6.79e-05,126307,2026-09-11 21:57:57
52800,0.882,1730150400,3.0962,,6.77e-05,126325,2026-09-11 21:58:02
52820,0.882,1730805760,3.0965,,6.76e-05,126381,2026-09-11 21:58:07
52840,0.882,1731461120,3.0959,,6.75e-05,126383,2026-09-11 21:58:12
52860,0.883,1732116480,3.0954,,6.73e-05,126298,2026-09-11 21:58:17
52880,0.883,1732771840,3.0952,,6.72e-05,126324,2026-09-11 21:58:23
52900,0.883,1733427200,3.0951,,6.71e-05,126209,2026-09-11 21:58:28
52920,0.884,1734082560,3.0952,,6.69e-05,126257,2026-09-11 21:58:33
52940,0.884,1734737920,3.0946,,6.68e-05,126373,2026-09-11 21:58:38
52960,0.884,1735393280,3.0947,,6.67e-05,126400,2026-09-11 21:58:43
52980,0.885,1736048640,3.0944,,6.65e-05,126465,2026-09-11 21:58:49
53000,0.885,1736704000,3.0945,,6.64e-05,126439,2026-09-11 21:58:54
53020,0.885,1737359360,3.0950,,6.63e-05,126414,2026-09-11 21:58:59
53040,0.886,1738014720,3.0946,,6.61e-05,126435,2026-09-11 21:59:04
53060,0.886,1738670080,3.0946,,6.60e-05,126483,2026-09-11 21:59:09
53080,0.886,1739325440,3.0939,,6.59e-05,126460,2026-09-11 21:59:15
53100,0.887,1739980800,3.0942,,6.58e-05,126458,2026-09-11 21:59:20
53120,0.887,1740636160,3.0938,,6.56e-05,126457,2026-09-11 21:59:25
53140,0.887,1741291520,3.0935,,6.55e-05,126401,2026-09-11 21:59:30
53160,0.888,1741946880,3.0933,,6.54e-05,126398,2026-09-11 21:59:35
53180,0.888,1742602240,3.0930,,6.52e-05,126399,2026-09-11 21:59:41
53200,0.888,1743257600,3.0937,,6.51e-05,126411,2026-09-11 21:59:46
53220,0.889,1743912960,3.0932,,6.50e-05,126180,2026-09-11 21:59:51
53240,0.889,1744568320,3.0937,,6.49e-05,126245,2026-09-11 21:59:56
53260,0.889,1745223680,3.0942,,6.47e-05,126353,2026-09-11 22:00:01
53280,0.890,1745879040,3.0942,,6.46e-05,126417,2026-09-11 22:00:07
53300,0.890,1746534400,3.0940,,6.45e-05,126321,2026-09-11 22:00:12
53320,0.890,1747189760,3.0935,,6.44e-05,126309,2026-09-11 22:00:17
53340,0.891,1747845120,3.0933,,6.42e-05,126268,2026-09-11 22:00:23
53360,0.891,1748500480,3.0937,,6.41e-05,126279,2026-09-11 22:00:28
53380,0.891,1749155840,3.0935,,6.40e-05,126324,2026-09-11 22:00:33
53400,0.892,1749811200,3.0939,,6.39e-05,126340,2026-09-11 22:00:38
53420,0.892,1750466560,3.0932,,6.37e-05,126315,2026-09-11 22:00:43
53440,0.892,1751121920,3.0928,,6.36e-05,126357,2026-09-11 22:00:49
53460,0.893,1751777280,3.0926,,6.35e-05,126275,2026-09-11 22:00:54
53480,0.893,1752432640,3.0928,,6.34e-05,126340,2026-09-11 22:00:59
53500,0.893,1753088000,3.0924,,6.33e-05,126345,2026-09-11 22:01:04
53520,0.894,1753743360,3.0919,,6.31e-05,126278,2026-09-11 22:01:09
53540,0.894,1754398720,3.0915,,6.30e-05,126251,2026-09-11 22:01:15
53560,0.894,1755054080,3.0916,,6.29e-05,126174,2026-09-11 22:01:20
53580,0.895,1755709440,3.0913,,6.28e-05,126320,2026-09-11 22:01:25
53600,0.895,1756364800,3.0914,,6.27e-05,126341,2026-09-11 22:01:30
53620,0.895,1757020160,3.0914,,6.25e-05,126368,2026-09-11 22:01:35
53640,0.896,1757675520,3.0912,,6.24e-05,126351,2026-09-11 22:01:41
53660,0.896,1758330880,3.0912,,6.23e-05,126332,2026-09-11 22:01:46
53680,0.896,1758986240,3.0908,,6.22e-05,126198,2026-09-11 22:01:51
53700,0.897,1759641600,3.0906,,6.21e-05,126339,2026-09-11 22:01:56
53720,0.897,1760296960,3.0900,,6.20e-05,126337,2026-09-11 22:02:01
53740,0.897,1760952320,3.0895,,6.18e-05,126309,2026-09-11 22:02:07
53760,0.898,1761607680,3.0896,,6.17e-05,126318,2026-09-11 22:02:12
53780,0.898,1762263040,3.0898,,6.16e-05,126329,2026-09-11 22:02:17
53800,0.898,1762918400,3.0903,,6.15e-05,126296,2026-09-11 22:02:22
53820,0.899,1763573760,3.0901,,6.14e-05,126322,2026-09-11 22:02:27
53840,0.899,1764229120,3.0903,,6.13e-05,126317,2026-09-11 22:02:33
53860,0.899,1764884480,3.0911,,6.11e-05,126268,2026-09-11 22:02:38
53880,0.900,1765539840,3.0909,,6.10e-05,126304,2026-09-11 22:02:43
53900,0.900,1766195200,3.0914,,6.09e-05,126297,2026-09-11 22:02:48
53920,0.900,1766850560,3.0908,,6.08e-05,126277,2026-09-11 22:02:53
53940,0.901,1767505920,3.0905,,6.07e-05,126233,2026-09-11 22:02:59
53960,0.901,1768161280,3.0906,,6.06e-05,126218,2026-09-11 22:03:04
53980,0.901,1768816640,3.0911,,6.05e-05,126263,2026-09-11 22:03:09
54000,0.902,1769472000,3.0912,,6.03e-05,126284,2026-09-11 22:03:14
54020,0.902,1770127360,3.0910,,6.02e-05,126325,2026-09-11 22:03:19
54040,0.902,1770782720,3.0906,,6.01e-05,126320,2026-09-11 22:03:25
54060,0.903,1771438080,3.0912,,6.00e-05,126277,2026-09-11 22:03:30
54080,0.903,1772093440,3.0913,,5.99e-05,126273,2026-09-11 22:03:35
54100,0.903,1772748800,3.0908,,5.98e-05,126315,2026-09-11 22:03:40
54120,0.904,1773404160,3.0901,,5.97e-05,126301,2026-09-11 22:03:45
54140,0.904,1774059520,3.0898,,5.96e-05,126298,2026-09-11 22:03:51
54160,0.904,1774714880,3.0899,,5.95e-05,126271,2026-09-11 22:03:56
54180,0.905,1775370240,3.0904,,5.94e-05,126234,2026-09-11 22:04:01
54200,0.905,1776025600,3.0901,,5.92e-05,126313,2026-09-11 22:04:06
54220,0.905,1776680960,3.0894,,5.91e-05,126377,2026-09-11 22:04:11
54240,0.906,1777336320,3.0892,,5.90e-05,126396,2026-09-11 22:04:17
54260,0.906,1777991680,3.0890,,5.89e-05,126383,2026-09-11 22:04:22
54280,0.906,1778647040,3.0892,,5.88e-05,126381,2026-09-11 22:04:27
54300,0.907,1779302400,3.0891,,5.87e-05,126418,2026-09-11 22:04:32
54320,0.907,1779957760,3.0889,,5.86e-05,126403,2026-09-11 22:04:37
54340,0.907,1780613120,3.0893,,5.85e-05,126392,2026-09-11 22:04:43
54360,0.908,1781268480,3.0884,,5.84e-05,126395,2026-09-11 22:04:48
54380,0.908,1781923840,3.0881,,5.83e-05,126358,2026-09-11 22:04:53
54400,0.908,1782579200,3.0877,,5.82e-05,126357,2026-09-11 22:04:58
54420,0.909,1783234560,3.0874,,5.81e-05,126291,2026-09-11 22:05:03
54440,0.909,1783889920,3.0866,,5.80e-05,126341,2026-09-11 22:05:09
54460,0.909,1784545280,3.0868,,5.79e-05,126400,2026-09-11 22:05:14
54480,0.910,1785200640,3.0873,,5.78e-05,126385,2026-09-11 22:05:19
54500,0.910,1785856000,3.0871,,5.77e-05,126422,2026-09-11 22:05:24
54520,0.910,1786511360,3.0875,,5.76e-05,126428,2026-09-11 22:05:29
54540,0.911,1787166720,3.0879,,5.75e-05,126440,2026-09-11 22:05:35
54560,0.911,1787822080,3.0878,,5.74e-05,126384,2026-09-11 22:05:40
54580,0.911,1788477440,3.0870,,5.73e-05,126403,2026-09-11 22:05:45
54600,0.912,1789132800,3.0868,,5.72e-05,126402,2026-09-11 22:05:50
54620,0.912,1789788160,3.0877,,5.71e-05,126408,2026-09-11 22:05:55
54640,0.912,1790443520,3.0882,,5.70e-05,126386,2026-09-11 22:06:01
54660,0.913,1791098880,3.0884,,5.69e-05,126298,2026-09-11 22:06:06
54680,0.913,1791754240,3.0875,,5.68e-05,126319,2026-09-11 22:06:11
54700,0.913,1792409600,3.0876,,5.67e-05,126324,2026-09-11 22:06:16
54720,0.914,1793064960,3.0877,,5.66e-05,126344,2026-09-11 22:06:21
54740,0.914,1793720320,3.0877,,5.65e-05,126312,2026-09-11 22:06:27
54760,0.914,1794375680,3.0881,,5.64e-05,126339,2026-09-11 22:06:32
54780,0.915,1795031040,3.0881,,5.63e-05,126267,2026-09-11 22:06:37
54800,0.915,1795686400,3.0881,,5.62e-05,126340,2026-09-11 22:06:42
54820,0.915,1796341760,3.0892,,5.61e-05,126466,2026-09-11 22:06:47
54840,0.916,1796997120,3.0888,,5.60e-05,126475,2026-09-11 22:06:53
54860,0.916,1797652480,3.0891,,5.59e-05,126440,2026-09-11 22:06:58
54880,0.916,1798307840,3.0885,,5.58e-05,126401,2026-09-11 22:07:03
54900,0.917,1798963200,3.0882,,5.57e-05,126439,2026-09-11 22:07:08
54920,0.917,1799618560,3.0886,,5.56e-05,126461,2026-09-11 22:07:13
54940,0.917,1800273920,3.0890,,5.55e-05,126411,2026-09-11 22:07:19
54960,0.918,1800929280,3.0892,,5.54e-05,126363,2026-09-11 22:07:24
54980,0.918,1801584640,3.0884,,5.53e-05,126412,2026-09-11 22:07:29
55000,0.918,1802240000,3.0884,,5.52e-05,126397,2026-09-11 22:07:34
55000,0.918,1802240000,3.0884,3.0689,5.52e-05,,2026-09-11 22:07:53
55020,0.919,1802895360,3.0883,,5.51e-05,126614,2026-09-11 22:07:58
55040,0.919,1803550720,3.0882,,5.50e-05,126645,2026-09-11 22:08:03
55060,0.919,1804206080,3.0880,,5.49e-05,126687,2026-09-11 22:08:08
55080,0.920,1804861440,3.0882,,5.48e-05,126644,2026-09-11 22:08:14
55100,0.920,1805516800,3.0882,,5.48e-05,126512,2026-09-11 22:08:19
55120,0.920,1806172160,3.0881,,5.47e-05,126480,2026-09-11 22:08:24
55140,0.921,1806827520,3.0874,,5.46e-05,126490,2026-09-11 22:08:29
55160,0.921,1807482880,3.0878,,5.45e-05,126414,2026-09-11 22:08:34
55180,0.921,1808138240,3.0883,,5.44e-05,126401,2026-09-11 22:08:40
55200,0.922,1808793600,3.0882,,5.43e-05,126393,2026-09-11 22:08:45
55220,0.922,1809448960,3.0889,,5.42e-05,126409,2026-09-11 22:08:50
55240,0.922,1810104320,3.0899,,5.41e-05,126426,2026-09-11 22:08:55
55260,0.923,1810759680,3.0900,,5.40e-05,126430,2026-09-11 22:09:00
55280,0.923,1811415040,3.0899,,5.39e-05,126407,2026-09-11 22:09:06
55300,0.923,1812070400,3.0911,,5.39e-05,126219,2026-09-11 22:09:11
55320,0.924,1812725760,3.0908,,5.38e-05,126153,2026-09-11 22:09:16
55340,0.924,1813381120,3.0912,,5.37e-05,126336,2026-09-11 22:09:21
55360,0.924,1814036480,3.0917,,5.36e-05,126364,2026-09-11 22:09:27
55380,0.925,1814691840,3.0921,,5.35e-05,126445,2026-09-11 22:09:32
55400,0.925,1815347200,3.0922,,5.34e-05,126434,2026-09-11 22:09:37
55420,0.925,1816002560,3.0923,,5.33e-05,126439,2026-09-11 22:09:42
55440,0.926,1816657920,3.0924,,5.33e-05,126421,2026-09-11 22:09:47
55460,0.926,1817313280,3.0927,,5.32e-05,126462,2026-09-11 22:09:53
55480,0.926,1817968640,3.0924,,5.31e-05,126437,2026-09-11 22:09:58
55500,0.927,1818624000,3.0923,,5.30e-05,126359,2026-09-11 22:10:03
55520,0.927,1819279360,3.0923,,5.29e-05,126352,2026-09-11 22:10:08
55540,0.927,1819934720,3.0923,,5.28e-05,126393,2026-09-11 22:10:13
55560,0.928,1820590080,3.0924,,5.28e-05,126395,2026-09-11 22:10:19
55580,0.928,1821245440,3.0925,,5.27e-05,126339,2026-09-11 22:10:24
55600,0.928,1821900800,3.0928,,5.26e-05,126346,2026-09-11 22:10:29
55620,0.929,1822556160,3.0928,,5.25e-05,126424,2026-09-11 22:10:34
55640,0.929,1823211520,3.0929,,5.24e-05,126417,2026-09-11 22:10:39
55660,0.929,1823866880,3.0932,,5.23e-05,126326,2026-09-11 22:10:45
55680,0.930,1824522240,3.0937,,5.23e-05,126301,2026-09-11 22:10:50
55700,0.930,1825177600,3.0937,,5.22e-05,126371,2026-09-11 22:10:55
55720,0.930,1825832960,3.0929,,5.21e-05,126174,2026-09-11 22:11:00
55740,0.931,1826488320,3.0926,,5.20e-05,126219,2026-09-11 22:11:05
55760,0.931,1827143680,3.0925,,5.19e-05,126029,2026-09-11 22:11:11
55780,0.931,1827799040,3.0927,,5.19e-05,126284,2026-09-11 22:11:16
55800,0.932,1828454400,3.0923,,5.18e-05,126230,2026-09-11 22:11:21
55820,0.932,1829109760,3.0918,,5.17e-05,126205,2026-09-11 22:11:26
55840,0.932,1829765120,3.0930,,5.16e-05,126240,2026-09-11 22:11:32
55860,0.933,1830420480,3.0922,,5.16e-05,126310,2026-09-11 22:11:37
55880,0.933,1831075840,3.0927,,5.15e-05,126311,2026-09-11 22:11:42
55900,0.933,1831731200,3.0931,,5.14e-05,126300,2026-09-11 22:11:47
55920,0.934,1832386560,3.0928,,5.13e-05,126299,2026-09-11 22:11:52
55940,0.934,1833041920,3.0933,,5.12e-05,126305,2026-09-11 22:11:58
55960,0.934,1833697280,3.0936,,5.12e-05,126276,2026-09-11 22:12:03
55980,0.935,1834352640,3.0938,,5.11e-05,126250,2026-09-11 22:12:08
56000,0.935,1835008000,3.0940,,5.10e-05,126312,2026-09-11 22:12:13
56020,0.935,1835663360,3.0941,,5.09e-05,126390,2026-09-11 22:12:18
56040,0.936,1836318720,3.0940,,5.09e-05,126381,2026-09-11 22:12:24
56060,0.936,1836974080,3.0935,,5.08e-05,126378,2026-09-11 22:12:29
56080,0.936,1837629440,3.0935,,5.07e-05,126390,2026-09-11 22:12:34
56100,0.937,1838284800,3.0940,,5.07e-05,126393,2026-09-11 22:12:39
56120,0.937,1838940160,3.0933,,5.06e-05,126370,2026-09-11 22:12:44
56140,0.937,1839595520,3.0932,,5.05e-05,126308,2026-09-11 22:12:50
56160,0.938,1840250880,3.0935,,5.04e-05,126323,2026-09-11 22:12:55
56180,0.938,1840906240,3.0939,,5.04e-05,126347,2026-09-11 22:13:00
56200,0.938,1841561600,3.0933,,5.03e-05,126342,2026-09-11 22:13:05
56220,0.939,1842216960,3.0935,,5.02e-05,126283,2026-09-11 22:13:10
56240,0.939,1842872320,3.0935,,5.02e-05,126332,2026-09-11 22:13:16
56260,0.939,1843527680,3.0939,,5.01e-05,126397,2026-09-11 22:13:21
56280,0.940,1844183040,3.0932,,5.00e-05,126397,2026-09-11 22:13:26
56300,0.940,1844838400,3.0931,,4.99e-05,126288,2026-09-11 22:13:31
56320,0.940,1845493760,3.0931,,4.99e-05,126319,2026-09-11 22:13:36
56340,0.941,1846149120,3.0926,,4.98e-05,126387,2026-09-11 22:13:42
56360,0.941,1846804480,3.0927,,4.97e-05,126330,2026-09-11 22:13:47
56380,0.941,1847459840,3.0928,,4.97e-05,126300,2026-09-11 22:13:52
56400,0.942,1848115200,3.0926,,4.96e-05,126268,2026-09-11 22:13:57
56420,0.942,1848770560,3.0924,,4.95e-05,126213,2026-09-11 22:14:02
56440,0.942,1849425920,3.0918,,4.95e-05,126192,2026-09-11 22:14:08
56460,0.943,1850081280,3.0921,,4.94e-05,125828,2026-09-11 22:14:13
56480,0.943,1850736640,3.0922,,4.93e-05,126039,2026-09-11 22:14:18
56500,0.943,1851392000,3.0923,,4.93e-05,126203,2026-09-11 22:14:23
56520,0.944,1852047360,3.0922,,4.92e-05,126229,2026-09-11 22:14:28
56540,0.944,1852702720,3.0921,,4.91e-05,126179,2026-09-11 22:14:34
56560,0.944,1853358080,3.0921,,4.91e-05,126136,2026-09-11 22:14:39
56580,0.945,1854013440,3.0924,,4.90e-05,126207,2026-09-11 22:14:44
56600,0.945,1854668800,3.0924,,4.90e-05,126204,2026-09-11 22:14:49
56620,0.945,1855324160,3.0922,,4.89e-05,126238,2026-09-11 22:14:54
56640,0.946,1855979520,3.0912,,4.88e-05,126252,2026-09-11 22:15:00
56660,0.946,1856634880,3.0915,,4.88e-05,126277,2026-09-11 22:15:05
56680,0.946,1857290240,3.0916,,4.87e-05,126303,2026-09-11 22:15:10
56700,0.947,1857945600,3.0914,,4.86e-05,126273,2026-09-11 22:15:15
56720,0.947,1858600960,3.0910,,4.86e-05,126280,2026-09-11 22:15:20
56740,0.947,1859256320,3.0917,,4.85e-05,126329,2026-09-11 22:15:26
56760,0.948,1859911680,3.0910,,4.85e-05,126312,2026-09-11 22:15:31
56780,0.948,1860567040,3.0911,,4.84e-05,126319,2026-09-11 22:15:36
56800,0.948,1861222400,3.0908,,4.83e-05,126324,2026-09-11 22:15:41
56820,0.949,1861877760,3.0903,,4.83e-05,126168,2026-09-11 22:15:46
56840,0.949,1862533120,3.0906,,4.82e-05,126250,2026-09-11 22:15:52
56860,0.949,1863188480,3.0899,,4.82e-05,126330,2026-09-11 22:15:57
56880,0.950,1863843840,3.0903,,4.81e-05,126328,2026-09-11 22:16:02
56900,0.950,1864499200,3.0909,,4.80e-05,126273,2026-09-11 22:16:07
56920,0.950,1865154560,3.0913,,4.80e-05,126283,2026-09-11 22:16:12
56940,0.951,1865809920,3.0913,,4.79e-05,126279,2026-09-11 22:16:18
56960,0.951,1866465280,3.0907,,4.79e-05,126298,2026-09-11 22:16:23
56980,0.951,1867120640,3.0910,,4.78e-05,126257,2026-09-11 22:16:28
57000,0.952,1867776000,3.0904,,4.78e-05,126252,2026-09-11 22:16:33
57020,0.952,1868431360,3.0894,,4.77e-05,126220,2026-09-11 22:16:39
57040,0.952,1869086720,3.0894,,4.77e-05,126208,2026-09-11 22:16:44
57060,0.953,1869742080,3.0893,,4.76e-05,126270,2026-09-11 22:16:49
57080,0.953,1870397440,3.0900,,4.75e-05,126246,2026-09-11 22:16:54
57100,0.953,1871052800,3.0900,,4.75e-05,126228,2026-09-11 22:16:59
57120,0.954,1871708160,3.0900,,4.74e-05,126228,2026-09-11 22:17:05
57140,0.954,1872363520,3.0893,,4.74e-05,126085,2026-09-11 22:17:10
57160,0.954,1873018880,3.0897,,4.73e-05,126136,2026-09-11 22:17:15
57180,0.955,1873674240,3.0896,,4.73e-05,126167,2026-09-11 22:17:20
57200,0.955,1874329600,3.0890,,4.72e-05,126211,2026-09-11 22:17:25
57220,0.955,1874984960,3.0888,,4.72e-05,126231,2026-09-11 22:17:31
57240,0.956,1875640320,3.0879,,4.71e-05,126258,2026-09-11 22:17:36
57260,0.956,1876295680,3.0884,,4.71e-05,126352,2026-09-11 22:17:41
57280,0.956,1876951040,3.0888,,4.70e-05,126339,2026-09-11 22:17:46
57300,0.957,1877606400,3.0878,,4.70e-05,126325,2026-09-11 22:17:51
57320,0.957,1878261760,3.0876,,4.69e-05,126301,2026-09-11 22:17:57
57340,0.957,1878917120,3.0878,,4.69e-05,126362,2026-09-11 22:18:02
57360,0.958,1879572480,3.0875,,4.68e-05,126382,2026-09-11 22:18:07
57380,0.958,1880227840,3.0874,,4.68e-05,125917,2026-09-11 22:18:12
57400,0.959,1880883200,3.0876,,4.67e-05,126125,2026-09-11 22:18:18
57420,0.959,1881538560,3.0883,,4.67e-05,126341,2026-09-11 22:18:23
57440,0.959,1882193920,3.0880,,4.66e-05,126326,2026-09-11 22:18:28
57460,0.960,1882849280,3.0881,,4.66e-05,126275,2026-09-11 22:18:33
57480,0.960,1883504640,3.0885,,4.65e-05,126288,2026-09-11 22:18:38
57500,0.960,1884160000,3.0886,,4.65e-05,126360,2026-09-11 22:18:44
57520,0.961,1884815360,3.0885,,4.65e-05,126342,2026-09-11 22:18:49
57540,0.961,1885470720,3.0875,,4.64e-05,126263,2026-09-11 22:18:54
57560,0.961,1886126080,3.0872,,4.64e-05,126280,2026-09-11 22:18:59
57580,0.962,1886781440,3.0869,,4.63e-05,126365,2026-09-11 22:19:04
57600,0.962,1887436800,3.0874,,4.63e-05,126346,2026-09-11 22:19:10
57620,0.962,1888092160,3.0868,,4.62e-05,126279,2026-09-11 22:19:15
57640,0.963,1888747520,3.0864,,4.62e-05,126242,2026-09-11 22:19:20
57660,0.963,1889402880,3.0869,,4.61e-05,126230,2026-09-11 22:19:25
57680,0.963,1890058240,3.0867,,4.61e-05,126183,2026-09-11 22:19:31
57700,0.964,1890713600,3.0875,,4.61e-05,126265,2026-09-11 22:19:36
57720,0.964,1891368960,3.0879,,4.60e-05,126242,2026-09-11 22:19:41
57740,0.964,1892024320,3.0877,,4.60e-05,126219,2026-09-11 22:19:46
57760,0.965,1892679680,3.0868,,4.59e-05,126222,2026-09-11 22:19:51
57780,0.965,1893335040,3.0866,,4.59e-05,126232,2026-09-11 22:19:57
57800,0.965,1893990400,3.0862,,4.59e-05,126224,2026-09-11 22:20:02
57820,0.966,1894645760,3.0861,,4.58e-05,126180,2026-09-11 22:20:07
57840,0.966,1895301120,3.0861,,4.58e-05,126190,2026-09-11 22:20:12
57860,0.966,1895956480,3.0859,,4.57e-05,126182,2026-09-11 22:20:17
57880,0.967,1896611840,3.0861,,4.57e-05,126231,2026-09-11 22:20:23
57900,0.967,1897267200,3.0864,,4.57e-05,126301,2026-09-11 22:20:28
57920,0.967,1897922560,3.0862,,4.56e-05,126235,2026-09-11 22:20:33
57940,0.968,1898577920,3.0854,,4.56e-05,126057,2026-09-11 22:20:38
57960,0.968,1899233280,3.0858,,4.55e-05,126141,2026-09-11 22:20:43
57980,0.968,1899888640,3.0862,,4.55e-05,126264,2026-09-11 22:20:49
58000,0.969,1900544000,3.0858,,4.55e-05,126233,2026-09-11 22:20:54
58020,0.969,1901199360,3.0860,,4.54e-05,126166,2026-09-11 22:20:59
58040,0.969,1901854720,3.0863,,4.54e-05,126141,2026-09-11 22:21:04
58060,0.970,1902510080,3.0857,,4.54e-05,126260,2026-09-11 22:21:09
58080,0.970,1903165440,3.0853,,4.53e-05,126270,2026-09-11 22:21:15
58100,0.970,1903820800,3.0860,,4.53e-05,126185,2026-09-11 22:21:20
58120,0.971,1904476160,3.0848,,4.53e-05,126198,2026-09-11 22:21:25
58140,0.971,1905131520,3.0846,,4.52e-05,126242,2026-09-11 22:21:30
58160,0.971,1905786880,3.0849,,4.52e-05,126153,2026-09-11 22:21:35
58180,0.972,1906442240,3.0845,,4.52e-05,126305,2026-09-11 22:21:41
58200,0.972,1907097600,3.0848,,4.51e-05,126318,2026-09-11 22:21:46
58220,0.972,1907752960,3.0836,,4.51e-05,125993,2026-09-11 22:21:51
58240,0.973,1908408320,3.0839,,4.51e-05,126008,2026-09-11 22:21:56
58260,0.973,1909063680,3.0840,,4.50e-05,125909,2026-09-11 22:22:02
58280,0.973,1909719040,3.0833,,4.50e-05,125917,2026-09-11 22:22:07
58300,0.974,1910374400,3.0827,,4.50e-05,126115,2026-09-11 22:22:12
58320,0.974,1911029760,3.0817,,4.49e-05,125923,2026-09-11 22:22:17
58340,0.974,1911685120,3.0808,,4.49e-05,125733,2026-09-11 22:22:22
58360,0.975,1912340480,3.0807,,4.49e-05,125804,2026-09-11 22:22:28
58380,0.975,1912995840,3.0809,,4.48e-05,125690,2026-09-11 22:22:33
58400,0.975,1913651200,3.0804,,4.48e-05,125870,2026-09-11 22:22:38
58420,0.976,1914306560,3.0802,,4.48e-05,125803,2026-09-11 22:22:43
58440,0.976,1914961920,3.0801,,4.48e-05,125901,2026-09-11 22:22:49
58460,0.976,1915617280,3.0800,,4.47e-05,125947,2026-09-11 22:22:54
58480,0.977,1916272640,3.0799,,4.47e-05,125973,2026-09-11 22:22:59
58500,0.977,1916928000,3.0796,,4.47e-05,126067,2026-09-11 22:23:04
58520,0.977,1917583360,3.0799,,4.47e-05,126016,2026-09-11 22:23:09
58540,0.978,1918238720,3.0793,,4.46e-05,125976,2026-09-11 22:23:15
58560,0.978,1918894080,3.0792,,4.46e-05,125990,2026-09-11 22:23:20
58580,0.978,1919549440,3.0790,,4.46e-05,125941,2026-09-11 22:23:25
58600,0.979,1920204800,3.0784,,4.45e-05,126027,2026-09-11 22:23:30
58620,0.979,1920860160,3.0782,,4.45e-05,125999,2026-09-11 22:23:35
58640,0.979,1921515520,3.0778,,4.45e-05,126076,2026-09-11 22:23:41
58660,0.980,1922170880,3.0774,,4.45e-05,126216,2026-09-11 22:23:46
58680,0.980,1922826240,3.0769,,4.45e-05,126132,2026-09-11 22:23:51
58700,0.980,1923481600,3.0768,,4.44e-05,126114,2026-09-11 22:23:56
58720,0.981,1924136960,3.0767,,4.44e-05,126149,2026-09-11 22:24:02
58740,0.981,1924792320,3.0770,,4.44e-05,126112,2026-09-11 22:24:07
58760,0.981,1925447680,3.0771,,4.44e-05,125958,2026-09-11 22:24:12
58780,0.982,1926103040,3.0765,,4.43e-05,126113,2026-09-11 22:24:17
58800,0.982,1926758400,3.0749,,4.43e-05,126109,2026-09-11 22:24:22
58820,0.982,1927413760,3.0751,,4.43e-05,126127,2026-09-11 22:24:28
58840,0.983,1928069120,3.0753,,4.43e-05,126099,2026-09-11 22:24:33
58860,0.983,1928724480,3.0749,,4.43e-05,126207,2026-09-11 22:24:38
58880,0.983,1929379840,3.0752,,4.42e-05,126175,2026-09-11 22:24:43
58900,0.984,1930035200,3.0751,,4.42e-05,125862,2026-09-11 22:24:48
58920,0.984,1930690560,3.0751,,4.42e-05,126012,2026-09-11 22:24:54
58940,0.984,1931345920,3.0747,,4.42e-05,126086,2026-09-11 22:24:59
58960,0.985,1932001280,3.0749,,4.42e-05,126121,2026-09-11 22:25:04
58980,0.985,1932656640,3.0747,,4.41e-05,125747,2026-09-11 22:25:09
59000,0.985,1933312000,3.0746,,4.41e-05,125490,2026-09-11 22:25:15
59020,0.986,1933967360,3.0747,,4.41e-05,126191,2026-09-11 22:25:20
59040,0.986,1934622720,3.0739,,4.41e-05,125932,2026-09-11 22:25:25
59060,0.986,1935278080,3.0742,,4.41e-05,125958,2026-09-11 22:25:30
59080,0.987,1935933440,3.0738,,4.41e-05,126049,2026-09-11 22:25:35
59100,0.987,1936588800,3.0739,,4.40e-05,126007,2026-09-11 22:25:41
59120,0.987,1937244160,3.0737,,4.40e-05,125958,2026-09-11 22:25:46
59140,0.988,1937899520,3.0737,,4.40e-05,125941,2026-09-11 22:25:51
59160,0.988,1938554880,3.0740,,4.40e-05,126003,2026-09-11 22:25:56
59180,0.988,1939210240,3.0746,,4.40e-05,126052,2026-09-11 22:26:02
59200,0.989,1939865600,3.0744,,4.40e-05,126089,2026-09-11 22:26:07
59220,0.989,1940520960,3.0743,,4.40e-05,125883,2026-09-11 22:26:12
59240,0.989,1941176320,3.0743,,4.40e-05,125972,2026-09-11 22:26:17
59260,0.990,1941831680,3.0747,,4.39e-05,126247,2026-09-11 22:26:22
59280,0.990,1942487040,3.0751,,4.39e-05,126074,2026-09-11 22:26:28
59300,0.990,1943142400,3.0754,,4.39e-05,125988,2026-09-11 22:26:33
59320,0.991,1943797760,3.0758,,4.39e-05,126017,2026-09-11 22:26:38
59340,0.991,1944453120,3.0755,,4.39e-05,125897,2026-09-11 22:26:43
59360,0.991,1945108480,3.0755,,4.39e-05,125904,2026-09-11 22:26:48
59380,0.992,1945763840,3.0743,,4.39e-05,125911,2026-09-11 22:26:54
59400,0.992,1946419200,3.0748,,4.39e-05,125937,2026-09-11 22:26:59
59420,0.992,1947074560,3.0748,,4.39e-05,125957,2026-09-11 22:27:04
59440,0.993,1947729920,3.0756,,4.38e-05,125941,2026-09-11 22:27:09
59460,0.993,1948385280,3.0759,,4.38e-05,125781,2026-09-11 22:27:15
59480,0.993,1949040640,3.0760,,4.38e-05,125784,2026-09-11 22:27:20
59500,0.994,1949696000,3.0766,,4.38e-05,124713,2026-09-11 22:27:25
59520,0.994,1950351360,3.0764,,4.38e-05,125203,2026-09-11 22:27:31
59540,0.994,1951006720,3.0766,,4.38e-05,125420,2026-09-11 22:27:36
59560,0.995,1951662080,3.0769,,4.38e-05,125457,2026-09-11 22:27:41
59580,0.995,1952317440,3.0771,,4.38e-05,125527,2026-09-11 22:27:46
59600,0.995,1952972800,3.0762,,4.38e-05,125670,2026-09-11 22:27:52
59620,0.996,1953628160,3.0764,,4.38e-05,125955,2026-09-11 22:27:57
59640,0.996,1954283520,3.0772,,4.38e-05,126070,2026-09-11 22:28:02
59660,0.996,1954938880,3.0776,,4.38e-05,126156,2026-09-11 22:28:07
59680,0.997,1955594240,3.0774,,4.38e-05,126130,2026-09-11 22:28:12
59700,0.997,1956249600,3.0783,,4.38e-05,125109,2026-09-11 22:28:18
59720,0.997,1956904960,3.0783,,4.38e-05,125567,2026-09-11 22:28:23
59740,0.998,1957560320,3.0783,,4.38e-05,126062,2026-09-11 22:28:28
59760,0.998,1958215680,3.0785,,4.38e-05,126060,2026-09-11 22:28:33
59780,0.998,1958871040,3.0787,,4.38e-05,126101,2026-09-11 22:28:38
59800,0.999,1959526400,3.0793,,4.38e-05,126006,2026-09-11 22:28:44
59820,0.999,1960181760,3.0789,,4.38e-05,126016,2026-09-11 22:28:49
59840,0.999,1960837120,3.0784,,4.38e-05,126026,2026-09-11 22:28:55
59860,1.000,1961492480,3.0780,,4.38e-05,126115,2026-09-11 22:29:00
59863,1.000,1961564160,3.0780,3.0610,4.38e-05,,2026-09-11 22:30:14
