step,epoch,tokens_seen,train_loss,val_loss,lr,tokens_per_sec,time,time_unix
20,0.000,655360,8.3337,,5.04e-06,75185,2026-09-13 20:53:22,1789304002.637
40,0.000,1310720,8.3293,,9.84e-06,92245,2026-09-13 20:53:29,1789304009.606
60,0.001,1966080,8.3217,,1.46e-05,118979,2026-09-13 20:53:36,1789304016.596
80,0.001,2621440,8.3120,,1.94e-05,118814,2026-09-13 20:53:43,1789304023.605
100,0.001,3276800,8.3004,,2.42e-05,118362,2026-09-13 20:53:50,1789304030.633
120,0.001,3932160,8.2864,,2.90e-05,118221,2026-09-13 20:53:57,1789304037.677
140,0.002,4587520,8.2723,,3.38e-05,117889,2026-09-13 20:54:04,1789304044.732
160,0.002,5242880,8.2574,,3.86e-05,117842,2026-09-13 20:54:11,1789304051.795
180,0.002,5898240,8.2417,,4.34e-05,117677,2026-09-13 20:54:18,1789304058.862
200,0.002,6553600,8.2250,,4.82e-05,117658,2026-09-13 20:54:26,1789304066.074
220,0.002,7208960,8.2077,,5.30e-05,117558,2026-09-13 20:54:33,1789304073.150
240,0.003,7864320,8.1899,,5.78e-05,117520,2026-09-13 20:54:40,1789304080.228
260,0.003,8519680,8.1708,,6.26e-05,117466,2026-09-13 20:54:47,1789304087.308
280,0.003,9175040,8.1512,,6.74e-05,117448,2026-09-13 20:54:54,1789304094.389
300,0.003,9830400,8.1307,,7.22e-05,117377,2026-09-13 20:55:01,1789304101.472
320,0.004,10485760,8.1097,,7.70e-05,117388,2026-09-13 20:55:08,1789304108.557
340,0.004,11141120,8.0877,,8.18e-05,117371,2026-09-13 20:55:15,1789304115.641
360,0.004,11796480,8.0655,,8.66e-05,117364,2026-09-13 20:55:22,1789304122.727
380,0.004,12451840,8.0429,,9.14e-05,117370,2026-09-13 20:55:29,1789304129.812
400,0.004,13107200,8.0196,,9.62e-05,117334,2026-09-13 20:55:36,1789304136.899
420,0.005,13762560,7.9965,,1.01e-04,117313,2026-09-13 20:55:43,1789304143.988
440,0.005,14417920,7.9732,,1.06e-04,117312,2026-09-13 20:55:51,1789304151.075
460,0.005,15073280,7.9492,,1.11e-04,117370,2026-09-13 20:55:58,1789304158.162
480,0.005,15728640,7.9249,,1.15e-04,117337,2026-09-13 20:56:05,1789304165.250
500,0.006,16384000,7.8996,,1.20e-04,117284,2026-09-13 20:56:12,1789304172.338
520,0.006,17039360,7.8753,,1.25e-04,117325,2026-09-13 20:56:19,1789304179.428
540,0.006,17694720,7.8507,,1.30e-04,117293,2026-09-13 20:56:26,1789304186.520
560,0.006,18350080,7.8253,,1.35e-04,117278,2026-09-13 20:56:33,1789304193.612
580,0.006,19005440,7.7988,,1.39e-04,117248,2026-09-13 20:56:40,1789304200.703
600,0.007,19660800,7.7730,,1.44e-04,117264,2026-09-13 20:56:47,1789304207.794
620,0.007,20316160,7.7472,,1.49e-04,117237,2026-09-13 20:56:54,1789304214.886
640,0.007,20971520,7.7214,,1.54e-04,117243,2026-09-13 20:57:01,1789304221.979
660,0.007,21626880,7.6953,,1.59e-04,117230,2026-09-13 20:57:09,1789304229.071
680,0.008,22282240,7.6686,,1.63e-04,117258,2026-09-13 20:57:16,1789304236.159
700,0.008,22937600,7.6417,,1.68e-04,117283,2026-09-13 20:57:23,1789304243.250
720,0.008,23592960,7.6153,,1.73e-04,117289,2026-09-13 20:57:30,1789304250.340
740,0.008,24248320,7.5883,,1.78e-04,117196,2026-09-13 20:57:37,1789304257.434
760,0.008,24903680,7.5602,,1.83e-04,117208,2026-09-13 20:57:44,1789304264.526
780,0.009,25559040,7.5322,,1.87e-04,117210,2026-09-13 20:57:51,1789304271.621
800,0.009,26214400,7.5048,,1.92e-04,117247,2026-09-13 20:57:58,1789304278.711
820,0.009,26869760,7.4773,,1.97e-04,117250,2026-09-13 20:58:05,1789304285.802
840,0.009,27525120,7.4493,,2.02e-04,117254,2026-09-13 20:58:12,1789304292.894
860,0.010,28180480,7.4220,,2.07e-04,117216,2026-09-13 20:58:19,1789304299.987
880,0.010,28835840,7.3939,,2.11e-04,117225,2026-09-13 20:58:27,1789304307.081
900,0.010,29491200,7.3662,,2.16e-04,117188,2026-09-13 20:58:34,1789304314.176
920,0.010,30146560,7.3385,,2.21e-04,117192,2026-09-13 20:58:41,1789304321.269
940,0.011,30801920,7.3101,,2.26e-04,117219,2026-09-13 20:58:48,1789304328.361
960,0.011,31457280,7.2829,,2.31e-04,117224,2026-09-13 20:58:55,1789304335.456
980,0.011,32112640,7.2550,,2.35e-04,117248,2026-09-13 20:59:02,1789304342.548
1000,0.011,32768000,7.2281,,2.40e-04,117234,2026-09-13 20:59:09,1789304349.640
1020,0.011,33423360,7.1992,,2.45e-04,117248,2026-09-13 20:59:16,1789304356.733
1040,0.012,34078720,7.1721,,2.50e-04,117216,2026-09-13 20:59:23,1789304363.828
1060,0.012,34734080,7.1451,,2.55e-04,117221,2026-09-13 20:59:30,1789304370.921
1080,0.012,35389440,7.1179,,2.59e-04,117206,2026-09-13 20:59:38,1789304378.014
1100,0.012,36044800,7.0902,,2.64e-04,117185,2026-09-13 20:59:45,1789304385.109
1120,0.013,36700160,7.0633,,2.69e-04,117188,2026-09-13 20:59:52,1789304392.203
1140,0.013,37355520,7.0361,,2.74e-04,117211,2026-09-13 20:59:59,1789304399.295
1160,0.013,38010880,7.0090,,2.79e-04,117199,2026-09-13 21:00:06,1789304406.389
1180,0.013,38666240,6.9829,,2.83e-04,117208,2026-09-13 21:00:13,1789304413.483
1200,0.013,39321600,6.9560,,2.88e-04,117212,2026-09-13 21:00:20,1789304420.577
1220,0.014,39976960,6.9298,,2.93e-04,117185,2026-09-13 21:00:27,1789304427.672
1240,0.014,40632320,6.9031,,2.98e-04,117199,2026-09-13 21:00:34,1789304434.766
1260,0.014,41287680,6.8772,,3.03e-04,117184,2026-09-13 21:00:41,1789304441.859
1280,0.014,41943040,6.8512,,3.07e-04,117203,2026-09-13 21:00:48,1789304448.954
1300,0.015,42598400,6.8259,,3.12e-04,117266,2026-09-13 21:00:56,1789304456.044
1320,0.015,43253760,6.8004,,3.17e-04,117259,2026-09-13 21:01:03,1789304463.136
1340,0.015,43909120,6.7749,,3.22e-04,117264,2026-09-13 21:01:10,1789304470.227
1360,0.015,44564480,6.7496,,3.27e-04,117218,2026-09-13 21:01:17,1789304477.323
1380,0.015,45219840,6.7244,,3.31e-04,117211,2026-09-13 21:01:24,1789304484.416
1400,0.016,45875200,6.6992,,3.36e-04,117239,2026-09-13 21:01:31,1789304491.509
1420,0.016,46530560,6.6741,,3.41e-04,117245,2026-09-13 21:01:38,1789304498.600
1440,0.016,47185920,6.6501,,3.46e-04,117261,2026-09-13 21:01:45,1789304505.692
1460,0.016,47841280,6.6263,,3.51e-04,117230,2026-09-13 21:01:52,1789304512.787
1480,0.017,48496640,6.6021,,3.55e-04,117214,2026-09-13 21:01:59,1789304519.879
1500,0.017,49152000,6.5783,,3.60e-04,117190,2026-09-13 21:02:06,1789304526.974
1520,0.017,49807360,6.5542,,3.65e-04,117192,2026-09-13 21:02:14,1789304534.069
1540,0.017,50462720,6.5308,,3.70e-04,117233,2026-09-13 21:02:21,1789304541.161
1560,0.017,51118080,6.5067,,3.75e-04,117239,2026-09-13 21:02:28,1789304548.256
1580,0.018,51773440,6.4833,,3.79e-04,117215,2026-09-13 21:02:35,1789304555.350
1600,0.018,52428800,6.4599,,3.84e-04,117233,2026-09-13 21:02:42,1789304562.444
1620,0.018,53084160,6.4362,,3.89e-04,117218,2026-09-13 21:02:49,1789304569.656
1640,0.018,53739520,6.4132,,3.94e-04,117216,2026-09-13 21:02:56,1789304576.754
1660,0.019,54394880,6.3909,,3.99e-04,117152,2026-09-13 21:03:03,1789304583.851
1680,0.019,55050240,6.3682,,4.03e-04,117160,2026-09-13 21:03:10,1789304590.950
1700,0.019,55705600,6.3459,,4.08e-04,117147,2026-09-13 21:03:18,1789304598.048
1720,0.019,56360960,6.3244,,4.13e-04,117138,2026-09-13 21:03:25,1789304605.146
1740,0.019,57016320,6.3023,,4.18e-04,117170,2026-09-13 21:03:32,1789304612.244
1760,0.020,57671680,6.2800,,4.23e-04,117172,2026-09-13 21:03:39,1789304619.340
1780,0.020,58327040,6.2587,,4.27e-04,117179,2026-09-13 21:03:46,1789304626.437
1800,0.020,58982400,6.2371,,4.32e-04,117166,2026-09-13 21:03:53,1789304633.533
1820,0.020,59637760,6.2156,,4.37e-04,117185,2026-09-13 21:04:00,1789304640.631
1840,0.021,60293120,6.1935,,4.42e-04,117186,2026-09-13 21:04:07,1789304647.727
1860,0.021,60948480,6.1724,,4.47e-04,117177,2026-09-13 21:04:14,1789304654.825
1880,0.021,61603840,6.1513,,4.51e-04,117141,2026-09-13 21:04:21,1789304661.924
1900,0.021,62259200,6.1315,,4.56e-04,117123,2026-09-13 21:04:29,1789304669.025
1920,0.021,62914560,6.1108,,4.61e-04,117141,2026-09-13 21:04:36,1789304676.125
1940,0.022,63569920,6.0899,,4.66e-04,117139,2026-09-13 21:04:43,1789304683.223
1960,0.022,64225280,6.0702,,4.71e-04,117141,2026-09-13 21:04:50,1789304690.322
1980,0.022,64880640,6.0501,,4.75e-04,117162,2026-09-13 21:04:57,1789304697.419
2000,0.022,65536000,6.0300,,4.80e-04,117158,2026-09-13 21:05:04,1789304704.516
2020,0.023,66191360,6.0096,,4.85e-04,117148,2026-09-13 21:05:11,1789304711.616
2040,0.023,66846720,5.9895,,4.90e-04,117136,2026-09-13 21:05:18,1789304718.718
2060,0.023,67502080,5.9695,,4.95e-04,117127,2026-09-13 21:05:25,1789304725.819
2080,0.023,68157440,5.9497,,4.99e-04,117126,2026-09-13 21:05:32,1789304732.920
2100,0.023,68812800,5.9302,,5.04e-04,117158,2026-09-13 21:05:40,1789304740.021
2120,0.024,69468160,5.9108,,5.09e-04,117154,2026-09-13 21:05:47,1789304747.120
2140,0.024,70123520,5.8915,,5.14e-04,117151,2026-09-13 21:05:54,1789304754.218
2160,0.024,70778880,5.8732,,5.19e-04,117146,2026-09-13 21:06:01,1789304761.315
2180,0.024,71434240,5.8546,,5.23e-04,117131,2026-09-13 21:06:08,1789304768.414
2200,0.025,72089600,5.8366,,5.28e-04,117140,2026-09-13 21:06:15,1789304775.511
2220,0.025,72744960,5.8180,,5.33e-04,117141,2026-09-13 21:06:22,1789304782.611
2240,0.025,73400320,5.7992,,5.38e-04,117159,2026-09-13 21:06:29,1789304789.709
2260,0.025,74055680,5.7812,,5.43e-04,117168,2026-09-13 21:06:36,1789304796.808
2280,0.025,74711040,5.7632,,5.47e-04,117153,2026-09-13 21:06:43,1789304803.906
2300,0.026,75366400,5.7456,,5.52e-04,117133,2026-09-13 21:06:51,1789304811.004
2320,0.026,76021760,5.7276,,5.57e-04,117148,2026-09-13 21:06:58,1789304818.104
2340,0.026,76677120,5.7100,,5.62e-04,117160,2026-09-13 21:07:05,1789304825.203
2360,0.026,77332480,5.6924,,5.67e-04,117151,2026-09-13 21:07:12,1789304832.301
2380,0.027,77987840,5.6751,,5.71e-04,117150,2026-09-13 21:07:19,1789304839.400
2400,0.027,78643200,5.6571,,5.76e-04,117147,2026-09-13 21:07:26,1789304846.499
2420,0.027,79298560,5.6395,,5.81e-04,117139,2026-09-13 21:07:33,1789304853.598
2440,0.027,79953920,5.6228,,5.86e-04,117142,2026-09-13 21:07:40,1789304860.697
2460,0.027,80609280,5.6061,,5.91e-04,117156,2026-09-13 21:07:47,1789304867.796
2480,0.028,81264640,5.5896,,5.95e-04,117163,2026-09-13 21:07:54,1789304874.894
2500,0.028,81920000,5.5724,,6.00e-04,117166,2026-09-13 21:08:01,1789304881.992
2520,0.028,82575360,5.5562,,6.00e-04,117139,2026-09-13 21:08:09,1789304889.092
2540,0.028,83230720,5.5412,,6.00e-04,117096,2026-09-13 21:08:16,1789304896.193
2560,0.029,83886080,5.5254,,6.00e-04,117131,2026-09-13 21:08:23,1789304903.289
2580,0.029,84541440,5.5091,,6.00e-04,117166,2026-09-13 21:08:30,1789304910.386
2600,0.029,85196800,5.4937,,6.00e-04,117146,2026-09-13 21:08:37,1789304917.485
2620,0.029,85852160,5.4782,,6.00e-04,117156,2026-09-13 21:08:44,1789304924.583
2640,0.030,86507520,5.4629,,6.00e-04,117162,2026-09-13 21:08:51,1789304931.680
2660,0.030,87162880,5.4479,,6.00e-04,117120,2026-09-13 21:08:58,1789304938.779
2680,0.030,87818240,5.4326,,6.00e-04,117117,2026-09-13 21:09:05,1789304945.880
2700,0.030,88473600,5.4185,,6.00e-04,117116,2026-09-13 21:09:12,1789304952.979
2720,0.030,89128960,5.4028,,6.00e-04,117120,2026-09-13 21:09:20,1789304960.080
2740,0.031,89784320,5.3875,,6.00e-04,117139,2026-09-13 21:09:27,1789304967.182
2760,0.031,90439680,5.3736,,6.00e-04,117153,2026-09-13 21:09:34,1789304974.281
2780,0.031,91095040,5.3591,,6.00e-04,117137,2026-09-13 21:09:41,1789304981.381
2800,0.031,91750400,5.3447,,6.00e-04,117133,2026-09-13 21:09:48,1789304988.481
2820,0.032,92405760,5.3303,,6.00e-04,117123,2026-09-13 21:09:55,1789304995.581
2840,0.032,93061120,5.3158,,6.00e-04,117131,2026-09-13 21:10:02,1789305002.680
2860,0.032,93716480,5.3016,,6.00e-04,117110,2026-09-13 21:10:09,1789305009.781
2880,0.032,94371840,5.2871,,6.00e-04,117129,2026-09-13 21:10:16,1789305016.882
2900,0.032,95027200,5.2733,,6.00e-04,117128,2026-09-13 21:10:23,1789305023.982
2920,0.033,95682560,5.2594,,6.00e-04,117120,2026-09-13 21:10:31,1789305031.081
2940,0.033,96337920,5.2456,,6.00e-04,117125,2026-09-13 21:10:38,1789305038.179
2960,0.033,96993280,5.2317,,6.00e-04,117110,2026-09-13 21:10:45,1789305045.278
2980,0.033,97648640,5.2185,,6.00e-04,117096,2026-09-13 21:10:52,1789305052.378
3000,0.034,98304000,5.2047,,6.00e-04,117101,2026-09-13 21:10:59,1789305059.477
3020,0.034,98959360,5.1918,,6.00e-04,117135,2026-09-13 21:11:06,1789305066.576
3040,0.034,99614720,5.1787,,6.00e-04,117150,2026-09-13 21:11:13,1789305073.786
3060,0.034,100270080,5.1663,,6.00e-04,117151,2026-09-13 21:11:20,1789305080.882
3080,0.034,100925440,5.1530,,6.00e-04,117141,2026-09-13 21:11:27,1789305087.978
3100,0.035,101580800,5.1400,,6.00e-04,117155,2026-09-13 21:11:35,1789305095.072
3120,0.035,102236160,5.1271,,6.00e-04,117175,2026-09-13 21:11:42,1789305102.170
3140,0.035,102891520,5.1141,,6.00e-04,117110,2026-09-13 21:11:49,1789305109.270
3160,0.035,103546880,5.1020,,6.00e-04,117126,2026-09-13 21:11:56,1789305116.369
3180,0.036,104202240,5.0900,,6.00e-04,117149,2026-09-13 21:12:03,1789305123.468
3200,0.036,104857600,5.0779,,6.00e-04,117129,2026-09-13 21:12:10,1789305130.568
3220,0.036,105512960,5.0659,,6.00e-04,117174,2026-09-13 21:12:17,1789305137.665
3240,0.036,106168320,5.0531,,6.00e-04,117169,2026-09-13 21:12:24,1789305144.763
3260,0.036,106823680,5.0409,,6.00e-04,117122,2026-09-13 21:12:31,1789305151.860
3280,0.037,107479040,5.0284,,6.00e-04,117144,2026-09-13 21:12:38,1789305158.962
3300,0.037,108134400,5.0166,,6.00e-04,117144,2026-09-13 21:12:46,1789305166.058
3320,0.037,108789760,5.0050,,6.00e-04,117148,2026-09-13 21:12:53,1789305173.156
3340,0.037,109445120,4.9930,,6.00e-04,117147,2026-09-13 21:13:00,1789305180.255
3360,0.038,110100480,4.9811,,6.00e-04,117136,2026-09-13 21:13:07,1789305187.353
3380,0.038,110755840,4.9690,,6.00e-04,117207,2026-09-13 21:13:14,1789305194.451
3400,0.038,111411200,4.9570,,6.00e-04,117177,2026-09-13 21:13:21,1789305201.548
3420,0.038,112066560,4.9458,,6.00e-04,117161,2026-09-13 21:13:28,1789305208.647
3440,0.038,112721920,4.9339,,6.00e-04,117164,2026-09-13 21:13:35,1789305215.745
3460,0.039,113377280,4.9228,,6.00e-04,117144,2026-09-13 21:13:42,1789305222.843
3480,0.039,114032640,4.9112,,6.00e-04,117143,2026-09-13 21:13:49,1789305229.940
3500,0.039,114688000,4.9001,,6.00e-04,117133,2026-09-13 21:13:57,1789305237.039
3520,0.039,115343360,4.8897,,6.00e-04,117144,2026-09-13 21:14:04,1789305244.136
3540,0.040,115998720,4.8792,,6.00e-04,117135,2026-09-13 21:14:11,1789305251.237
3560,0.040,116654080,4.8679,,6.00e-04,117149,2026-09-13 21:14:18,1789305258.335
3580,0.040,117309440,4.8574,,6.00e-04,117175,2026-09-13 21:14:25,1789305265.432
3600,0.040,117964800,4.8471,,6.00e-04,117184,2026-09-13 21:14:32,1789305272.531
3620,0.040,118620160,4.8373,,6.00e-04,117199,2026-09-13 21:14:39,1789305279.631
3640,0.041,119275520,4.8265,,6.00e-04,117195,2026-09-13 21:14:46,1789305286.732
3660,0.041,119930880,4.8155,,6.00e-04,117194,2026-09-13 21:14:53,1789305293.830
3680,0.041,120586240,4.8055,,6.00e-04,117183,2026-09-13 21:15:00,1789305300.930
3700,0.041,121241600,4.7952,,6.00e-04,117162,2026-09-13 21:15:08,1789305308.029
3720,0.042,121896960,4.7845,,6.00e-04,117178,2026-09-13 21:15:15,1789305315.125
3740,0.042,122552320,4.7735,,6.00e-04,117191,2026-09-13 21:15:22,1789305322.223
3760,0.042,123207680,4.7631,,6.00e-04,117171,2026-09-13 21:15:29,1789305329.321
3780,0.042,123863040,4.7529,,6.00e-04,117166,2026-09-13 21:15:36,1789305336.420
3800,0.042,124518400,4.7428,,6.00e-04,117179,2026-09-13 21:15:43,1789305343.517
3820,0.043,125173760,4.7335,,6.00e-04,117152,2026-09-13 21:15:50,1789305350.616
3840,0.043,125829120,4.7238,,6.00e-04,117147,2026-09-13 21:15:57,1789305357.715
3860,0.043,126484480,4.7142,,6.00e-04,117132,2026-09-13 21:16:04,1789305364.813
3880,0.043,127139840,4.7045,,6.00e-04,117153,2026-09-13 21:16:11,1789305371.910
3900,0.044,127795200,4.6951,,6.00e-04,117179,2026-09-13 21:16:19,1789305379.009
3920,0.044,128450560,4.6860,,6.00e-04,117161,2026-09-13 21:16:26,1789305386.110
3940,0.044,129105920,4.6761,,6.00e-04,117080,2026-09-13 21:16:33,1789305393.210
3960,0.044,129761280,4.6666,,6.00e-04,117093,2026-09-13 21:16:40,1789305400.310
3980,0.044,130416640,4.6569,,6.00e-04,117134,2026-09-13 21:16:47,1789305407.409
4000,0.045,131072000,4.6473,,6.00e-04,117141,2026-09-13 21:16:54,1789305414.509
4020,0.045,131727360,4.6383,,6.00e-04,117152,2026-09-13 21:17:01,1789305421.607
4040,0.045,132382720,4.6293,,6.00e-04,117145,2026-09-13 21:17:08,1789305428.706
4060,0.045,133038080,4.6206,,6.00e-04,117149,2026-09-13 21:17:15,1789305435.806
4080,0.046,133693440,4.6124,,6.00e-04,117110,2026-09-13 21:17:22,1789305442.907
4100,0.046,134348800,4.6039,,6.00e-04,117113,2026-09-13 21:17:30,1789305450.009
4120,0.046,135004160,4.5945,,6.00e-04,117135,2026-09-13 21:17:37,1789305457.109
4140,0.046,135659520,4.5861,,6.00e-04,117177,2026-09-13 21:17:44,1789305464.210
4160,0.047,136314880,4.5765,,5.99e-04,117149,2026-09-13 21:17:51,1789305471.310
4180,0.047,136970240,4.5669,,5.99e-04,117164,2026-09-13 21:17:58,1789305478.411
4200,0.047,137625600,4.5584,,5.99e-04,117163,2026-09-13 21:18:05,1789305485.508
4220,0.047,138280960,4.5494,,5.99e-04,117168,2026-09-13 21:18:12,1789305492.606
4240,0.047,138936320,4.5416,,5.99e-04,117126,2026-09-13 21:18:19,1789305499.706
4260,0.048,139591680,4.5328,,5.99e-04,117134,2026-09-13 21:18:26,1789305506.805
4280,0.048,140247040,4.5248,,5.99e-04,117107,2026-09-13 21:18:33,1789305513.906
4300,0.048,140902400,4.5170,,5.99e-04,117107,2026-09-13 21:18:41,1789305521.004
4320,0.048,141557760,4.5083,,5.99e-04,117136,2026-09-13 21:18:48,1789305528.103
4340,0.049,142213120,4.5003,,5.99e-04,117123,2026-09-13 21:18:55,1789305535.201
4360,0.049,142868480,4.4920,,5.99e-04,117117,2026-09-13 21:19:02,1789305542.299
4380,0.049,143523840,4.4843,,5.99e-04,117129,2026-09-13 21:19:09,1789305549.396
4400,0.049,144179200,4.4763,,5.99e-04,117135,2026-09-13 21:19:16,1789305556.495
4420,0.049,144834560,4.4690,,5.99e-04,117117,2026-09-13 21:19:23,1789305563.595
4440,0.050,145489920,4.4613,,5.99e-04,117138,2026-09-13 21:19:30,1789305570.806
4460,0.050,146145280,4.4542,,5.99e-04,117181,2026-09-13 21:19:37,1789305577.902
4480,0.050,146800640,4.4463,,5.99e-04,117192,2026-09-13 21:19:44,1789305584.998
4500,0.050,147456000,4.4383,,5.99e-04,117193,2026-09-13 21:19:52,1789305592.094
4520,0.051,148111360,4.4315,,5.99e-04,117184,2026-09-13 21:19:59,1789305599.188
4540,0.051,148766720,4.4242,,5.99e-04,117199,2026-09-13 21:20:06,1789305606.283
4560,0.051,149422080,4.4164,,5.99e-04,117209,2026-09-13 21:20:13,1789305613.376
4580,0.051,150077440,4.4101,,5.99e-04,117244,2026-09-13 21:20:20,1789305620.472
4600,0.051,150732800,4.4028,,5.99e-04,117257,2026-09-13 21:20:27,1789305627.568
4620,0.052,151388160,4.3953,,5.99e-04,117244,2026-09-13 21:20:34,1789305634.662
4640,0.052,152043520,4.3878,,5.99e-04,117293,2026-09-13 21:20:41,1789305641.759
4660,0.052,152698880,4.3800,,5.99e-04,117263,2026-09-13 21:20:48,1789305648.851
4680,0.052,153354240,4.3732,,5.99e-04,117259,2026-09-13 21:20:55,1789305655.945
4700,0.053,154009600,4.3669,,5.99e-04,117194,2026-09-13 21:21:03,1789305663.040
4720,0.053,154664960,4.3605,,5.99e-04,117180,2026-09-13 21:21:10,1789305670.137
4740,0.053,155320320,4.3535,,5.99e-04,117169,2026-09-13 21:21:17,1789305677.232
4760,0.053,155975680,4.3463,,5.99e-04,117185,2026-09-13 21:21:24,1789305684.326
4780,0.053,156631040,4.3388,,5.99e-04,117183,2026-09-13 21:21:31,1789305691.422
4800,0.054,157286400,4.3314,,5.99e-04,117215,2026-09-13 21:21:38,1789305698.518
4820,0.054,157941760,4.3245,,5.99e-04,117181,2026-09-13 21:21:45,1789305705.616
4840,0.054,158597120,4.3180,,5.99e-04,117170,2026-09-13 21:21:52,1789305712.716
4860,0.054,159252480,4.3123,,5.99e-04,117152,2026-09-13 21:21:59,1789305719.816
4880,0.055,159907840,4.3059,,5.99e-04,117145,2026-09-13 21:22:06,1789305726.917
4900,0.055,160563200,4.2996,,5.99e-04,117159,2026-09-13 21:22:14,1789305734.016
4920,0.055,161218560,4.2935,,5.99e-04,117148,2026-09-13 21:22:21,1789305741.116
4940,0.055,161873920,4.2873,,5.99e-04,117151,2026-09-13 21:22:28,1789305748.214
4960,0.055,162529280,4.2809,,5.99e-04,117158,2026-09-13 21:22:35,1789305755.311
4980,0.056,163184640,4.2747,,5.99e-04,117184,2026-09-13 21:22:42,1789305762.408
5000,0.056,163840000,4.2694,,5.99e-04,117159,2026-09-13 21:22:49,1789305769.505
5000,0.056,163840000,4.2694,3.6245,5.99e-04,,2026-09-13 21:23:04,1789305784.833
5020,0.056,164495360,4.2628,,5.99e-04,117383,2026-09-13 21:23:11,1789305791.920
5040,0.056,165150720,4.2567,,5.99e-04,117352,2026-09-13 21:23:19,1789305799.009
5060,0.057,165806080,4.2511,,5.99e-04,117262,2026-09-13 21:23:26,1789305806.101
5080,0.057,166461440,4.2455,,5.99e-04,117274,2026-09-13 21:23:33,1789305813.195
5100,0.057,167116800,4.2401,,5.99e-04,117231,2026-09-13 21:23:40,1789305820.290
5120,0.057,167772160,4.2342,,5.99e-04,117210,2026-09-13 21:23:47,1789305827.388
5140,0.057,168427520,4.2283,,5.99e-04,117224,2026-09-13 21:23:54,1789305834.483
5160,0.058,169082880,4.2228,,5.99e-04,117231,2026-09-13 21:24:01,1789305841.579
5180,0.058,169738240,4.2169,,5.99e-04,117250,2026-09-13 21:24:08,1789305848.675
5200,0.058,170393600,4.2119,,5.99e-04,117244,2026-09-13 21:24:15,1789305855.767
5220,0.058,171048960,4.2061,,5.99e-04,117292,2026-09-13 21:24:22,1789305862.865
5240,0.059,171704320,4.2002,,5.99e-04,117228,2026-09-13 21:24:29,1789305869.962
5260,0.059,172359680,4.1947,,5.99e-04,117211,2026-09-13 21:24:37,1789305877.059
5280,0.059,173015040,4.1890,,5.99e-04,117201,2026-09-13 21:24:44,1789305884.157
5300,0.059,173670400,4.1831,,5.99e-04,117172,2026-09-13 21:24:51,1789305891.257
5320,0.059,174325760,4.1781,,5.99e-04,117156,2026-09-13 21:24:58,1789305898.358
5340,0.060,174981120,4.1731,,5.99e-04,117170,2026-09-13 21:25:05,1789305905.457
5360,0.060,175636480,4.1679,,5.99e-04,117166,2026-09-13 21:25:12,1789305912.556
5380,0.060,176291840,4.1624,,5.98e-04,117170,2026-09-13 21:25:19,1789305919.655
5400,0.060,176947200,4.1572,,5.98e-04,117166,2026-09-13 21:25:26,1789305926.755
5420,0.061,177602560,4.1524,,5.98e-04,117150,2026-09-13 21:25:33,1789305933.855
5440,0.061,178257920,4.1472,,5.98e-04,117140,2026-09-13 21:25:40,1789305940.957
5460,0.061,178913280,4.1416,,5.98e-04,117131,2026-09-13 21:25:48,1789305948.056
5480,0.061,179568640,4.1364,,5.98e-04,117135,2026-09-13 21:25:55,1789305955.157
5500,0.061,180224000,4.1312,,5.98e-04,117130,2026-09-13 21:26:02,1789305962.256
5520,0.062,180879360,4.1264,,5.98e-04,117138,2026-09-13 21:26:09,1789305969.356
5540,0.062,181534720,4.1212,,5.98e-04,117148,2026-09-13 21:26:16,1789305976.454
5560,0.062,182190080,4.1157,,5.98e-04,117149,2026-09-13 21:26:23,1789305983.553
5580,0.062,182845440,4.1101,,5.98e-04,117126,2026-09-13 21:26:30,1789305990.654
5600,0.063,183500800,4.1051,,5.98e-04,117117,2026-09-13 21:26:37,1789305997.753
5620,0.063,184156160,4.1009,,5.98e-04,117178,2026-09-13 21:26:44,1789306004.851
5640,0.063,184811520,4.0964,,5.98e-04,117170,2026-09-13 21:26:51,1789306011.950
5660,0.063,185466880,4.0918,,5.98e-04,117162,2026-09-13 21:26:59,1789306019.047
5680,0.063,186122240,4.0865,,5.98e-04,117157,2026-09-13 21:27:06,1789306026.146
5700,0.064,186777600,4.0815,,5.98e-04,117143,2026-09-13 21:27:13,1789306033.244
5720,0.064,187432960,4.0776,,5.98e-04,117151,2026-09-13 21:27:20,1789306040.343
5740,0.064,188088320,4.0725,,5.98e-04,117160,2026-09-13 21:27:27,1789306047.442
5760,0.064,188743680,4.0679,,5.98e-04,117170,2026-09-13 21:27:34,1789306054.542
5780,0.065,189399040,4.0641,,5.98e-04,117187,2026-09-13 21:27:41,1789306061.641
5800,0.065,190054400,4.0596,,5.98e-04,117187,2026-09-13 21:27:48,1789306068.739
5820,0.065,190709760,4.0551,,5.98e-04,117173,2026-09-13 21:27:55,1789306075.838
5840,0.065,191365120,4.0501,,5.98e-04,117165,2026-09-13 21:28:02,1789306082.941
5860,0.066,192020480,4.0462,,5.98e-04,117174,2026-09-13 21:28:10,1789306090.040
5880,0.066,192675840,4.0419,,5.98e-04,117171,2026-09-13 21:28:17,1789306097.138
5900,0.066,193331200,4.0375,,5.98e-04,117169,2026-09-13 21:28:24,1789306104.238
5920,0.066,193986560,4.0334,,5.98e-04,117210,2026-09-13 21:28:31,1789306111.337
5940,0.066,194641920,4.0295,,5.98e-04,117195,2026-09-13 21:28:38,1789306118.436
5960,0.067,195297280,4.0253,,5.98e-04,117215,2026-09-13 21:28:45,1789306125.538
5980,0.067,195952640,4.0212,,5.98e-04,117201,2026-09-13 21:28:52,1789306132.636
6000,0.067,196608000,4.0168,,5.98e-04,117217,2026-09-13 21:28:59,1789306139.734
6020,0.067,197263360,4.0127,,5.98e-04,117195,2026-09-13 21:29:06,1789306146.833
6040,0.068,197918720,4.0094,,5.98e-04,117214,2026-09-13 21:29:13,1789306153.930
6060,0.068,198574080,4.0055,,5.98e-04,117174,2026-09-13 21:29:21,1789306161.027
6080,0.068,199229440,4.0016,,5.98e-04,117182,2026-09-13 21:29:28,1789306168.126
6100,0.068,199884800,3.9976,,5.98e-04,117190,2026-09-13 21:29:35,1789306175.224
6120,0.068,200540160,3.9935,,5.98e-04,117217,2026-09-13 21:29:42,1789306182.320
6140,0.069,201195520,3.9891,,5.98e-04,117258,2026-09-13 21:29:49,1789306189.417
6160,0.069,201850880,3.9847,,5.98e-04,117241,2026-09-13 21:29:56,1789306196.515
6180,0.069,202506240,3.9808,,5.98e-04,117236,2026-09-13 21:30:03,1789306203.613
6200,0.069,203161600,3.9766,,5.97e-04,117236,2026-09-13 21:30:10,1789306210.709
6220,0.070,203816960,3.9726,,5.97e-04,117249,2026-09-13 21:30:17,1789306217.804
6240,0.070,204472320,3.9693,,5.97e-04,117261,2026-09-13 21:30:24,1789306224.898
6260,0.070,205127680,3.9647,,5.97e-04,117227,2026-09-13 21:30:31,1789306231.994
6280,0.070,205783040,3.9602,,5.97e-04,117233,2026-09-13 21:30:39,1789306239.088
6300,0.070,206438400,3.9566,,5.97e-04,117216,2026-09-13 21:30:46,1789306246.183
6320,0.071,207093760,3.9529,,5.97e-04,117207,2026-09-13 21:30:53,1789306253.280
6340,0.071,207749120,3.9491,,5.97e-04,117170,2026-09-13 21:31:00,1789306260.376
6360,0.071,208404480,3.9452,,5.97e-04,117176,2026-09-13 21:31:07,1789306267.474
6380,0.071,209059840,3.9416,,5.97e-04,117221,2026-09-13 21:31:14,1789306274.572
6400,0.072,209715200,3.9375,,5.97e-04,117203,2026-09-13 21:31:21,1789306281.669
6420,0.072,210370560,3.9343,,5.97e-04,117197,2026-09-13 21:31:28,1789306288.767
6440,0.072,211025920,3.9308,,5.97e-04,117210,2026-09-13 21:31:35,1789306295.994
6460,0.072,211681280,3.9268,,5.97e-04,117144,2026-09-13 21:31:43,1789306303.094
6480,0.072,212336640,3.9233,,5.97e-04,117158,2026-09-13 21:31:50,1789306310.191
6500,0.073,212992000,3.9198,,5.97e-04,117171,2026-09-13 21:31:57,1789306317.291
6520,0.073,213647360,3.9161,,5.97e-04,117184,2026-09-13 21:32:04,1789306324.390
6540,0.073,214302720,3.9126,,5.97e-04,117139,2026-09-13 21:32:11,1789306331.490
6560,0.073,214958080,3.9097,,5.97e-04,117149,2026-09-13 21:32:18,1789306338.591
6580,0.074,215613440,3.9065,,5.97e-04,117155,2026-09-13 21:32:25,1789306345.690
6600,0.074,216268800,3.9028,,5.97e-04,117168,2026-09-13 21:32:32,1789306352.790
6620,0.074,216924160,3.8997,,5.97e-04,117164,2026-09-13 21:32:39,1789306359.890
6640,0.074,217579520,3.8963,,5.97e-04,117164,2026-09-13 21:32:46,1789306366.989
6660,0.074,218234880,3.8937,,5.97e-04,117157,2026-09-13 21:32:54,1789306374.088
6680,0.075,218890240,3.8915,,5.97e-04,117162,2026-09-13 21:33:01,1789306381.188
6700,0.075,219545600,3.8882,,5.97e-04,117171,2026-09-13 21:33:08,1789306388.288
6720,0.075,220200960,3.8849,,5.97e-04,117152,2026-09-13 21:33:15,1789306395.390
6740,0.075,220856320,3.8814,,5.97e-04,117130,2026-09-13 21:33:22,1789306402.493
6760,0.076,221511680,3.8785,,5.97e-04,117137,2026-09-13 21:33:29,1789306409.594
6780,0.076,222167040,3.8752,,5.97e-04,117194,2026-09-13 21:33:36,1789306416.695
6800,0.076,222822400,3.8719,,5.97e-04,117172,2026-09-13 21:33:43,1789306423.796
6820,0.076,223477760,3.8687,,5.97e-04,117131,2026-09-13 21:33:50,1789306430.896
6840,0.076,224133120,3.8646,,5.97e-04,117135,2026-09-13 21:33:57,1789306437.997
6860,0.077,224788480,3.8613,,5.97e-04,117124,2026-09-13 21:34:05,1789306445.099
6880,0.077,225443840,3.8578,,5.96e-04,117144,2026-09-13 21:34:12,1789306452.197
6900,0.077,226099200,3.8548,,5.96e-04,117147,2026-09-13 21:34:19,1789306459.296
6920,0.077,226754560,3.8520,,5.96e-04,117148,2026-09-13 21:34:26,1789306466.397
6940,0.078,227409920,3.8492,,5.96e-04,117196,2026-09-13 21:34:33,1789306473.499
6960,0.078,228065280,3.8463,,5.96e-04,117173,2026-09-13 21:34:40,1789306480.598
6980,0.078,228720640,3.8430,,5.96e-04,117199,2026-09-13 21:34:47,1789306487.697
7000,0.078,229376000,3.8400,,5.96e-04,117183,2026-09-13 21:34:54,1789306494.797
7020,0.078,230031360,3.8375,,5.96e-04,117153,2026-09-13 21:35:01,1789306501.895
7040,0.079,230686720,3.8346,,5.96e-04,117152,2026-09-13 21:35:08,1789306508.993
7060,0.079,231342080,3.8318,,5.96e-04,117179,2026-09-13 21:35:16,1789306516.091
7080,0.079,231997440,3.8288,,5.96e-04,117185,2026-09-13 21:35:23,1789306523.191
7100,0.079,232652800,3.8254,,5.96e-04,117224,2026-09-13 21:35:30,1789306530.289
7120,0.080,233308160,3.8227,,5.96e-04,117232,2026-09-13 21:35:37,1789306537.386
7140,0.080,233963520,3.8201,,5.96e-04,117182,2026-09-13 21:35:44,1789306544.483
7160,0.080,234618880,3.8171,,5.96e-04,117196,2026-09-13 21:35:51,1789306551.581
7180,0.080,235274240,3.8146,,5.96e-04,117212,2026-09-13 21:35:58,1789306558.677
7200,0.080,235929600,3.8113,,5.96e-04,117224,2026-09-13 21:36:05,1789306565.772
7220,0.081,236584960,3.8089,,5.96e-04,117266,2026-09-13 21:36:12,1789306572.868
7240,0.081,237240320,3.8070,,5.96e-04,117257,2026-09-13 21:36:19,1789306579.964
7260,0.081,237895680,3.8044,,5.96e-04,117203,2026-09-13 21:36:27,1789306587.059
7280,0.081,238551040,3.8024,,5.96e-04,117203,2026-09-13 21:36:34,1789306594.156
7300,0.082,239206400,3.7992,,5.96e-04,117157,2026-09-13 21:36:41,1789306601.254
7320,0.082,239861760,3.7967,,5.96e-04,117189,2026-09-13 21:36:48,1789306608.351
7340,0.082,240517120,3.7948,,5.96e-04,117191,2026-09-13 21:36:55,1789306615.449
7360,0.082,241172480,3.7918,,5.96e-04,117213,2026-09-13 21:37:02,1789306622.547
7380,0.082,241827840,3.7903,,5.96e-04,117203,2026-09-13 21:37:09,1789306629.644
7400,0.083,242483200,3.7878,,5.96e-04,117189,2026-09-13 21:37:16,1789306636.741
7420,0.083,243138560,3.7857,,5.96e-04,117173,2026-09-13 21:37:23,1789306643.841
7440,0.083,243793920,3.7829,,5.96e-04,117171,2026-09-13 21:37:30,1789306650.940
7460,0.083,244449280,3.7804,,5.95e-04,117154,2026-09-13 21:37:38,1789306658.040
7480,0.084,245104640,3.7775,,5.95e-04,117171,2026-09-13 21:37:45,1789306665.138
7500,0.084,245760000,3.7747,,5.95e-04,117236,2026-09-13 21:37:52,1789306672.236
7520,0.084,246415360,3.7722,,5.95e-04,117201,2026-09-13 21:37:59,1789306679.335
7540,0.084,247070720,3.7703,,5.95e-04,117150,2026-09-13 21:38:06,1789306686.434
7560,0.085,247726080,3.7673,,5.95e-04,117173,2026-09-13 21:38:13,1789306693.532
7580,0.085,248381440,3.7653,,5.95e-04,117182,2026-09-13 21:38:20,1789306700.630
7600,0.085,249036800,3.7634,,5.95e-04,117204,2026-09-13 21:38:27,1789306707.728
7620,0.085,249692160,3.7609,,5.95e-04,117172,2026-09-13 21:38:34,1789306714.828
7640,0.085,250347520,3.7577,,5.95e-04,117166,2026-09-13 21:38:41,1789306721.929
7660,0.086,251002880,3.7548,,5.95e-04,117191,2026-09-13 21:38:49,1789306729.026
7680,0.086,251658240,3.7527,,5.95e-04,117184,2026-09-13 21:38:56,1789306736.126
7700,0.086,252313600,3.7502,,5.95e-04,117168,2026-09-13 21:39:03,1789306743.226
7720,0.086,252968960,3.7478,,5.95e-04,117163,2026-09-13 21:39:10,1789306750.328
7740,0.087,253624320,3.7453,,5.95e-04,117254,2026-09-13 21:39:17,1789306757.429
7760,0.087,254279680,3.7429,,5.95e-04,117237,2026-09-13 21:39:24,1789306764.532
7780,0.087,254935040,3.7411,,5.95e-04,117163,2026-09-13 21:39:31,1789306771.632
7800,0.087,255590400,3.7392,,5.95e-04,117171,2026-09-13 21:39:38,1789306778.732
7820,0.087,256245760,3.7377,,5.95e-04,117151,2026-09-13 21:39:45,1789306785.833
7840,0.088,256901120,3.7361,,5.95e-04,117160,2026-09-13 21:39:52,1789306792.933
7860,0.088,257556480,3.7341,,5.95e-04,117198,2026-09-13 21:40:00,1789306800.032
7880,0.088,258211840,3.7322,,5.95e-04,117182,2026-09-13 21:40:07,1789306807.131
7900,0.088,258867200,3.7309,,5.95e-04,117184,2026-09-13 21:40:14,1789306814.229
7920,0.089,259522560,3.7286,,5.95e-04,117173,2026-09-13 21:40:21,1789306821.327
7940,0.089,260177920,3.7265,,5.95e-04,117171,2026-09-13 21:40:28,1789306828.425
7960,0.089,260833280,3.7245,,5.95e-04,117192,2026-09-13 21:40:35,1789306835.656
7980,0.089,261488640,3.7223,,5.95e-04,117195,2026-09-13 21:40:42,1789306842.753
8000,0.089,262144000,3.7201,,5.94e-04,117197,2026-09-13 21:40:49,1789306849.850
8020,0.090,262799360,3.7180,,5.94e-04,117167,2026-09-13 21:40:56,1789306856.948
8040,0.090,263454720,3.7162,,5.94e-04,117173,2026-09-13 21:41:04,1789306864.050
8060,0.090,264110080,3.7150,,5.94e-04,117166,2026-09-13 21:41:11,1789306871.148
8080,0.090,264765440,3.7127,,5.94e-04,117152,2026-09-13 21:41:18,1789306878.249
8100,0.091,265420800,3.7104,,5.94e-04,117145,2026-09-13 21:41:25,1789306885.349
8120,0.091,266076160,3.7087,,5.94e-04,117176,2026-09-13 21:41:32,1789306892.449
8140,0.091,266731520,3.7077,,5.94e-04,117163,2026-09-13 21:41:39,1789306899.549
8160,0.091,267386880,3.7052,,5.94e-04,117158,2026-09-13 21:41:46,1789306906.650
8180,0.091,268042240,3.7031,,5.94e-04,117130,2026-09-13 21:41:53,1789306913.752
8200,0.092,268697600,3.7020,,5.94e-04,117130,2026-09-13 21:42:00,1789306920.856
8220,0.092,269352960,3.7001,,5.94e-04,117201,2026-09-13 21:42:07,1789306927.958
8240,0.092,270008320,3.6984,,5.94e-04,117196,2026-09-13 21:42:15,1789306935.058
8260,0.092,270663680,3.6971,,5.94e-04,117184,2026-09-13 21:42:22,1789306942.157
8280,0.093,271319040,3.6952,,5.94e-04,117201,2026-09-13 21:42:29,1789306949.255
8300,0.093,271974400,3.6940,,5.94e-04,117199,2026-09-13 21:42:36,1789306956.356
8320,0.093,272629760,3.6919,,5.94e-04,117221,2026-09-13 21:42:43,1789306963.455
8340,0.093,273285120,3.6894,,5.94e-04,117291,2026-09-13 21:42:50,1789306970.552
8360,0.093,273940480,3.6879,,5.94e-04,117214,2026-09-13 21:42:57,1789306977.652
8380,0.094,274595840,3.6857,,5.94e-04,117233,2026-09-13 21:43:04,1789306984.752
8400,0.094,275251200,3.6838,,5.94e-04,117231,2026-09-13 21:43:11,1789306991.851
8420,0.094,275906560,3.6823,,5.94e-04,117163,2026-09-13 21:43:18,1789306998.951
8440,0.094,276561920,3.6806,,5.94e-04,117137,2026-09-13 21:43:26,1789307006.052
8460,0.095,277217280,3.6790,,5.94e-04,117145,2026-09-13 21:43:33,1789307013.151
8480,0.095,277872640,3.6781,,5.93e-04,117146,2026-09-13 21:43:40,1789307020.251
8500,0.095,278528000,3.6758,,5.93e-04,117153,2026-09-13 21:43:47,1789307027.350
8520,0.095,279183360,3.6749,,5.93e-04,117156,2026-09-13 21:43:54,1789307034.449
8540,0.095,279838720,3.6731,,5.93e-04,117143,2026-09-13 21:44:01,1789307041.548
8560,0.096,280494080,3.6718,,5.93e-04,117151,2026-09-13 21:44:08,1789307048.648
8580,0.096,281149440,3.6698,,5.93e-04,117199,2026-09-13 21:44:15,1789307055.746
8600,0.096,281804800,3.6681,,5.93e-04,117180,2026-09-13 21:44:22,1789307062.843
8620,0.096,282460160,3.6662,,5.93e-04,117141,2026-09-13 21:44:29,1789307069.944
8640,0.097,283115520,3.6645,,5.93e-04,117153,2026-09-13 21:44:37,1789307077.044
8660,0.097,283770880,3.6627,,5.93e-04,117173,2026-09-13 21:44:44,1789307084.143
8680,0.097,284426240,3.6611,,5.93e-04,117189,2026-09-13 21:44:51,1789307091.242
8700,0.097,285081600,3.6599,,5.93e-04,117194,2026-09-13 21:44:58,1789307098.342
8720,0.097,285736960,3.6582,,5.93e-04,117176,2026-09-13 21:45:05,1789307105.442
8740,0.098,286392320,3.6565,,5.93e-04,117225,2026-09-13 21:45:12,1789307112.543
8760,0.098,287047680,3.6553,,5.93e-04,117191,2026-09-13 21:45:19,1789307119.643
8780,0.098,287703040,3.6525,,5.93e-04,117149,2026-09-13 21:45:26,1789307126.744
8800,0.098,288358400,3.6509,,5.93e-04,117186,2026-09-13 21:45:33,1789307133.845
8820,0.099,289013760,3.6490,,5.93e-04,117174,2026-09-13 21:45:40,1789307140.944
8840,0.099,289669120,3.6473,,5.93e-04,117170,2026-09-13 21:45:48,1789307148.044
8860,0.099,290324480,3.6459,,5.93e-04,117152,2026-09-13 21:45:55,1789307155.144
8880,0.099,290979840,3.6447,,5.93e-04,117166,2026-09-13 21:46:02,1789307162.243
8900,0.099,291635200,3.6431,,5.93e-04,117176,2026-09-13 21:46:09,1789307169.341
8920,0.100,292290560,3.6410,,5.92e-04,117162,2026-09-13 21:46:16,1789307176.441
8940,0.100,292945920,3.6399,,5.92e-04,117195,2026-09-13 21:46:23,1789307183.538
8960,0.100,293601280,3.6386,,5.92e-04,117188,2026-09-13 21:46:30,1789307190.637
8980,0.100,294256640,3.6368,,5.92e-04,117185,2026-09-13 21:46:37,1789307197.735
9000,0.101,294912000,3.6352,,5.92e-04,117202,2026-09-13 21:46:44,1789307204.832
9020,0.101,295567360,3.6348,,5.92e-04,117199,2026-09-13 21:46:51,1789307211.930
9040,0.101,296222720,3.6333,,5.92e-04,117217,2026-09-13 21:46:59,1789307219.028
9060,0.101,296878080,3.6316,,5.92e-04,117234,2026-09-13 21:47:06,1789307226.124
9080,0.101,297533440,3.6300,,5.92e-04,117240,2026-09-13 21:47:13,1789307233.222
9100,0.102,298188800,3.6281,,5.92e-04,117231,2026-09-13 21:47:20,1789307240.320
9120,0.102,298844160,3.6266,,5.92e-04,117218,2026-09-13 21:47:27,1789307247.419
9140,0.102,299499520,3.6253,,5.92e-04,117165,2026-09-13 21:47:34,1789307254.520
9160,0.102,300154880,3.6236,,5.92e-04,117175,2026-09-13 21:47:41,1789307261.620
9180,0.103,300810240,3.6219,,5.92e-04,117195,2026-09-13 21:47:48,1789307268.717
9200,0.103,301465600,3.6200,,5.92e-04,117180,2026-09-13 21:47:55,1789307275.817
9220,0.103,302120960,3.6178,,5.92e-04,117251,2026-09-13 21:48:02,1789307282.917
9240,0.103,302776320,3.6167,,5.92e-04,117251,2026-09-13 21:48:10,1789307290.016
9260,0.104,303431680,3.6149,,5.92e-04,117207,2026-09-13 21:48:17,1789307297.113
9280,0.104,304087040,3.6132,,5.92e-04,117203,2026-09-13 21:48:24,1789307304.210
9300,0.104,304742400,3.6112,,5.92e-04,117207,2026-09-13 21:48:31,1789307311.306
9320,0.104,305397760,3.6099,,5.92e-04,117240,2026-09-13 21:48:38,1789307318.401
9340,0.104,306053120,3.6092,,5.91e-04,117179,2026-09-13 21:48:45,1789307325.499
9360,0.105,306708480,3.6080,,5.91e-04,117178,2026-09-13 21:48:52,1789307332.596
9380,0.105,307363840,3.6071,,5.91e-04,117225,2026-09-13 21:48:59,1789307339.694
9400,0.105,308019200,3.6068,,5.91e-04,117209,2026-09-13 21:49:06,1789307346.792
9420,0.105,308674560,3.6050,,5.91e-04,117213,2026-09-13 21:49:13,1789307353.890
9440,0.106,309329920,3.6038,,5.91e-04,117208,2026-09-13 21:49:20,1789307360.987
9460,0.106,309985280,3.6029,,5.91e-04,117216,2026-09-13 21:49:28,1789307368.084
9480,0.106,310640640,3.6017,,5.91e-04,117249,2026-09-13 21:49:35,1789307375.307
9500,0.106,311296000,3.6008,,5.91e-04,117257,2026-09-13 21:49:42,1789307382.400
9520,0.106,311951360,3.5992,,5.91e-04,117251,2026-09-13 21:49:49,1789307389.495
9540,0.107,312606720,3.5981,,5.91e-04,117272,2026-09-13 21:49:56,1789307396.593
9560,0.107,313262080,3.5968,,5.91e-04,117302,2026-09-13 21:50:03,1789307403.691
9580,0.107,313917440,3.5960,,5.91e-04,117269,2026-09-13 21:50:10,1789307410.788
9600,0.107,314572800,3.5938,,5.91e-04,117237,2026-09-13 21:50:17,1789307417.884
9620,0.108,315228160,3.5931,,5.91e-04,117222,2026-09-13 21:50:24,1789307424.980
9640,0.108,315883520,3.5927,,5.91e-04,117210,2026-09-13 21:50:32,1789307432.078
9660,0.108,316538880,3.5916,,5.91e-04,117232,2026-09-13 21:50:39,1789307439.176
9680,0.108,317194240,3.5900,,5.91e-04,117219,2026-09-13 21:50:46,1789307446.275
9700,0.108,317849600,3.5895,,5.91e-04,117217,2026-09-13 21:50:53,1789307453.372
9720,0.109,318504960,3.5884,,5.90e-04,117207,2026-09-13 21:51:00,1789307460.471
9740,0.109,319160320,3.5881,,5.90e-04,117197,2026-09-13 21:51:07,1789307467.569
9760,0.109,319815680,3.5871,,5.90e-04,117194,2026-09-13 21:51:14,1789307474.667
9780,0.109,320471040,3.5859,,5.90e-04,117180,2026-09-13 21:51:21,1789307481.767
9800,0.110,321126400,3.5847,,5.90e-04,117211,2026-09-13 21:51:28,1789307488.865
9820,0.110,321781760,3.5838,,5.90e-04,117200,2026-09-13 21:51:35,1789307495.962
9840,0.110,322437120,3.5820,,5.90e-04,117192,2026-09-13 21:51:43,1789307503.061
9860,0.110,323092480,3.5809,,5.90e-04,117150,2026-09-13 21:51:50,1789307510.163
9880,0.110,323747840,3.5798,,5.90e-04,117191,2026-09-13 21:51:57,1789307517.261
9900,0.111,324403200,3.5792,,5.90e-04,117208,2026-09-13 21:52:04,1789307524.360
9920,0.111,325058560,3.5777,,5.90e-04,117224,2026-09-13 21:52:11,1789307531.455
9940,0.111,325713920,3.5767,,5.90e-04,117223,2026-09-13 21:52:18,1789307538.553
9960,0.111,326369280,3.5758,,5.90e-04,117243,2026-09-13 21:52:25,1789307545.649
9980,0.112,327024640,3.5747,,5.90e-04,117237,2026-09-13 21:52:32,1789307552.744
10000,0.112,327680000,3.5738,,5.90e-04,117243,2026-09-13 21:52:39,1789307559.840
10000,0.112,327680000,3.5738,3.4306,5.90e-04,,2026-09-13 21:52:53,1789307573.417
10020,0.112,328335360,3.5732,,5.90e-04,117292,2026-09-13 21:53:00,1789307580.507
10040,0.112,328990720,3.5718,,5.90e-04,117325,2026-09-13 21:53:07,1789307587.595
10060,0.112,329646080,3.5710,,5.90e-04,117365,2026-09-13 21:53:14,1789307594.685
10080,0.113,330301440,3.5700,,5.90e-04,117324,2026-09-13 21:53:21,1789307601.776
10100,0.113,330956800,3.5694,,5.89e-04,117283,2026-09-13 21:53:28,1789307608.869
10120,0.113,331612160,3.5678,,5.89e-04,117289,2026-09-13 21:53:35,1789307615.961
10140,0.113,332267520,3.5669,,5.89e-04,117247,2026-09-13 21:53:43,1789307623.053
10160,0.114,332922880,3.5656,,5.89e-04,117260,2026-09-13 21:53:50,1789307630.146
10180,0.114,333578240,3.5648,,5.89e-04,117291,2026-09-13 21:53:57,1789307637.236
10200,0.114,334233600,3.5639,,5.89e-04,117279,2026-09-13 21:54:04,1789307644.325
10220,0.114,334888960,3.5618,,5.89e-04,117308,2026-09-13 21:54:11,1789307651.414
10240,0.114,335544320,3.5609,,5.89e-04,117312,2026-09-13 21:54:18,1789307658.503
10260,0.115,336199680,3.5601,,5.89e-04,117282,2026-09-13 21:54:25,1789307665.592
10280,0.115,336855040,3.5592,,5.89e-04,117286,2026-09-13 21:54:32,1789307672.680
10300,0.115,337510400,3.5580,,5.89e-04,117312,2026-09-13 21:54:39,1789307679.770
10320,0.115,338165760,3.5569,,5.89e-04,117310,2026-09-13 21:54:46,1789307686.861
10340,0.116,338821120,3.5558,,5.89e-04,117331,2026-09-13 21:54:53,1789307693.951
10360,0.116,339476480,3.5549,,5.89e-04,117339,2026-09-13 21:55:01,1789307701.042
10380,0.116,340131840,3.5536,,5.89e-04,117328,2026-09-13 21:55:08,1789307708.131
10400,0.116,340787200,3.5525,,5.89e-04,117328,2026-09-13 21:55:15,1789307715.221
10420,0.116,341442560,3.5513,,5.89e-04,117348,2026-09-13 21:55:22,1789307722.310
10440,0.117,342097920,3.5508,,5.89e-04,117332,2026-09-13 21:55:29,1789307729.399
10460,0.117,342753280,3.5498,,5.88e-04,117323,2026-09-13 21:55:36,1789307736.490
10480,0.117,343408640,3.5487,,5.88e-04,117311,2026-09-13 21:55:43,1789307743.582
10500,0.117,344064000,3.5473,,5.88e-04,117259,2026-09-13 21:55:50,1789307750.675
10520,0.118,344719360,3.5461,,5.88e-04,117266,2026-09-13 21:55:57,1789307757.768
10540,0.118,345374720,3.5450,,5.88e-04,117283,2026-09-13 21:56:04,1789307764.861
10560,0.118,346030080,3.5438,,5.88e-04,117281,2026-09-13 21:56:11,1789307771.954
10580,0.118,346685440,3.5430,,5.88e-04,117278,2026-09-13 21:56:19,1789307779.044
10600,0.118,347340800,3.5422,,5.88e-04,117294,2026-09-13 21:56:26,1789307786.135
10620,0.119,347996160,3.5414,,5.88e-04,117271,2026-09-13 21:56:33,1789307793.228
10640,0.119,348651520,3.5394,,5.88e-04,117248,2026-09-13 21:56:40,1789307800.321
10660,0.119,349306880,3.5382,,5.88e-04,117191,2026-09-13 21:56:47,1789307807.415
10680,0.119,349962240,3.5372,,5.88e-04,117204,2026-09-13 21:56:54,1789307814.510
10700,0.120,350617600,3.5364,,5.88e-04,117235,2026-09-13 21:57:01,1789307821.604
10720,0.120,351272960,3.5349,,5.88e-04,117260,2026-09-13 21:57:08,1789307828.699
10740,0.120,351928320,3.5337,,5.88e-04,117298,2026-09-13 21:57:15,1789307835.793
10760,0.120,352583680,3.5332,,5.88e-04,117298,2026-09-13 21:57:22,1789307842.886
10780,0.120,353239040,3.5327,,5.88e-04,117238,2026-09-13 21:57:29,1789307849.981
10800,0.121,353894400,3.5316,,5.87e-04,117266,2026-09-13 21:57:37,1789307857.075
10820,0.121,354549760,3.5301,,5.87e-04,117290,2026-09-13 21:57:44,1789307864.167
10840,0.121,355205120,3.5293,,5.87e-04,117322,2026-09-13 21:57:51,1789307871.259
10860,0.121,355860480,3.5290,,5.87e-04,117312,2026-09-13 21:57:58,1789307878.348
10880,0.122,356515840,3.5283,,5.87e-04,117289,2026-09-13 21:58:05,1789307885.440
10900,0.122,357171200,3.5278,,5.87e-04,117365,2026-09-13 21:58:12,1789307892.656
10920,0.122,357826560,3.5268,,5.87e-04,117347,2026-09-13 21:58:19,1789307899.743
10940,0.122,358481920,3.5257,,5.87e-04,117321,2026-09-13 21:58:26,1789307906.832
10960,0.123,359137280,3.5241,,5.87e-04,117291,2026-09-13 21:58:33,1789307913.923
10980,0.123,359792640,3.5229,,5.87e-04,117247,2026-09-13 21:58:41,1789307921.017
11000,0.123,360448000,3.5210,,5.87e-04,117256,2026-09-13 21:58:48,1789307928.109
11020,0.123,361103360,3.5201,,5.87e-04,117239,2026-09-13 21:58:55,1789307935.205
11040,0.123,361758720,3.5194,,5.87e-04,117234,2026-09-13 21:59:02,1789307942.301
11060,0.124,362414080,3.5181,,5.87e-04,117202,2026-09-13 21:59:09,1789307949.397
11080,0.124,363069440,3.5169,,5.87e-04,117215,2026-09-13 21:59:16,1789307956.492
11100,0.124,363724800,3.5165,,5.87e-04,117243,2026-09-13 21:59:23,1789307963.585
11120,0.124,364380160,3.5156,,5.86e-04,117236,2026-09-13 21:59:30,1789307970.683
11140,0.125,365035520,3.5144,,5.86e-04,117216,2026-09-13 21:59:37,1789307977.778
11160,0.125,365690880,3.5137,,5.86e-04,117206,2026-09-13 21:59:44,1789307984.873
11180,0.125,366346240,3.5131,,5.86e-04,117236,2026-09-13 21:59:51,1789307991.969
11200,0.125,367001600,3.5122,,5.86e-04,117245,2026-09-13 21:59:59,1789307999.065
11220,0.125,367656960,3.5117,,5.86e-04,117272,2026-09-13 22:00:06,1789308006.161
11240,0.126,368312320,3.5113,,5.86e-04,117264,2026-09-13 22:00:13,1789308013.257
11260,0.126,368967680,3.5111,,5.86e-04,117177,2026-09-13 22:00:20,1789308020.358
11280,0.126,369623040,3.5113,,5.86e-04,117189,2026-09-13 22:00:27,1789308027.456
11300,0.126,370278400,3.5107,,5.86e-04,117207,2026-09-13 22:00:34,1789308034.552
11320,0.127,370933760,3.5101,,5.86e-04,117228,2026-09-13 22:00:41,1789308041.646
11340,0.127,371589120,3.5094,,5.86e-04,117240,2026-09-13 22:00:48,1789308048.742
11360,0.127,372244480,3.5088,,5.86e-04,117241,2026-09-13 22:00:55,1789308055.835
11380,0.127,372899840,3.5078,,5.86e-04,117270,2026-09-13 22:01:02,1789308062.929
11400,0.127,373555200,3.5070,,5.86e-04,117247,2026-09-13 22:01:10,1789308070.024
11420,0.128,374210560,3.5071,,5.86e-04,117279,2026-09-13 22:01:17,1789308077.118
11440,0.128,374865920,3.5060,,5.85e-04,117263,2026-09-13 22:01:24,1789308084.212
11460,0.128,375521280,3.5052,,5.85e-04,117214,2026-09-13 22:01:31,1789308091.307
11480,0.128,376176640,3.5045,,5.85e-04,117203,2026-09-13 22:01:38,1789308098.405
11500,0.129,376832000,3.5044,,5.85e-04,117221,2026-09-13 22:01:45,1789308105.498
11520,0.129,377487360,3.5037,,5.85e-04,117212,2026-09-13 22:01:52,1789308112.595
11540,0.129,378142720,3.5032,,5.85e-04,117234,2026-09-13 22:01:59,1789308119.691
11560,0.129,378798080,3.5017,,5.85e-04,117238,2026-09-13 22:02:06,1789308126.788
11580,0.129,379453440,3.5004,,5.85e-04,117266,2026-09-13 22:02:13,1789308133.883
11600,0.130,380108800,3.5000,,5.85e-04,117246,2026-09-13 22:02:20,1789308140.979
11620,0.130,380764160,3.4990,,5.85e-04,117282,2026-09-13 22:02:28,1789308148.073
11640,0.130,381419520,3.4985,,5.85e-04,117270,2026-09-13 22:02:35,1789308155.167
11660,0.130,382074880,3.4982,,5.85e-04,117293,2026-09-13 22:02:42,1789308162.257
11680,0.131,382730240,3.4970,,5.85e-04,117311,2026-09-13 22:02:49,1789308169.347
11700,0.131,383385600,3.4963,,5.85e-04,117303,2026-09-13 22:02:56,1789308176.438
11720,0.131,384040960,3.4953,,5.85e-04,117297,2026-09-13 22:03:03,1789308183.530
11740,0.131,384696320,3.4943,,5.84e-04,117321,2026-09-13 22:03:10,1789308190.619
11760,0.131,385351680,3.4941,,5.84e-04,117317,2026-09-13 22:03:17,1789308197.710
11780,0.132,386007040,3.4937,,5.84e-04,117319,2026-09-13 22:03:24,1789308204.801
11800,0.132,386662400,3.4932,,5.84e-04,117314,2026-09-13 22:03:31,1789308211.891
11820,0.132,387317760,3.4921,,5.84e-04,117322,2026-09-13 22:03:38,1789308218.979
11840,0.132,387973120,3.4919,,5.84e-04,117323,2026-09-13 22:03:46,1789308226.069
11860,0.133,388628480,3.4917,,5.84e-04,117395,2026-09-13 22:03:53,1789308233.155
11880,0.133,389283840,3.4903,,5.84e-04,117383,2026-09-13 22:04:00,1789308240.240
11900,0.133,389939200,3.4897,,5.84e-04,117384,2026-09-13 22:04:07,1789308247.326
11920,0.133,390594560,3.4902,,5.84e-04,117375,2026-09-13 22:04:14,1789308254.413
11940,0.133,391249920,3.4893,,5.84e-04,117349,2026-09-13 22:04:21,1789308261.501
11960,0.134,391905280,3.4880,,5.84e-04,117384,2026-09-13 22:04:28,1789308268.586
11980,0.134,392560640,3.4879,,5.84e-04,117386,2026-09-13 22:04:35,1789308275.671
12000,0.134,393216000,3.4871,,5.84e-04,117369,2026-09-13 22:04:42,1789308282.761
12020,0.134,393871360,3.4856,,5.84e-04,117355,2026-09-13 22:04:49,1789308289.850
12040,0.135,394526720,3.4846,,5.83e-04,117381,2026-09-13 22:04:56,1789308296.937
12060,0.135,395182080,3.4845,,5.83e-04,117401,2026-09-13 22:05:04,1789308304.024
12080,0.135,395837440,3.4827,,5.83e-04,117369,2026-09-13 22:05:11,1789308311.114
12100,0.135,396492800,3.4822,,5.83e-04,117349,2026-09-13 22:05:18,1789308318.203
12120,0.135,397148160,3.4821,,5.83e-04,117385,2026-09-13 22:05:25,1789308325.289
12140,0.136,397803520,3.4817,,5.83e-04,117368,2026-09-13 22:05:32,1789308332.377
12160,0.136,398458880,3.4815,,5.83e-04,117358,2026-09-13 22:05:39,1789308339.465
12180,0.136,399114240,3.4800,,5.83e-04,117355,2026-09-13 22:05:46,1789308346.552
12200,0.136,399769600,3.4795,,5.83e-04,117349,2026-09-13 22:05:53,1789308353.640
12220,0.137,400424960,3.4789,,5.83e-04,117377,2026-09-13 22:06:00,1789308360.725
12240,0.137,401080320,3.4782,,5.83e-04,117334,2026-09-13 22:06:07,1789308367.816
12260,0.137,401735680,3.4777,,5.83e-04,117260,2026-09-13 22:06:14,1789308374.906
12280,0.137,402391040,3.4771,,5.83e-04,117276,2026-09-13 22:06:21,1789308381.997
12300,0.137,403046400,3.4758,,5.83e-04,117273,2026-09-13 22:06:29,1789308389.089
12320,0.138,403701760,3.4753,,5.82e-04,117305,2026-09-13 22:06:36,1789308396.178
12340,0.138,404357120,3.4747,,5.82e-04,117325,2026-09-13 22:06:43,1789308403.268
12360,0.138,405012480,3.4735,,5.82e-04,117336,2026-09-13 22:06:50,1789308410.356
12380,0.138,405667840,3.4731,,5.82e-04,117311,2026-09-13 22:06:57,1789308417.446
12400,0.139,406323200,3.4729,,5.82e-04,117323,2026-09-13 22:07:04,1789308424.673
12420,0.139,406978560,3.4727,,5.82e-04,117549,2026-09-13 22:07:12,1789308432.101
12440,0.139,407633920,3.4729,,5.82e-04,117430,2026-09-13 22:07:19,1789308439.189
12460,0.139,408289280,3.4718,,5.82e-04,117354,2026-09-13 22:07:26,1789308446.277
12480,0.140,408944640,3.4712,,5.82e-04,117329,2026-09-13 22:07:33,1789308453.367
12500,0.140,409600000,3.4708,,5.82e-04,117353,2026-09-13 22:07:40,1789308460.454
12520,0.140,410255360,3.4700,,5.82e-04,117352,2026-09-13 22:07:47,1789308467.542
12540,0.140,410910720,3.4689,,5.82e-04,117336,2026-09-13 22:07:54,1789308474.631
12560,0.140,411566080,3.4691,,5.82e-04,117350,2026-09-13 22:08:01,1789308481.720
12580,0.141,412221440,3.4692,,5.82e-04,117360,2026-09-13 22:08:08,1789308488.809
12600,0.141,412876800,3.4681,,5.81e-04,117346,2026-09-13 22:08:15,1789308495.895
12620,0.141,413532160,3.4675,,5.81e-04,117331,2026-09-13 22:08:22,1789308502.983
12640,0.141,414187520,3.4665,,5.81e-04,117344,2026-09-13 22:08:30,1789308510.070
12660,0.142,414842880,3.4649,,5.81e-04,117352,2026-09-13 22:08:37,1789308517.160
12680,0.142,415498240,3.4644,,5.81e-04,117337,2026-09-13 22:08:44,1789308524.247
12700,0.142,416153600,3.4632,,5.81e-04,117336,2026-09-13 22:08:51,1789308531.336
12720,0.142,416808960,3.4625,,5.81e-04,117316,2026-09-13 22:08:58,1789308538.423
12740,0.142,417464320,3.4620,,5.81e-04,117333,2026-09-13 22:09:05,1789308545.513
12760,0.143,418119680,3.4610,,5.81e-04,117320,2026-09-13 22:09:12,1789308552.604
12780,0.143,418775040,3.4608,,5.81e-04,117338,2026-09-13 22:09:19,1789308559.692
12800,0.143,419430400,3.4611,,5.81e-04,117330,2026-09-13 22:09:26,1789308566.782
12820,0.143,420085760,3.4606,,5.81e-04,117340,2026-09-13 22:09:33,1789308573.872
12840,0.144,420741120,3.4602,,5.81e-04,117323,2026-09-13 22:09:40,1789308580.963
12860,0.144,421396480,3.4603,,5.81e-04,117321,2026-09-13 22:09:48,1789308588.051
12880,0.144,422051840,3.4591,,5.80e-04,117317,2026-09-13 22:09:55,1789308595.141
12900,0.144,422707200,3.4584,,5.80e-04,117318,2026-09-13 22:10:02,1789308602.230
12920,0.144,423362560,3.4581,,5.80e-04,117314,2026-09-13 22:10:09,1789308609.319
12940,0.145,424017920,3.4579,,5.80e-04,117328,2026-09-13 22:10:16,1789308616.407
12960,0.145,424673280,3.4576,,5.80e-04,117340,2026-09-13 22:10:23,1789308623.499
12980,0.145,425328640,3.4576,,5.80e-04,117342,2026-09-13 22:10:30,1789308630.588
13000,0.145,425984000,3.4572,,5.80e-04,117354,2026-09-13 22:10:37,1789308637.676
13020,0.146,426639360,3.4565,,5.80e-04,117317,2026-09-13 22:10:44,1789308644.766
13040,0.146,427294720,3.4554,,5.80e-04,117329,2026-09-13 22:10:51,1789308651.854
13060,0.146,427950080,3.4554,,5.80e-04,117334,2026-09-13 22:10:58,1789308658.943
13080,0.146,428605440,3.4547,,5.80e-04,117323,2026-09-13 22:11:06,1789308666.033
13100,0.146,429260800,3.4545,,5.80e-04,117339,2026-09-13 22:11:13,1789308673.121
13120,0.147,429916160,3.4548,,5.80e-04,117336,2026-09-13 22:11:20,1789308680.209
13140,0.147,430571520,3.4539,,5.79e-04,117353,2026-09-13 22:11:27,1789308687.297
13160,0.147,431226880,3.4536,,5.79e-04,117354,2026-09-13 22:11:34,1789308694.383
13180,0.147,431882240,3.4530,,5.79e-04,117323,2026-09-13 22:11:41,1789308701.470
13200,0.148,432537600,3.4525,,5.79e-04,117332,2026-09-13 22:11:48,1789308708.558
13220,0.148,433192960,3.4519,,5.79e-04,117363,2026-09-13 22:11:55,1789308715.644
13240,0.148,433848320,3.4515,,5.79e-04,117404,2026-09-13 22:12:02,1789308722.732
13260,0.148,434503680,3.4514,,5.79e-04,117339,2026-09-13 22:12:09,1789308729.819
13280,0.148,435159040,3.4515,,5.79e-04,117364,2026-09-13 22:12:16,1789308736.907
13300,0.149,435814400,3.4506,,5.79e-04,117322,2026-09-13 22:12:23,1789308743.995
13320,0.149,436469760,3.4506,,5.79e-04,117317,2026-09-13 22:12:31,1789308751.083
13340,0.149,437125120,3.4499,,5.79e-04,117336,2026-09-13 22:12:38,1789308758.171
13360,0.149,437780480,3.4494,,5.79e-04,117340,2026-09-13 22:12:45,1789308765.260
13380,0.150,438435840,3.4488,,5.79e-04,117360,2026-09-13 22:12:52,1789308772.349
13400,0.150,439091200,3.4487,,5.78e-04,117355,2026-09-13 22:12:59,1789308779.437
13420,0.150,439746560,3.4480,,5.78e-04,117384,2026-09-13 22:13:06,1789308786.524
13440,0.150,440401920,3.4476,,5.78e-04,117386,2026-09-13 22:13:13,1789308793.612
13460,0.150,441057280,3.4475,,5.78e-04,117342,2026-09-13 22:13:20,1789308800.700
13480,0.151,441712640,3.4459,,5.78e-04,117336,2026-09-13 22:13:27,1789308807.789
13500,0.151,442368000,3.4454,,5.78e-04,117336,2026-09-13 22:13:34,1789308814.882
13520,0.151,443023360,3.4441,,5.78e-04,117332,2026-09-13 22:13:41,1789308821.970
13540,0.151,443678720,3.4432,,5.78e-04,117337,2026-09-13 22:13:49,1789308829.059
13560,0.152,444334080,3.4421,,5.78e-04,117357,2026-09-13 22:13:56,1789308836.149
13580,0.152,444989440,3.4420,,5.78e-04,117411,2026-09-13 22:14:03,1789308843.238
13600,0.152,445644800,3.4415,,5.78e-04,117389,2026-09-13 22:14:10,1789308850.325
13620,0.152,446300160,3.4411,,5.78e-04,117381,2026-09-13 22:14:17,1789308857.414
13640,0.152,446955520,3.4406,,5.78e-04,117415,2026-09-13 22:14:24,1789308864.500
13660,0.153,447610880,3.4397,,5.77e-04,117320,2026-09-13 22:14:31,1789308871.587
13680,0.153,448266240,3.4397,,5.77e-04,117323,2026-09-13 22:14:38,1789308878.675
13700,0.153,448921600,3.4395,,5.77e-04,117345,2026-09-13 22:14:45,1789308885.763
13720,0.153,449576960,3.4391,,5.77e-04,117342,2026-09-13 22:14:52,1789308892.851
13740,0.154,450232320,3.4393,,5.77e-04,117352,2026-09-13 22:14:59,1789308899.939
13760,0.154,450887680,3.4388,,5.77e-04,117382,2026-09-13 22:15:07,1789308907.027
13780,0.154,451543040,3.4380,,5.77e-04,117420,2026-09-13 22:15:14,1789308914.114
13800,0.154,452198400,3.4364,,5.77e-04,117393,2026-09-13 22:15:21,1789308921.202
13820,0.154,452853760,3.4363,,5.77e-04,117307,2026-09-13 22:15:28,1789308928.292
13840,0.155,453509120,3.4359,,5.77e-04,117329,2026-09-13 22:15:35,1789308935.381
13860,0.155,454164480,3.4346,,5.77e-04,117317,2026-09-13 22:15:42,1789308942.473
13880,0.155,454819840,3.4339,,5.77e-04,117301,2026-09-13 22:15:49,1789308949.564
13900,0.155,455475200,3.4331,,5.76e-04,117307,2026-09-13 22:15:56,1789308956.786
13920,0.156,456130560,3.4330,,5.76e-04,117309,2026-09-13 22:16:03,1789308963.874
13940,0.156,456785920,3.4322,,5.76e-04,117326,2026-09-13 22:16:10,1789308970.963
13960,0.156,457441280,3.4317,,5.76e-04,117323,2026-09-13 22:16:18,1789308978.050
13980,0.156,458096640,3.4313,,5.76e-04,117334,2026-09-13 22:16:25,1789308985.138
14000,0.156,458752000,3.4312,,5.76e-04,117304,2026-09-13 22:16:32,1789308992.227
14020,0.157,459407360,3.4304,,5.76e-04,117357,2026-09-13 22:16:39,1789308999.316
14040,0.157,460062720,3.4300,,5.76e-04,117343,2026-09-13 22:16:46,1789309006.407
14060,0.157,460718080,3.4297,,5.76e-04,117349,2026-09-13 22:16:53,1789309013.497
14080,0.157,461373440,3.4295,,5.76e-04,117345,2026-09-13 22:17:00,1789309020.586
14100,0.158,462028800,3.4287,,5.76e-04,117356,2026-09-13 22:17:07,1789309027.676
14120,0.158,462684160,3.4281,,5.76e-04,117321,2026-09-13 22:17:14,1789309034.767
14140,0.158,463339520,3.4287,,5.75e-04,117288,2026-09-13 22:17:21,1789309041.857
14160,0.158,463994880,3.4284,,5.75e-04,117278,2026-09-13 22:17:28,1789309048.950
14180,0.159,464650240,3.4285,,5.75e-04,117264,2026-09-13 22:17:36,1789309056.044
14200,0.159,465305600,3.4274,,5.75e-04,117289,2026-09-13 22:17:43,1789309063.136
14220,0.159,465960960,3.4271,,5.75e-04,117363,2026-09-13 22:17:50,1789309070.228
14240,0.159,466616320,3.4264,,5.75e-04,117362,2026-09-13 22:17:57,1789309077.320
14260,0.159,467271680,3.4264,,5.75e-04,117296,2026-09-13 22:18:04,1789309084.414
14280,0.160,467927040,3.4261,,5.75e-04,117284,2026-09-13 22:18:11,1789309091.506
14300,0.160,468582400,3.4257,,5.75e-04,117276,2026-09-13 22:18:18,1789309098.598
14320,0.160,469237760,3.4254,,5.75e-04,117294,2026-09-13 22:18:25,1789309105.691
14340,0.160,469893120,3.4248,,5.75e-04,117430,2026-09-13 22:18:32,1789309112.783
14360,0.161,470548480,3.4245,,5.75e-04,117450,2026-09-13 22:18:39,1789309119.875
14380,0.161,471203840,3.4237,,5.74e-04,117402,2026-09-13 22:18:46,1789309126.962
14400,0.161,471859200,3.4228,,5.74e-04,117376,2026-09-13 22:18:54,1789309134.051
14420,0.161,472514560,3.4224,,5.74e-04,117323,2026-09-13 22:19:01,1789309141.142
14440,0.161,473169920,3.4217,,5.74e-04,117290,2026-09-13 22:19:08,1789309148.233
14460,0.162,473825280,3.4216,,5.74e-04,117314,2026-09-13 22:19:15,1789309155.324
14480,0.162,474480640,3.4216,,5.74e-04,117312,2026-09-13 22:19:22,1789309162.416
14500,0.162,475136000,3.4204,,5.74e-04,117354,2026-09-13 22:19:29,1789309169.506
14520,0.162,475791360,3.4206,,5.74e-04,117317,2026-09-13 22:19:36,1789309176.598
14540,0.163,476446720,3.4200,,5.74e-04,117292,2026-09-13 22:19:43,1789309183.689
14560,0.163,477102080,3.4197,,5.74e-04,117312,2026-09-13 22:19:50,1789309190.781
14580,0.163,477757440,3.4187,,5.74e-04,117277,2026-09-13 22:19:57,1789309197.872
14600,0.163,478412800,3.4187,,5.74e-04,117275,2026-09-13 22:20:04,1789309204.963
14620,0.163,479068160,3.4182,,5.73e-04,117263,2026-09-13 22:20:12,1789309212.054
14640,0.164,479723520,3.4173,,5.73e-04,117280,2026-09-13 22:20:19,1789309219.145
14660,0.164,480378880,3.4166,,5.73e-04,117341,2026-09-13 22:20:26,1789309226.234
14680,0.164,481034240,3.4158,,5.73e-04,117316,2026-09-13 22:20:33,1789309233.324
14700,0.164,481689600,3.4151,,5.73e-04,117269,2026-09-13 22:20:40,1789309240.417
14720,0.165,482344960,3.4146,,5.73e-04,117279,2026-09-13 22:20:47,1789309247.506
14740,0.165,483000320,3.4136,,5.73e-04,117268,2026-09-13 22:20:54,1789309254.596
14760,0.165,483655680,3.4129,,5.73e-04,117293,2026-09-13 22:21:01,1789309261.687
14780,0.165,484311040,3.4127,,5.73e-04,117307,2026-09-13 22:21:08,1789309268.777
14800,0.165,484966400,3.4123,,5.73e-04,117305,2026-09-13 22:21:15,1789309275.866
14820,0.166,485621760,3.4122,,5.73e-04,117323,2026-09-13 22:21:22,1789309282.956
14840,0.166,486277120,3.4116,,5.73e-04,117321,2026-09-13 22:21:30,1789309290.045
14860,0.166,486932480,3.4117,,5.72e-04,117321,2026-09-13 22:21:37,1789309297.135
14880,0.166,487587840,3.4114,,5.72e-04,117325,2026-09-13 22:21:44,1789309304.224
14900,0.167,488243200,3.4108,,5.72e-04,117324,2026-09-13 22:21:51,1789309311.315
14920,0.167,488898560,3.4101,,5.72e-04,117346,2026-09-13 22:21:58,1789309318.407
14940,0.167,489553920,3.4098,,5.72e-04,117261,2026-09-13 22:22:05,1789309325.499
14960,0.167,490209280,3.4095,,5.72e-04,117258,2026-09-13 22:22:12,1789309332.594
14980,0.167,490864640,3.4095,,5.72e-04,117267,2026-09-13 22:22:19,1789309339.687
15000,0.168,491520000,3.4088,,5.72e-04,117287,2026-09-13 22:22:26,1789309346.782
15000,0.168,491520000,3.4088,3.3354,5.72e-04,,2026-09-13 22:22:40,1789309360.146
15020,0.168,492175360,3.4083,,5.72e-04,117340,2026-09-13 22:22:47,1789309367.236
15040,0.168,492830720,3.4084,,5.72e-04,117379,2026-09-13 22:22:54,1789309374.324
15060,0.168,493486080,3.4083,,5.72e-04,117446,2026-09-13 22:23:01,1789309381.416
15080,0.169,494141440,3.4079,,5.71e-04,117405,2026-09-13 22:23:08,1789309388.506
15100,0.169,494796800,3.4073,,5.71e-04,117386,2026-09-13 22:23:15,1789309395.597
15120,0.169,495452160,3.4069,,5.71e-04,117365,2026-09-13 22:23:22,1789309402.686
15140,0.169,496107520,3.4063,,5.71e-04,117343,2026-09-13 22:23:29,1789309409.778
15160,0.169,496762880,3.4048,,5.71e-04,117362,2026-09-13 22:23:36,1789309416.871
15180,0.170,497418240,3.4046,,5.71e-04,117311,2026-09-13 22:23:43,1789309423.964
15200,0.170,498073600,3.4048,,5.71e-04,117298,2026-09-13 22:23:51,1789309431.058
15220,0.170,498728960,3.4039,,5.71e-04,117259,2026-09-13 22:23:58,1789309438.151
15240,0.170,499384320,3.4041,,5.71e-04,117303,2026-09-13 22:24:05,1789309445.244
15260,0.171,500039680,3.4039,,5.71e-04,117266,2026-09-13 22:24:12,1789309452.339
15280,0.171,500695040,3.4038,,5.71e-04,117261,2026-09-13 22:24:19,1789309459.435
15300,0.171,501350400,3.4034,,5.70e-04,117294,2026-09-13 22:24:26,1789309466.530
15320,0.171,502005760,3.4023,,5.70e-04,117283,2026-09-13 22:24:33,1789309473.622
15340,0.171,502661120,3.4018,,5.70e-04,117306,2026-09-13 22:24:40,1789309480.715
15360,0.172,503316480,3.4015,,5.70e-04,117293,2026-09-13 22:24:47,1789309487.809
15380,0.172,503971840,3.4007,,5.70e-04,117270,2026-09-13 22:24:54,1789309494.901
15400,0.172,504627200,3.4010,,5.70e-04,117305,2026-09-13 22:25:02,1789309502.125
15420,0.172,505282560,3.4004,,5.70e-04,117287,2026-09-13 22:25:09,1789309509.221
15440,0.173,505937920,3.4004,,5.70e-04,117284,2026-09-13 22:25:16,1789309516.315
15460,0.173,506593280,3.4001,,5.70e-04,117264,2026-09-13 22:25:23,1789309523.411
15480,0.173,507248640,3.3993,,5.70e-04,117266,2026-09-13 22:25:30,1789309530.507
15500,0.173,507904000,3.3988,,5.70e-04,117255,2026-09-13 22:25:37,1789309537.604
15520,0.173,508559360,3.3979,,5.69e-04,117287,2026-09-13 22:25:44,1789309544.701
15540,0.174,509214720,3.3973,,5.69e-04,117247,2026-09-13 22:25:51,1789309551.796
15560,0.174,509870080,3.3972,,5.69e-04,117237,2026-09-13 22:25:58,1789309558.892
15580,0.174,510525440,3.3971,,5.69e-04,117220,2026-09-13 22:26:05,1789309565.984
15600,0.174,511180800,3.3963,,5.69e-04,117226,2026-09-13 22:26:13,1789309573.080
15620,0.175,511836160,3.3953,,5.69e-04,117272,2026-09-13 22:26:20,1789309580.175
15640,0.175,512491520,3.3952,,5.69e-04,117250,2026-09-13 22:26:27,1789309587.268
15660,0.175,513146880,3.3946,,5.69e-04,117279,2026-09-13 22:26:34,1789309594.360
15680,0.175,513802240,3.3943,,5.69e-04,117285,2026-09-13 22:26:41,1789309601.452
15700,0.175,514457600,3.3943,,5.69e-04,117248,2026-09-13 22:26:48,1789309608.545
15720,0.176,515112960,3.3942,,5.69e-04,117268,2026-09-13 22:26:55,1789309615.638
15740,0.176,515768320,3.3941,,5.68e-04,117217,2026-09-13 22:27:02,1789309622.734
15760,0.176,516423680,3.3933,,5.68e-04,117235,2026-09-13 22:27:09,1789309629.828
15780,0.176,517079040,3.3933,,5.68e-04,117285,2026-09-13 22:27:16,1789309636.921
15800,0.177,517734400,3.3934,,5.68e-04,117294,2026-09-13 22:27:24,1789309644.013
15820,0.177,518389760,3.3930,,5.68e-04,117252,2026-09-13 22:27:31,1789309651.105
15840,0.177,519045120,3.3928,,5.68e-04,117250,2026-09-13 22:27:38,1789309658.201
15860,0.177,519700480,3.3924,,5.68e-04,117172,2026-09-13 22:27:45,1789309665.294
15880,0.178,520355840,3.3919,,5.68e-04,117206,2026-09-13 22:27:52,1789309672.390
15900,0.178,521011200,3.3912,,5.68e-04,117181,2026-09-13 22:27:59,1789309679.485
15920,0.178,521666560,3.3906,,5.68e-04,117217,2026-09-13 22:28:06,1789309686.579
15940,0.178,522321920,3.3904,,5.67e-04,117195,2026-09-13 22:28:13,1789309693.675
15960,0.178,522977280,3.3902,,5.67e-04,117169,2026-09-13 22:28:20,1789309700.771
15980,0.179,523632640,3.3896,,5.67e-04,117203,2026-09-13 22:28:27,1789309707.866
16000,0.179,524288000,3.3890,,5.67e-04,117238,2026-09-13 22:28:34,1789309714.961
16020,0.179,524943360,3.3891,,5.67e-04,117249,2026-09-13 22:28:42,1789309722.054
16040,0.179,525598720,3.3881,,5.67e-04,117242,2026-09-13 22:28:49,1789309729.151
16060,0.180,526254080,3.3874,,5.67e-04,117245,2026-09-13 22:28:56,1789309736.247
16080,0.180,526909440,3.3865,,5.67e-04,117280,2026-09-13 22:29:03,1789309743.342
16100,0.180,527564800,3.3860,,5.67e-04,117375,2026-09-13 22:29:10,1789309750.433
16120,0.180,528220160,3.3857,,5.67e-04,117332,2026-09-13 22:29:17,1789309757.527
16140,0.180,528875520,3.3851,,5.67e-04,117283,2026-09-13 22:29:24,1789309764.622
16160,0.181,529530880,3.3844,,5.66e-04,117288,2026-09-13 22:29:31,1789309771.716
16180,0.181,530186240,3.3842,,5.66e-04,117250,2026-09-13 22:29:38,1789309778.813
16200,0.181,530841600,3.3835,,5.66e-04,117246,2026-09-13 22:29:45,1789309785.907
16220,0.181,531496960,3.3836,,5.66e-04,117258,2026-09-13 22:29:52,1789309792.998
16240,0.182,532152320,3.3828,,5.66e-04,117265,2026-09-13 22:30:00,1789309800.090
16260,0.182,532807680,3.3827,,5.66e-04,117251,2026-09-13 22:30:07,1789309807.182
16280,0.182,533463040,3.3821,,5.66e-04,117254,2026-09-13 22:30:14,1789309814.276
16300,0.182,534118400,3.3816,,5.66e-04,117258,2026-09-13 22:30:21,1789309821.369
16320,0.182,534773760,3.3816,,5.66e-04,117260,2026-09-13 22:30:28,1789309828.463
16340,0.183,535429120,3.3808,,5.66e-04,117261,2026-09-13 22:30:35,1789309835.557
16360,0.183,536084480,3.3813,,5.65e-04,117264,2026-09-13 22:30:42,1789309842.651
16380,0.183,536739840,3.3802,,5.65e-04,117307,2026-09-13 22:30:49,1789309849.742
16400,0.183,537395200,3.3801,,5.65e-04,117315,2026-09-13 22:30:56,1789309856.836
16420,0.184,538050560,3.3798,,5.65e-04,117229,2026-09-13 22:31:03,1789309863.934
16440,0.184,538705920,3.3799,,5.65e-04,117228,2026-09-13 22:31:11,1789309871.030
16460,0.184,539361280,3.3803,,5.65e-04,117229,2026-09-13 22:31:18,1789309878.125
16480,0.184,540016640,3.3799,,5.65e-04,117234,2026-09-13 22:31:25,1789309885.217
16500,0.184,540672000,3.3790,,5.65e-04,117287,2026-09-13 22:31:32,1789309892.308
16520,0.185,541327360,3.3784,,5.65e-04,117267,2026-09-13 22:31:39,1789309899.401
16540,0.185,541982720,3.3777,,5.65e-04,117213,2026-09-13 22:31:46,1789309906.496
16560,0.185,542638080,3.3770,,5.64e-04,117217,2026-09-13 22:31:53,1789309913.592
16580,0.185,543293440,3.3767,,5.64e-04,117290,2026-09-13 22:32:00,1789309920.685
16600,0.186,543948800,3.3771,,5.64e-04,117289,2026-09-13 22:32:07,1789309927.777
16620,0.186,544604160,3.3765,,5.64e-04,117222,2026-09-13 22:32:14,1789309934.872
16640,0.186,545259520,3.3761,,5.64e-04,117230,2026-09-13 22:32:21,1789309941.967
16660,0.186,545914880,3.3760,,5.64e-04,117237,2026-09-13 22:32:29,1789309949.060
16680,0.186,546570240,3.3757,,5.64e-04,117257,2026-09-13 22:32:36,1789309956.154
16700,0.187,547225600,3.3746,,5.64e-04,117264,2026-09-13 22:32:43,1789309963.250
16720,0.187,547880960,3.3745,,5.64e-04,117250,2026-09-13 22:32:50,1789309970.345
16740,0.187,548536320,3.3741,,5.64e-04,117229,2026-09-13 22:32:57,1789309977.439
16760,0.187,549191680,3.3734,,5.63e-04,117217,2026-09-13 22:33:04,1789309984.534
16780,0.188,549847040,3.3725,,5.63e-04,117270,2026-09-13 22:33:11,1789309991.630
16800,0.188,550502400,3.3719,,5.63e-04,117264,2026-09-13 22:33:18,1789309998.724
16820,0.188,551157760,3.3712,,5.63e-04,117313,2026-09-13 22:33:25,1789310005.819
16840,0.188,551813120,3.3713,,5.63e-04,117273,2026-09-13 22:33:32,1789310012.914
16860,0.188,552468480,3.3709,,5.63e-04,117245,2026-09-13 22:33:40,1789310020.009
16880,0.189,553123840,3.3704,,5.63e-04,117257,2026-09-13 22:33:47,1789310027.102
16900,0.189,553779200,3.3695,,5.63e-04,117299,2026-09-13 22:33:54,1789310034.328
16920,0.189,554434560,3.3696,,5.63e-04,117278,2026-09-13 22:34:01,1789310041.421
16940,0.189,555089920,3.3689,,5.63e-04,117271,2026-09-13 22:34:08,1789310048.515
16960,0.190,555745280,3.3690,,5.62e-04,117265,2026-09-13 22:34:15,1789310055.607
16980,0.190,556400640,3.3685,,5.62e-04,117305,2026-09-13 22:34:22,1789310062.702
17000,0.190,557056000,3.3679,,5.62e-04,117277,2026-09-13 22:34:29,1789310069.796
17020,0.190,557711360,3.3669,,5.62e-04,117187,2026-09-13 22:34:36,1789310076.892
17040,0.190,558366720,3.3668,,5.62e-04,117192,2026-09-13 22:34:43,1789310083.987
17060,0.191,559022080,3.3664,,5.62e-04,117225,2026-09-13 22:34:51,1789310091.082
17080,0.191,559677440,3.3656,,5.62e-04,117232,2026-09-13 22:34:58,1789310098.177
17100,0.191,560332800,3.3654,,5.62e-04,117233,2026-09-13 22:35:05,1789310105.273
17120,0.191,560988160,3.3646,,5.62e-04,117216,2026-09-13 22:35:12,1789310112.368
17140,0.192,561643520,3.3645,,5.62e-04,117464,2026-09-13 22:35:19,1789310119.805
17160,0.192,562298880,3.3646,,5.61e-04,117402,2026-09-13 22:35:26,1789310126.900
17180,0.192,562954240,3.3635,,5.61e-04,117271,2026-09-13 22:35:33,1789310133.994
17200,0.192,563609600,3.3635,,5.61e-04,117282,2026-09-13 22:35:41,1789310141.087
17220,0.192,564264960,3.3625,,5.61e-04,117254,2026-09-13 22:35:48,1789310148.181
17240,0.193,564920320,3.3621,,5.61e-04,117241,2026-09-13 22:35:55,1789310155.276
17260,0.193,565575680,3.3626,,5.61e-04,117231,2026-09-13 22:36:02,1789310162.371
17280,0.193,566231040,3.3629,,5.61e-04,117242,2026-09-13 22:36:09,1789310169.464
17300,0.193,566886400,3.3622,,5.61e-04,117213,2026-09-13 22:36:16,1789310176.559
17320,0.194,567541760,3.3616,,5.61e-04,117212,2026-09-13 22:36:23,1789310183.656
17340,0.194,568197120,3.3614,,5.61e-04,117234,2026-09-13 22:36:30,1789310190.749
17360,0.194,568852480,3.3605,,5.60e-04,117262,2026-09-13 22:36:37,1789310197.842
17380,0.194,569507840,3.3594,,5.60e-04,117254,2026-09-13 22:36:44,1789310204.939
17400,0.194,570163200,3.3593,,5.60e-04,117259,2026-09-13 22:36:52,1789310212.034
17420,0.195,570818560,3.3590,,5.60e-04,117296,2026-09-13 22:36:59,1789310219.129
17440,0.195,571473920,3.3591,,5.60e-04,117314,2026-09-13 22:37:06,1789310226.222
17460,0.195,572129280,3.3595,,5.60e-04,117267,2026-09-13 22:37:13,1789310233.315
17480,0.195,572784640,3.3589,,5.60e-04,117317,2026-09-13 22:37:20,1789310240.410
17500,0.196,573440000,3.3587,,5.60e-04,117293,2026-09-13 22:37:27,1789310247.505
17520,0.196,574095360,3.3582,,5.60e-04,117298,2026-09-13 22:37:34,1789310254.600
17540,0.196,574750720,3.3582,,5.59e-04,117288,2026-09-13 22:37:41,1789310261.695
17560,0.196,575406080,3.3588,,5.59e-04,117277,2026-09-13 22:37:48,1789310268.789
17580,0.197,576061440,3.3588,,5.59e-04,117366,2026-09-13 22:37:55,1789310275.881
17600,0.197,576716800,3.3590,,5.59e-04,117344,2026-09-13 22:38:02,1789310282.972
17620,0.197,577372160,3.3590,,5.59e-04,117301,2026-09-13 22:38:10,1789310290.066
17640,0.197,578027520,3.3586,,5.59e-04,117330,2026-09-13 22:38:17,1789310297.158
17660,0.197,578682880,3.3580,,5.59e-04,117349,2026-09-13 22:38:24,1789310304.248
17680,0.198,579338240,3.3572,,5.59e-04,117353,2026-09-13 22:38:31,1789310311.339
17700,0.198,579993600,3.3573,,5.59e-04,117339,2026-09-13 22:38:38,1789310318.429
17720,0.198,580648960,3.3574,,5.59e-04,117335,2026-09-13 22:38:45,1789310325.519
17740,0.198,581304320,3.3565,,5.58e-04,117324,2026-09-13 22:38:52,1789310332.609
17760,0.199,581959680,3.3562,,5.58e-04,117325,2026-09-13 22:38:59,1789310339.700
17780,0.199,582615040,3.3559,,5.58e-04,117303,2026-09-13 22:39:06,1789310346.793
17800,0.199,583270400,3.3560,,5.58e-04,117313,2026-09-13 22:39:13,1789310353.884
17820,0.199,583925760,3.3558,,5.58e-04,117327,2026-09-13 22:39:20,1789310360.974
17840,0.199,584581120,3.3561,,5.58e-04,117318,2026-09-13 22:39:28,1789310368.065
17860,0.200,585236480,3.3560,,5.58e-04,117359,2026-09-13 22:39:35,1789310375.155
17880,0.200,585891840,3.3552,,5.58e-04,117341,2026-09-13 22:39:42,1789310382.246
17900,0.200,586547200,3.3551,,5.58e-04,117302,2026-09-13 22:39:49,1789310389.338
17920,0.200,587202560,3.3552,,5.57e-04,117316,2026-09-13 22:39:56,1789310396.430
17940,0.201,587857920,3.3556,,5.57e-04,117252,2026-09-13 22:40:03,1789310403.523
17960,0.201,588513280,3.3550,,5.57e-04,117264,2026-09-13 22:40:10,1789310410.616
17980,0.201,589168640,3.3555,,5.57e-04,117282,2026-09-13 22:40:17,1789310417.709
18000,0.201,589824000,3.3547,,5.57e-04,117299,2026-09-13 22:40:24,1789310424.800
18020,0.201,590479360,3.3549,,5.57e-04,117311,2026-09-13 22:40:31,1789310431.892
18040,0.202,591134720,3.3541,,5.57e-04,117298,2026-09-13 22:40:38,1789310438.985
18060,0.202,591790080,3.3537,,5.57e-04,117400,2026-09-13 22:40:46,1789310446.076
18080,0.202,592445440,3.3534,,5.57e-04,117351,2026-09-13 22:40:53,1789310453.167
18100,0.202,593100800,3.3533,,5.57e-04,117333,2026-09-13 22:41:00,1789310460.257
18120,0.203,593756160,3.3541,,5.56e-04,117303,2026-09-13 22:41:07,1789310467.348
18140,0.203,594411520,3.3542,,5.56e-04,117297,2026-09-13 22:41:14,1789310474.440
18160,0.203,595066880,3.3538,,5.56e-04,117300,2026-09-13 22:41:21,1789310481.532
18180,0.203,595722240,3.3539,,5.56e-04,117280,2026-09-13 22:41:28,1789310488.624
18200,0.203,596377600,3.3536,,5.56e-04,117269,2026-09-13 22:41:35,1789310495.716
18220,0.204,597032960,3.3534,,5.56e-04,117290,2026-09-13 22:41:42,1789310502.808
18240,0.204,597688320,3.3536,,5.56e-04,117306,2026-09-13 22:41:49,1789310509.900
18260,0.204,598343680,3.3532,,5.56e-04,117289,2026-09-13 22:41:56,1789310516.992
18280,0.204,598999040,3.3531,,5.56e-04,117280,2026-09-13 22:42:04,1789310524.083
18300,0.205,599654400,3.3524,,5.55e-04,117304,2026-09-13 22:42:11,1789310531.175
18320,0.205,600309760,3.3524,,5.55e-04,117305,2026-09-13 22:42:18,1789310538.269
18340,0.205,600965120,3.3522,,5.55e-04,117321,2026-09-13 22:42:25,1789310545.360
18360,0.205,601620480,3.3516,,5.55e-04,117320,2026-09-13 22:42:32,1789310552.451
18380,0.205,602275840,3.3521,,5.55e-04,117280,2026-09-13 22:42:39,1789310559.545
18400,0.206,602931200,3.3516,,5.55e-04,117291,2026-09-13 22:42:46,1789310566.637
18420,0.206,603586560,3.3513,,5.55e-04,117384,2026-09-13 22:42:53,1789310573.861
18440,0.206,604241920,3.3505,,5.55e-04,117358,2026-09-13 22:43:00,1789310580.950
18460,0.206,604897280,3.3506,,5.55e-04,117411,2026-09-13 22:43:08,1789310588.038
18480,0.207,605552640,3.3503,,5.54e-04,117370,2026-09-13 22:43:15,1789310595.127
18500,0.207,606208000,3.3502,,5.54e-04,117367,2026-09-13 22:43:22,1789310602.216
18520,0.207,606863360,3.3493,,5.54e-04,117371,2026-09-13 22:43:29,1789310609.307
18540,0.207,607518720,3.3493,,5.54e-04,117328,2026-09-13 22:43:36,1789310616.395
18560,0.207,608174080,3.3488,,5.54e-04,117313,2026-09-13 22:43:43,1789310623.486
18580,0.208,608829440,3.3483,,5.54e-04,117338,2026-09-13 22:43:50,1789310630.576
18600,0.208,609484800,3.3485,,5.54e-04,117336,2026-09-13 22:43:57,1789310637.666
18620,0.208,610140160,3.3481,,5.54e-04,117317,2026-09-13 22:44:04,1789310644.754
18640,0.208,610795520,3.3482,,5.54e-04,117321,2026-09-13 22:44:11,1789310651.844
18660,0.209,611450880,3.3477,,5.53e-04,117311,2026-09-13 22:44:18,1789310658.935
18680,0.209,612106240,3.3471,,5.53e-04,117327,2026-09-13 22:44:26,1789310666.026
18700,0.209,612761600,3.3468,,5.53e-04,117298,2026-09-13 22:44:33,1789310673.117
18720,0.209,613416960,3.3460,,5.53e-04,117312,2026-09-13 22:44:40,1789310680.207
18740,0.209,614072320,3.3449,,5.53e-04,117326,2026-09-13 22:44:47,1789310687.297
18760,0.210,614727680,3.3444,,5.53e-04,117330,2026-09-13 22:44:54,1789310694.386
18780,0.210,615383040,3.3447,,5.53e-04,117278,2026-09-13 22:45:01,1789310701.476
18800,0.210,616038400,3.3445,,5.53e-04,117286,2026-09-13 22:45:08,1789310708.564
18820,0.210,616693760,3.3446,,5.53e-04,117325,2026-09-13 22:45:15,1789310715.653
18840,0.211,617349120,3.3448,,5.52e-04,117315,2026-09-13 22:45:22,1789310722.743
18860,0.211,618004480,3.3447,,5.52e-04,117352,2026-09-13 22:45:29,1789310729.832
18880,0.211,618659840,3.3439,,5.52e-04,117345,2026-09-13 22:45:36,1789310736.921
18900,0.211,619315200,3.3439,,5.52e-04,117373,2026-09-13 22:45:44,1789310744.011
18920,0.211,619970560,3.3438,,5.52e-04,117350,2026-09-13 22:45:51,1789310751.102
18940,0.212,620625920,3.3436,,5.52e-04,117287,2026-09-13 22:45:58,1789310758.193
18960,0.212,621281280,3.3435,,5.52e-04,117295,2026-09-13 22:46:05,1789310765.285
18980,0.212,621936640,3.3429,,5.52e-04,117320,2026-09-13 22:46:12,1789310772.377
19000,0.212,622592000,3.3422,,5.51e-04,117314,2026-09-13 22:46:19,1789310779.465
19020,0.213,623247360,3.3415,,5.51e-04,117295,2026-09-13 22:46:26,1789310786.558
19040,0.213,623902720,3.3420,,5.51e-04,117304,2026-09-13 22:46:33,1789310793.649
19060,0.213,624558080,3.3408,,5.51e-04,117338,2026-09-13 22:46:40,1789310800.739
19080,0.213,625213440,3.3408,,5.51e-04,117331,2026-09-13 22:46:47,1789310807.830
19100,0.213,625868800,3.3413,,5.51e-04,117273,2026-09-13 22:46:54,1789310814.924
19120,0.214,626524160,3.3409,,5.51e-04,117273,2026-09-13 22:47:02,1789310822.014
19140,0.214,627179520,3.3397,,5.51e-04,117297,2026-09-13 22:47:09,1789310829.106
19160,0.214,627834880,3.3391,,5.51e-04,117300,2026-09-13 22:47:16,1789310836.198
19180,0.214,628490240,3.3392,,5.50e-04,117319,2026-09-13 22:47:23,1789310843.289
19200,0.215,629145600,3.3390,,5.50e-04,117331,2026-09-13 22:47:30,1789310850.380
19220,0.215,629800960,3.3387,,5.50e-04,117313,2026-09-13 22:47:37,1789310857.469
19240,0.215,630456320,3.3386,,5.50e-04,117346,2026-09-13 22:47:44,1789310864.560
19260,0.215,631111680,3.3386,,5.50e-04,117304,2026-09-13 22:47:51,1789310871.650
19280,0.216,631767040,3.3384,,5.50e-04,117298,2026-09-13 22:47:58,1789310878.742
19300,0.216,632422400,3.3380,,5.50e-04,117309,2026-09-13 22:48:05,1789310885.833
19320,0.216,633077760,3.3377,,5.50e-04,117302,2026-09-13 22:48:12,1789310892.926
19340,0.216,633733120,3.3373,,5.50e-04,117282,2026-09-13 22:48:20,1789310900.019
19360,0.216,634388480,3.3375,,5.49e-04,117280,2026-09-13 22:48:27,1789310907.111
19380,0.217,635043840,3.3376,,5.49e-04,117270,2026-09-13 22:48:34,1789310914.203
19400,0.217,635699200,3.3373,,5.49e-04,117265,2026-09-13 22:48:41,1789310921.295
19420,0.217,636354560,3.3373,,5.49e-04,117288,2026-09-13 22:48:48,1789310928.386
19440,0.217,637009920,3.3367,,5.49e-04,117301,2026-09-13 22:48:55,1789310935.476
19460,0.218,637665280,3.3364,,5.49e-04,117353,2026-09-13 22:49:02,1789310942.564
19480,0.218,638320640,3.3352,,5.49e-04,117335,2026-09-13 22:49:09,1789310949.654
19500,0.218,638976000,3.3355,,5.49e-04,117321,2026-09-13 22:49:16,1789310956.744
19520,0.218,639631360,3.3348,,5.48e-04,117312,2026-09-13 22:49:23,1789310963.833
19540,0.218,640286720,3.3342,,5.48e-04,117308,2026-09-13 22:49:30,1789310970.926
19560,0.219,640942080,3.3343,,5.48e-04,117285,2026-09-13 22:49:38,1789310978.018
19580,0.219,641597440,3.3348,,5.48e-04,117276,2026-09-13 22:49:45,1789310985.109
19600,0.219,642252800,3.3344,,5.48e-04,117279,2026-09-13 22:49:52,1789310992.201
19620,0.219,642908160,3.3341,,5.48e-04,117317,2026-09-13 22:49:59,1789310999.294
19640,0.220,643563520,3.3338,,5.48e-04,117298,2026-09-13 22:50:06,1789311006.386
19660,0.220,644218880,3.3342,,5.48e-04,117289,2026-09-13 22:50:13,1789311013.479
19680,0.220,644874240,3.3338,,5.48e-04,117293,2026-09-13 22:50:20,1789311020.571
19700,0.220,645529600,3.3338,,5.47e-04,117313,2026-09-13 22:50:27,1789311027.663
19720,0.220,646184960,3.3332,,5.47e-04,117294,2026-09-13 22:50:34,1789311034.757
19740,0.221,646840320,3.3325,,5.47e-04,117253,2026-09-13 22:50:41,1789311041.850
19760,0.221,647495680,3.3327,,5.47e-04,117281,2026-09-13 22:50:48,1789311048.945
19780,0.221,648151040,3.3321,,5.47e-04,117321,2026-09-13 22:50:56,1789311056.039
19800,0.221,648806400,3.3317,,5.47e-04,117322,2026-09-13 22:51:03,1789311063.131
19820,0.222,649461760,3.3315,,5.47e-04,117302,2026-09-13 22:51:10,1789311070.226
19840,0.222,650117120,3.3309,,5.47e-04,117280,2026-09-13 22:51:17,1789311077.323
19860,0.222,650772480,3.3301,,5.46e-04,117263,2026-09-13 22:51:24,1789311084.417
19880,0.222,651427840,3.3299,,5.46e-04,117257,2026-09-13 22:51:31,1789311091.513
19900,0.222,652083200,3.3296,,5.46e-04,117208,2026-09-13 22:51:38,1789311098.608
19920,0.223,652738560,3.3297,,5.46e-04,117218,2026-09-13 22:51:45,1789311105.702
19940,0.223,653393920,3.3292,,5.46e-04,117264,2026-09-13 22:51:52,1789311112.927
19960,0.223,654049280,3.3295,,5.46e-04,117245,2026-09-13 22:52:00,1789311120.020
19980,0.223,654704640,3.3297,,5.46e-04,117252,2026-09-13 22:52:07,1789311127.113
20000,0.224,655360000,3.3287,,5.46e-04,117256,2026-09-13 22:52:14,1789311134.206
20000,0.224,655360000,3.3287,3.2769,5.46e-04,,2026-09-13 22:52:27,1789311147.432
20020,0.224,656015360,3.3289,,5.46e-04,117342,2026-09-13 22:52:34,1789311154.520
20040,0.224,656670720,3.3283,,5.45e-04,117382,2026-09-13 22:52:41,1789311161.606
20060,0.224,657326080,3.3278,,5.45e-04,117416,2026-09-13 22:52:48,1789311168.694
20080,0.224,657981440,3.3274,,5.45e-04,117401,2026-09-13 22:52:55,1789311175.781
20100,0.225,658636800,3.3263,,5.45e-04,117363,2026-09-13 22:53:02,1789311182.870
20120,0.225,659292160,3.3267,,5.45e-04,117346,2026-09-13 22:53:09,1789311189.962
20140,0.225,659947520,3.3269,,5.45e-04,117365,2026-09-13 22:53:17,1789311197.054
20160,0.225,660602880,3.3260,,5.45e-04,117366,2026-09-13 22:53:24,1789311204.145
20180,0.226,661258240,3.3249,,5.45e-04,117352,2026-09-13 22:53:31,1789311211.236
20200,0.226,661913600,3.3253,,5.44e-04,117334,2026-09-13 22:53:38,1789311218.328
20220,0.226,662568960,3.3250,,5.44e-04,117354,2026-09-13 22:53:45,1789311225.417
20240,0.226,663224320,3.3249,,5.44e-04,117376,2026-09-13 22:53:52,1789311232.505
20260,0.226,663879680,3.3242,,5.44e-04,117369,2026-09-13 22:53:59,1789311239.594
20280,0.227,664535040,3.3239,,5.44e-04,117357,2026-09-13 22:54:06,1789311246.684
20300,0.227,665190400,3.3230,,5.44e-04,117374,2026-09-13 22:54:13,1789311253.772
20320,0.227,665845760,3.3231,,5.44e-04,117350,2026-09-13 22:54:20,1789311260.863
20340,0.227,666501120,3.3228,,5.44e-04,117309,2026-09-13 22:54:27,1789311267.952
20360,0.228,667156480,3.3226,,5.43e-04,117321,2026-09-13 22:54:35,1789311275.041
20380,0.228,667811840,3.3228,,5.43e-04,117308,2026-09-13 22:54:42,1789311282.131
20400,0.228,668467200,3.3219,,5.43e-04,117326,2026-09-13 22:54:49,1789311289.219
20420,0.228,669122560,3.3212,,5.43e-04,117327,2026-09-13 22:54:56,1789311296.307
20440,0.228,669777920,3.3216,,5.43e-04,117353,2026-09-13 22:55:03,1789311303.395
20460,0.229,670433280,3.3211,,5.43e-04,117449,2026-09-13 22:55:10,1789311310.485
20480,0.229,671088640,3.3212,,5.43e-04,117390,2026-09-13 22:55:17,1789311317.574
20500,0.229,671744000,3.3210,,5.43e-04,117327,2026-09-13 22:55:24,1789311324.662
20520,0.229,672399360,3.3198,,5.42e-04,117368,2026-09-13 22:55:31,1789311331.752
20540,0.230,673054720,3.3193,,5.42e-04,117356,2026-09-13 22:55:38,1789311338.840
20560,0.230,673710080,3.3185,,5.42e-04,117370,2026-09-13 22:55:45,1789311345.927
20580,0.230,674365440,3.3174,,5.42e-04,117342,2026-09-13 22:55:53,1789311353.018
20600,0.230,675020800,3.3173,,5.42e-04,117381,2026-09-13 22:56:00,1789311360.107
20620,0.230,675676160,3.3172,,5.42e-04,117430,2026-09-13 22:56:07,1789311367.197
20640,0.231,676331520,3.3180,,5.42e-04,117420,2026-09-13 22:56:14,1789311374.288
20660,0.231,676986880,3.3179,,5.42e-04,117401,2026-09-13 22:56:21,1789311381.376
20680,0.231,677642240,3.3175,,5.41e-04,117363,2026-09-13 22:56:28,1789311388.467
20700,0.231,678297600,3.3175,,5.41e-04,117319,2026-09-13 22:56:35,1789311395.556
20720,0.232,678952960,3.3177,,5.41e-04,117351,2026-09-13 22:56:42,1789311402.644
20740,0.232,679608320,3.3169,,5.41e-04,117345,2026-09-13 22:56:49,1789311409.732
20760,0.232,680263680,3.3164,,5.41e-04,117355,2026-09-13 22:56:56,1789311416.820
20780,0.232,680919040,3.3153,,5.41e-04,117399,2026-09-13 22:57:03,1789311423.907
20800,0.233,681574400,3.3152,,5.41e-04,117384,2026-09-13 22:57:10,1789311430.993
20820,0.233,682229760,3.3156,,5.41e-04,117331,2026-09-13 22:57:18,1789311438.080
20840,0.233,682885120,3.3146,,5.40e-04,117343,2026-09-13 22:57:25,1789311445.170
20860,0.233,683540480,3.3141,,5.40e-04,117389,2026-09-13 22:57:32,1789311452.259
20880,0.233,684195840,3.3145,,5.40e-04,117376,2026-09-13 22:57:39,1789311459.348
20900,0.234,684851200,3.3144,,5.40e-04,117326,2026-09-13 22:57:46,1789311466.437
20920,0.234,685506560,3.3139,,5.40e-04,117345,2026-09-13 22:57:53,1789311473.526
20940,0.234,686161920,3.3137,,5.40e-04,117333,2026-09-13 22:58:00,1789311480.616
20960,0.234,686817280,3.3147,,5.40e-04,117338,2026-09-13 22:58:07,1789311487.706
20980,0.235,687472640,3.3141,,5.40e-04,117351,2026-09-13 22:58:14,1789311494.797
21000,0.235,688128000,3.3145,,5.39e-04,117346,2026-09-13 22:58:21,1789311501.887
21020,0.235,688783360,3.3138,,5.39e-04,117432,2026-09-13 22:58:28,1789311508.973
21040,0.235,689438720,3.3141,,5.39e-04,117413,2026-09-13 22:58:36,1789311516.062
21060,0.235,690094080,3.3137,,5.39e-04,117383,2026-09-13 22:58:43,1789311523.150
21080,0.236,690749440,3.3138,,5.39e-04,117371,2026-09-13 22:58:50,1789311530.239
21100,0.236,691404800,3.3134,,5.39e-04,117383,2026-09-13 22:58:57,1789311537.330
21120,0.236,692060160,3.3131,,5.39e-04,117376,2026-09-13 22:59:04,1789311544.419
21140,0.236,692715520,3.3127,,5.39e-04,117355,2026-09-13 22:59:11,1789311551.509
21160,0.237,693370880,3.3126,,5.38e-04,117416,2026-09-13 22:59:18,1789311558.942
21180,0.237,694026240,3.3121,,5.38e-04,117360,2026-09-13 22:59:26,1789311566.031
21200,0.237,694681600,3.3114,,5.38e-04,117337,2026-09-13 22:59:33,1789311573.121
21220,0.237,695336960,3.3116,,5.38e-04,117356,2026-09-13 22:59:40,1789311580.210
21240,0.237,695992320,3.3114,,5.38e-04,117361,2026-09-13 22:59:47,1789311587.299
21260,0.238,696647680,3.3104,,5.38e-04,117340,2026-09-13 22:59:54,1789311594.390
21280,0.238,697303040,3.3105,,5.38e-04,117365,2026-09-13 23:00:01,1789311601.483
21300,0.238,697958400,3.3104,,5.38e-04,117316,2026-09-13 23:00:08,1789311608.575
21320,0.238,698613760,3.3104,,5.37e-04,117287,2026-09-13 23:00:15,1789311615.670
21340,0.239,699269120,3.3099,,5.37e-04,117259,2026-09-13 23:00:22,1789311622.761
21360,0.239,699924480,3.3093,,5.37e-04,117263,2026-09-13 23:00:29,1789311629.856
21380,0.239,700579840,3.3090,,5.37e-04,117252,2026-09-13 23:00:36,1789311636.949
21400,0.239,701235200,3.3087,,5.37e-04,117264,2026-09-13 23:00:44,1789311644.172
21420,0.239,701890560,3.3095,,5.37e-04,117226,2026-09-13 23:00:51,1789311651.268
21440,0.240,702545920,3.3087,,5.37e-04,117220,2026-09-13 23:00:58,1789311658.363
21460,0.240,703201280,3.3087,,5.37e-04,117254,2026-09-13 23:01:05,1789311665.458
21480,0.240,703856640,3.3084,,5.36e-04,117261,2026-09-13 23:01:12,1789311672.553
21500,0.240,704512000,3.3081,,5.36e-04,117310,2026-09-13 23:01:19,1789311679.646
21520,0.241,705167360,3.3079,,5.36e-04,117283,2026-09-13 23:01:26,1789311686.740
21540,0.241,705822720,3.3080,,5.36e-04,117210,2026-09-13 23:01:33,1789311693.836
21560,0.241,706478080,3.3085,,5.36e-04,117230,2026-09-13 23:01:40,1789311700.930
21580,0.241,707133440,3.3080,,5.36e-04,117209,2026-09-13 23:01:48,1789311708.025
21600,0.241,707788800,3.3080,,5.36e-04,117217,2026-09-13 23:01:55,1789311715.122
21620,0.242,708444160,3.3078,,5.36e-04,117244,2026-09-13 23:02:02,1789311722.219
21640,0.242,709099520,3.3080,,5.35e-04,117251,2026-09-13 23:02:09,1789311729.314
21660,0.242,709754880,3.3078,,5.35e-04,117260,2026-09-13 23:02:16,1789311736.407
21680,0.242,710410240,3.3079,,5.35e-04,117235,2026-09-13 23:02:23,1789311743.504
21700,0.243,711065600,3.3078,,5.35e-04,117286,2026-09-13 23:02:30,1789311750.598
21720,0.243,711720960,3.3079,,5.35e-04,117291,2026-09-13 23:02:37,1789311757.691
21740,0.243,712376320,3.3076,,5.35e-04,117291,2026-09-13 23:02:44,1789311764.783
21760,0.243,713031680,3.3074,,5.35e-04,117304,2026-09-13 23:02:51,1789311771.876
21780,0.243,713687040,3.3076,,5.34e-04,117273,2026-09-13 23:02:58,1789311778.970
21800,0.244,714342400,3.3080,,5.34e-04,117256,2026-09-13 23:03:06,1789311786.065
21820,0.244,714997760,3.3078,,5.34e-04,117289,2026-09-13 23:03:13,1789311793.159
21840,0.244,715653120,3.3072,,5.34e-04,117276,2026-09-13 23:03:20,1789311800.252
21860,0.244,716308480,3.3074,,5.34e-04,117284,2026-09-13 23:03:27,1789311807.345
21880,0.245,716963840,3.3070,,5.34e-04,117293,2026-09-13 23:03:34,1789311814.436
21900,0.245,717619200,3.3064,,5.34e-04,117328,2026-09-13 23:03:41,1789311821.525
21920,0.245,718274560,3.3063,,5.34e-04,117340,2026-09-13 23:03:48,1789311828.616
21940,0.245,718929920,3.3059,,5.33e-04,117310,2026-09-13 23:03:55,1789311835.705
21960,0.245,719585280,3.3061,,5.33e-04,117318,2026-09-13 23:04:02,1789311842.795
21980,0.246,720240640,3.3059,,5.33e-04,117322,2026-09-13 23:04:09,1789311849.884
22000,0.246,720896000,3.3054,,5.33e-04,117349,2026-09-13 23:04:16,1789311856.972
22020,0.246,721551360,3.3056,,5.33e-04,117304,2026-09-13 23:04:24,1789311864.062
22040,0.246,722206720,3.3051,,5.33e-04,117304,2026-09-13 23:04:31,1789311871.151
22060,0.247,722862080,3.3054,,5.33e-04,117331,2026-09-13 23:04:38,1789311878.240
22080,0.247,723517440,3.3051,,5.33e-04,117356,2026-09-13 23:04:45,1789311885.328
22100,0.247,724172800,3.3051,,5.32e-04,117376,2026-09-13 23:04:52,1789311892.416
22120,0.247,724828160,3.3044,,5.32e-04,117356,2026-09-13 23:04:59,1789311899.504
22140,0.247,725483520,3.3039,,5.32e-04,117317,2026-09-13 23:05:06,1789311906.594
22160,0.248,726138880,3.3034,,5.32e-04,117325,2026-09-13 23:05:13,1789311913.684
22180,0.248,726794240,3.3036,,5.32e-04,117348,2026-09-13 23:05:20,1789311920.774
22200,0.248,727449600,3.3041,,5.32e-04,117354,2026-09-13 23:05:27,1789311927.862
22220,0.248,728104960,3.3038,,5.32e-04,117350,2026-09-13 23:05:34,1789311934.952
22240,0.249,728760320,3.3035,,5.31e-04,117358,2026-09-13 23:05:42,1789311942.040
22260,0.249,729415680,3.3034,,5.31e-04,117366,2026-09-13 23:05:49,1789311949.129
22280,0.249,730071040,3.3031,,5.31e-04,117373,2026-09-13 23:05:56,1789311956.220
22300,0.249,730726400,3.3035,,5.31e-04,117367,2026-09-13 23:06:03,1789311963.310
22320,0.249,731381760,3.3027,,5.31e-04,117377,2026-09-13 23:06:10,1789311970.399
22340,0.250,732037120,3.3027,,5.31e-04,117411,2026-09-13 23:06:17,1789311977.486
22360,0.250,732692480,3.3031,,5.31e-04,117390,2026-09-13 23:06:24,1789311984.572
22380,0.250,733347840,3.3031,,5.31e-04,117351,2026-09-13 23:06:31,1789311991.661
22400,0.250,734003200,3.3029,,5.30e-04,117376,2026-09-13 23:06:38,1789311998.750
22420,0.251,734658560,3.3028,,5.30e-04,117356,2026-09-13 23:06:45,1789312005.838
22440,0.251,735313920,3.3029,,5.30e-04,117350,2026-09-13 23:06:52,1789312012.927
22460,0.251,735969280,3.3028,,5.30e-04,117365,2026-09-13 23:07:00,1789312020.015
22480,0.251,736624640,3.3025,,5.30e-04,117368,2026-09-13 23:07:07,1789312027.103
22500,0.252,737280000,3.3021,,5.30e-04,117366,2026-09-13 23:07:14,1789312034.194
22520,0.252,737935360,3.3022,,5.30e-04,117363,2026-09-13 23:07:21,1789312041.284
22540,0.252,738590720,3.3014,,5.29e-04,117335,2026-09-13 23:07:28,1789312048.372
22560,0.252,739246080,3.3020,,5.29e-04,117326,2026-09-13 23:07:35,1789312055.461
22580,0.252,739901440,3.3020,,5.29e-04,117366,2026-09-13 23:07:42,1789312062.548
22600,0.253,740556800,3.3020,,5.29e-04,117347,2026-09-13 23:07:49,1789312069.637
22620,0.253,741212160,3.3022,,5.29e-04,117359,2026-09-13 23:07:56,1789312076.727
22640,0.253,741867520,3.3013,,5.29e-04,117365,2026-09-13 23:08:03,1789312083.814
22660,0.253,742522880,3.3007,,5.29e-04,117393,2026-09-13 23:08:10,1789312090.902
22680,0.254,743178240,3.3010,,5.29e-04,117407,2026-09-13 23:08:17,1789312097.989
22700,0.254,743833600,3.3013,,5.28e-04,117428,2026-09-13 23:08:25,1789312105.077
22720,0.254,744488960,3.3009,,5.28e-04,117437,2026-09-13 23:08:32,1789312112.164
22740,0.254,745144320,3.3009,,5.28e-04,117407,2026-09-13 23:08:39,1789312119.251
22760,0.254,745799680,3.3006,,5.28e-04,117415,2026-09-13 23:08:46,1789312126.339
22780,0.255,746455040,3.3003,,5.28e-04,117352,2026-09-13 23:08:53,1789312133.427
22800,0.255,747110400,3.2996,,5.28e-04,117400,2026-09-13 23:09:00,1789312140.512
22820,0.255,747765760,3.2991,,5.28e-04,117449,2026-09-13 23:09:07,1789312147.600
22840,0.255,748421120,3.2985,,5.27e-04,117396,2026-09-13 23:09:14,1789312154.687
22860,0.256,749076480,3.2973,,5.27e-04,117380,2026-09-13 23:09:21,1789312161.773
22880,0.256,749731840,3.2969,,5.27e-04,117392,2026-09-13 23:09:28,1789312168.861
22900,0.256,750387200,3.2963,,5.27e-04,117400,2026-09-13 23:09:36,1789312176.075
22920,0.256,751042560,3.2962,,5.27e-04,117381,2026-09-13 23:09:43,1789312183.162
22940,0.256,751697920,3.2960,,5.27e-04,117386,2026-09-13 23:09:50,1789312190.249
22960,0.257,752353280,3.2965,,5.27e-04,117363,2026-09-13 23:09:57,1789312197.337
22980,0.257,753008640,3.2959,,5.26e-04,117370,2026-09-13 23:10:04,1789312204.427
23000,0.257,753664000,3.2958,,5.26e-04,117345,2026-09-13 23:10:11,1789312211.519
23020,0.257,754319360,3.2954,,5.26e-04,117314,2026-09-13 23:10:18,1789312218.610
23040,0.258,754974720,3.2959,,5.26e-04,117318,2026-09-13 23:10:25,1789312225.703
23060,0.258,755630080,3.2961,,5.26e-04,117301,2026-09-13 23:10:32,1789312232.794
23080,0.258,756285440,3.2963,,5.26e-04,117323,2026-09-13 23:10:39,1789312239.885
23100,0.258,756940800,3.2955,,5.26e-04,117307,2026-09-13 23:10:46,1789312246.976
23120,0.258,757596160,3.2954,,5.26e-04,117303,2026-09-13 23:10:54,1789312254.067
23140,0.259,758251520,3.2959,,5.25e-04,117352,2026-09-13 23:11:01,1789312261.157
23160,0.259,758906880,3.2962,,5.25e-04,117342,2026-09-13 23:11:08,1789312268.250
23180,0.259,759562240,3.2962,,5.25e-04,117446,2026-09-13 23:11:15,1789312275.685
23200,0.259,760217600,3.2964,,5.25e-04,117373,2026-09-13 23:11:22,1789312282.779
23220,0.260,760872960,3.2966,,5.25e-04,117254,2026-09-13 23:11:29,1789312289.873
23240,0.260,761528320,3.2966,,5.25e-04,117286,2026-09-13 23:11:36,1789312296.964
23260,0.260,762183680,3.2967,,5.25e-04,117271,2026-09-13 23:11:44,1789312304.056
23280,0.260,762839040,3.2965,,5.24e-04,117264,2026-09-13 23:11:51,1789312311.148
23300,0.260,763494400,3.2965,,5.24e-04,117224,2026-09-13 23:11:58,1789312318.241
23320,0.261,764149760,3.2962,,5.24e-04,117257,2026-09-13 23:12:05,1789312325.334
23340,0.261,764805120,3.2957,,5.24e-04,117308,2026-09-13 23:12:12,1789312332.426
23360,0.261,765460480,3.2961,,5.24e-04,117310,2026-09-13 23:12:19,1789312339.518
23380,0.261,766115840,3.2962,,5.24e-04,117308,2026-09-13 23:12:26,1789312346.609
23400,0.262,766771200,3.2954,,5.24e-04,117259,2026-09-13 23:12:33,1789312353.704
23420,0.262,767426560,3.2955,,5.23e-04,117287,2026-09-13 23:12:40,1789312360.797
23440,0.262,768081920,3.2954,,5.23e-04,117296,2026-09-13 23:12:47,1789312367.889
23460,0.262,768737280,3.2948,,5.23e-04,117303,2026-09-13 23:12:54,1789312374.983
23480,0.262,769392640,3.2944,,5.23e-04,117282,2026-09-13 23:13:02,1789312382.079
23500,0.263,770048000,3.2937,,5.23e-04,117327,2026-09-13 23:13:09,1789312389.170
23520,0.263,770703360,3.2933,,5.23e-04,117306,2026-09-13 23:13:16,1789312396.261
23540,0.263,771358720,3.2931,,5.23e-04,117263,2026-09-13 23:13:23,1789312403.355
23560,0.263,772014080,3.2930,,5.22e-04,117286,2026-09-13 23:13:30,1789312410.448
23580,0.264,772669440,3.2926,,5.22e-04,117249,2026-09-13 23:13:37,1789312417.541
23600,0.264,773324800,3.2918,,5.22e-04,117267,2026-09-13 23:13:44,1789312424.634
23620,0.264,773980160,3.2916,,5.22e-04,117288,2026-09-13 23:13:51,1789312431.725
23640,0.264,774635520,3.2915,,5.22e-04,117300,2026-09-13 23:13:58,1789312438.816
23660,0.264,775290880,3.2911,,5.22e-04,117284,2026-09-13 23:14:05,1789312445.908
23680,0.265,775946240,3.2909,,5.22e-04,117280,2026-09-13 23:14:12,1789312453.001
23700,0.265,776601600,3.2906,,5.21e-04,117290,2026-09-13 23:14:20,1789312460.094
23720,0.265,777256960,3.2908,,5.21e-04,117275,2026-09-13 23:14:27,1789312467.187
23740,0.265,777912320,3.2903,,5.21e-04,117242,2026-09-13 23:14:34,1789312474.282
23760,0.266,778567680,3.2891,,5.21e-04,117248,2026-09-13 23:14:41,1789312481.376
23780,0.266,779223040,3.2889,,5.21e-04,117282,2026-09-13 23:14:48,1789312488.469
23800,0.266,779878400,3.2892,,5.21e-04,117291,2026-09-13 23:14:55,1789312495.561
23820,0.266,780533760,3.2892,,5.21e-04,117266,2026-09-13 23:15:02,1789312502.655
23840,0.266,781189120,3.2889,,5.20e-04,117261,2026-09-13 23:15:09,1789312509.749
23860,0.267,781844480,3.2886,,5.20e-04,117320,2026-09-13 23:15:16,1789312516.841
23880,0.267,782499840,3.2880,,5.20e-04,117320,2026-09-13 23:15:23,1789312523.932
23900,0.267,783155200,3.2877,,5.20e-04,117325,2026-09-13 23:15:31,1789312531.023
23920,0.267,783810560,3.2872,,5.20e-04,117294,2026-09-13 23:15:38,1789312538.114
23940,0.268,784465920,3.2871,,5.20e-04,117319,2026-09-13 23:15:45,1789312545.205
23960,0.268,785121280,3.2864,,5.20e-04,117329,2026-09-13 23:15:52,1789312552.293
23980,0.268,785776640,3.2864,,5.19e-04,117292,2026-09-13 23:15:59,1789312559.384
24000,0.268,786432000,3.2864,,5.19e-04,117274,2026-09-13 23:16:06,1789312566.477
24020,0.268,787087360,3.2857,,5.19e-04,117306,2026-09-13 23:16:13,1789312573.569
24040,0.269,787742720,3.2845,,5.19e-04,117315,2026-09-13 23:16:20,1789312580.658
24060,0.269,788398080,3.2841,,5.19e-04,117314,2026-09-13 23:16:27,1789312587.749
24080,0.269,789053440,3.2844,,5.19e-04,117321,2026-09-13 23:16:34,1789312594.838
24100,0.269,789708800,3.2841,,5.19e-04,117364,2026-09-13 23:16:41,1789312601.928
24120,0.270,790364160,3.2840,,5.18e-04,117351,2026-09-13 23:16:49,1789312609.018
24140,0.270,791019520,3.2836,,5.18e-04,117305,2026-09-13 23:16:56,1789312616.109
24160,0.270,791674880,3.2841,,5.18e-04,117327,2026-09-13 23:17:03,1789312623.199
24180,0.270,792330240,3.2838,,5.18e-04,117351,2026-09-13 23:17:10,1789312630.289
24200,0.271,792985600,3.2840,,5.18e-04,117342,2026-09-13 23:17:17,1789312637.380
24220,0.271,793640960,3.2832,,5.18e-04,117328,2026-09-13 23:17:24,1789312644.473
24240,0.271,794296320,3.2832,,5.18e-04,117318,2026-09-13 23:17:31,1789312651.565
24260,0.271,794951680,3.2839,,5.17e-04,117298,2026-09-13 23:17:38,1789312658.658
24280,0.271,795607040,3.2832,,5.17e-04,117299,2026-09-13 23:17:45,1789312665.752
24300,0.272,796262400,3.2825,,5.17e-04,117257,2026-09-13 23:17:52,1789312672.845
24320,0.272,796917760,3.2819,,5.17e-04,117253,2026-09-13 23:17:59,1789312679.937
24340,0.272,797573120,3.2819,,5.17e-04,117306,2026-09-13 23:18:07,1789312687.031
24360,0.272,798228480,3.2813,,5.17e-04,117277,2026-09-13 23:18:14,1789312694.123
24380,0.273,798883840,3.2809,,5.17e-04,117258,2026-09-13 23:18:21,1789312701.214
24400,0.273,799539200,3.2813,,5.16e-04,117315,2026-09-13 23:18:28,1789312708.435
24420,0.273,800194560,3.2818,,5.16e-04,117353,2026-09-13 23:18:35,1789312715.524
24440,0.273,800849920,3.2814,,5.16e-04,117362,2026-09-13 23:18:42,1789312722.613
24460,0.273,801505280,3.2812,,5.16e-04,117345,2026-09-13 23:18:49,1789312729.702
24480,0.274,802160640,3.2811,,5.16e-04,117333,2026-09-13 23:18:56,1789312736.791
24500,0.274,802816000,3.2812,,5.16e-04,117307,2026-09-13 23:19:03,1789312743.883
24520,0.274,803471360,3.2812,,5.16e-04,117300,2026-09-13 23:19:10,1789312750.973
24540,0.274,804126720,3.2813,,5.15e-04,117368,2026-09-13 23:19:18,1789312758.065
24560,0.275,804782080,3.2808,,5.15e-04,117340,2026-09-13 23:19:25,1789312765.155
24580,0.275,805437440,3.2809,,5.15e-04,117287,2026-09-13 23:19:32,1789312772.247
24600,0.275,806092800,3.2805,,5.15e-04,117317,2026-09-13 23:19:39,1789312779.341
24620,0.275,806748160,3.2802,,5.15e-04,117308,2026-09-13 23:19:46,1789312786.433
24640,0.275,807403520,3.2803,,5.15e-04,117339,2026-09-13 23:19:53,1789312793.525
24660,0.276,808058880,3.2798,,5.15e-04,117374,2026-09-13 23:20:00,1789312800.615
24680,0.276,808714240,3.2795,,5.14e-04,117372,2026-09-13 23:20:07,1789312807.704
24700,0.276,809369600,3.2793,,5.14e-04,117378,2026-09-13 23:20:14,1789312814.796
24720,0.276,810024960,3.2796,,5.14e-04,117357,2026-09-13 23:20:21,1789312821.889
24740,0.277,810680320,3.2793,,5.14e-04,117314,2026-09-13 23:20:28,1789312828.980
24760,0.277,811335680,3.2787,,5.14e-04,117318,2026-09-13 23:20:36,1789312836.073
24780,0.277,811991040,3.2779,,5.14e-04,117296,2026-09-13 23:20:43,1789312843.164
24800,0.277,812646400,3.2772,,5.14e-04,117296,2026-09-13 23:20:50,1789312850.252
24820,0.277,813301760,3.2769,,5.13e-04,117305,2026-09-13 23:20:57,1789312857.342
24840,0.278,813957120,3.2766,,5.13e-04,117315,2026-09-13 23:21:04,1789312864.432
24860,0.278,814612480,3.2763,,5.13e-04,117314,2026-09-13 23:21:11,1789312871.521
24880,0.278,815267840,3.2764,,5.13e-04,117290,2026-09-13 23:21:18,1789312878.613
24900,0.278,815923200,3.2761,,5.13e-04,117284,2026-09-13 23:21:25,1789312885.703
24920,0.279,816578560,3.2756,,5.13e-04,117288,2026-09-13 23:21:32,1789312892.794
24940,0.279,817233920,3.2755,,5.13e-04,117292,2026-09-13 23:21:39,1789312899.888
24960,0.279,817889280,3.2747,,5.12e-04,117317,2026-09-13 23:21:46,1789312906.978
24980,0.279,818544640,3.2749,,5.12e-04,117321,2026-09-13 23:21:54,1789312914.067
25000,0.279,819200000,3.2749,,5.12e-04,117324,2026-09-13 23:22:01,1789312921.157
25000,0.279,819200000,3.2749,3.2309,5.12e-04,,2026-09-13 23:22:14,1789312934.418
25020,0.280,819855360,3.2747,,5.12e-04,117475,2026-09-13 23:22:21,1789312941.500
25040,0.280,820510720,3.2747,,5.12e-04,117469,2026-09-13 23:22:28,1789312948.583
25060,0.280,821166080,3.2740,,5.12e-04,117492,2026-09-13 23:22:35,1789312955.666
25080,0.280,821821440,3.2745,,5.12e-04,117502,2026-09-13 23:22:42,1789312962.748
25100,0.281,822476800,3.2752,,5.11e-04,117481,2026-09-13 23:22:49,1789312969.829
25120,0.281,823132160,3.2755,,5.11e-04,117479,2026-09-13 23:22:56,1789312976.910
25140,0.281,823787520,3.2752,,5.11e-04,117362,2026-09-13 23:23:03,1789312984.001
25160,0.281,824442880,3.2753,,5.11e-04,117360,2026-09-13 23:23:11,1789312991.092
25180,0.281,825098240,3.2749,,5.11e-04,117315,2026-09-13 23:23:18,1789312998.185
25200,0.282,825753600,3.2742,,5.11e-04,117278,2026-09-13 23:23:25,1789313005.283
25220,0.282,826408960,3.2747,,5.10e-04,117390,2026-09-13 23:23:32,1789313012.722
25240,0.282,827064320,3.2746,,5.10e-04,117323,2026-09-13 23:23:39,1789313019.818
25260,0.282,827719680,3.2748,,5.10e-04,117315,2026-09-13 23:23:46,1789313026.911
25280,0.283,828375040,3.2750,,5.10e-04,117303,2026-09-13 23:23:53,1789313034.001
25300,0.283,829030400,3.2748,,5.10e-04,117304,2026-09-13 23:24:01,1789313041.092
25320,0.283,829685760,3.2747,,5.10e-04,117297,2026-09-13 23:24:08,1789313048.186
25340,0.283,830341120,3.2747,,5.10e-04,117211,2026-09-13 23:24:15,1789313055.281
25360,0.283,830996480,3.2747,,5.09e-04,117236,2026-09-13 23:24:22,1789313062.376
25380,0.284,831651840,3.2753,,5.09e-04,117247,2026-09-13 23:24:29,1789313069.472
25400,0.284,832307200,3.2749,,5.09e-04,117248,2026-09-13 23:24:36,1789313076.568
25420,0.284,832962560,3.2742,,5.09e-04,117239,2026-09-13 23:24:43,1789313083.663
25440,0.284,833617920,3.2735,,5.09e-04,117238,2026-09-13 23:24:50,1789313090.758
25460,0.285,834273280,3.2731,,5.09e-04,117244,2026-09-13 23:24:57,1789313097.853
25480,0.285,834928640,3.2729,,5.09e-04,117280,2026-09-13 23:25:04,1789313104.951
25500,0.285,835584000,3.2736,,5.08e-04,117285,2026-09-13 23:25:12,1789313112.045
25520,0.285,836239360,3.2733,,5.08e-04,117284,2026-09-13 23:25:19,1789313119.140
25540,0.285,836894720,3.2728,,5.08e-04,117220,2026-09-13 23:25:26,1789313126.234
25560,0.286,837550080,3.2727,,5.08e-04,117235,2026-09-13 23:25:33,1789313133.330
25580,0.286,838205440,3.2725,,5.08e-04,117241,2026-09-13 23:25:40,1789313140.427
25600,0.286,838860800,3.2722,,5.08e-04,117243,2026-09-13 23:25:47,1789313147.522
25620,0.286,839516160,3.2723,,5.07e-04,117262,2026-09-13 23:25:54,1789313154.617
25640,0.287,840171520,3.2726,,5.07e-04,117254,2026-09-13 23:26:01,1789313161.713
25660,0.287,840826880,3.2727,,5.07e-04,117254,2026-09-13 23:26:08,1789313168.808
25680,0.287,841482240,3.2728,,5.07e-04,117256,2026-09-13 23:26:15,1789313175.903
25700,0.287,842137600,3.2723,,5.07e-04,117219,2026-09-13 23:26:22,1789313182.999
25720,0.287,842792960,3.2726,,5.07e-04,117237,2026-09-13 23:26:30,1789313190.095
25740,0.288,843448320,3.2720,,5.07e-04,117222,2026-09-13 23:26:37,1789313197.191
25760,0.288,844103680,3.2722,,5.06e-04,117241,2026-09-13 23:26:44,1789313204.287
25780,0.288,844759040,3.2730,,5.06e-04,117236,2026-09-13 23:26:51,1789313211.382
25800,0.288,845414400,3.2734,,5.06e-04,117242,2026-09-13 23:26:58,1789313218.477
25820,0.289,846069760,3.2734,,5.06e-04,117222,2026-09-13 23:27:05,1789313225.573
25840,0.289,846725120,3.2728,,5.06e-04,117243,2026-09-13 23:27:12,1789313232.668
25860,0.289,847380480,3.2723,,5.06e-04,117290,2026-09-13 23:27:19,1789313239.761
25880,0.289,848035840,3.2726,,5.06e-04,117316,2026-09-13 23:27:26,1789313246.981
25900,0.290,848691200,3.2727,,5.05e-04,117344,2026-09-13 23:27:34,1789313254.070
25920,0.290,849346560,3.2722,,5.05e-04,117358,2026-09-13 23:27:41,1789313261.160
25940,0.290,850001920,3.2713,,5.05e-04,117336,2026-09-13 23:27:48,1789313268.250
25960,0.290,850657280,3.2709,,5.05e-04,117336,2026-09-13 23:27:55,1789313275.341
25980,0.290,851312640,3.2707,,5.05e-04,117308,2026-09-13 23:28:02,1789313282.431
26000,0.291,851968000,3.2704,,5.05e-04,117318,2026-09-13 23:28:09,1789313289.521
26020,0.291,852623360,3.2700,,5.04e-04,117333,2026-09-13 23:28:16,1789313296.610
26040,0.291,853278720,3.2696,,5.04e-04,117357,2026-09-13 23:28:23,1789313303.701
26060,0.291,853934080,3.2690,,5.04e-04,117352,2026-09-13 23:28:30,1789313310.793
26080,0.292,854589440,3.2689,,5.04e-04,117339,2026-09-13 23:28:37,1789313317.883
26100,0.292,855244800,3.2698,,5.04e-04,117330,2026-09-13 23:28:44,1789313324.975
26120,0.292,855900160,3.2702,,5.04e-04,117346,2026-09-13 23:28:52,1789313332.065
26140,0.292,856555520,3.2694,,5.04e-04,117330,2026-09-13 23:28:59,1789313339.155
26160,0.292,857210880,3.2690,,5.03e-04,117323,2026-09-13 23:29:06,1789313346.244
26180,0.293,857866240,3.2694,,5.03e-04,117346,2026-09-13 23:29:13,1789313353.334
26200,0.293,858521600,3.2691,,5.03e-04,117338,2026-09-13 23:29:20,1789313360.423
26220,0.293,859176960,3.2685,,5.03e-04,117355,2026-09-13 23:29:27,1789313367.511
26240,0.293,859832320,3.2685,,5.03e-04,117345,2026-09-13 23:29:34,1789313374.602
26260,0.294,860487680,3.2677,,5.03e-04,117332,2026-09-13 23:29:41,1789313381.692
26280,0.294,861143040,3.2675,,5.02e-04,117329,2026-09-13 23:29:48,1789313388.782
26300,0.294,861798400,3.2674,,5.02e-04,117327,2026-09-13 23:29:55,1789313395.874
26320,0.294,862453760,3.2665,,5.02e-04,117319,2026-09-13 23:30:02,1789313402.968
26340,0.294,863109120,3.2666,,5.02e-04,117339,2026-09-13 23:30:10,1789313410.058
26360,0.295,863764480,3.2670,,5.02e-04,117334,2026-09-13 23:30:17,1789313417.147
26380,0.295,864419840,3.2678,,5.02e-04,117339,2026-09-13 23:30:24,1789313424.236
26400,0.295,865075200,3.2677,,5.02e-04,117348,2026-09-13 23:30:31,1789313431.324
26420,0.295,865730560,3.2671,,5.01e-04,117326,2026-09-13 23:30:38,1789313438.415
26440,0.296,866385920,3.2661,,5.01e-04,117322,2026-09-13 23:30:45,1789313445.505
26460,0.296,867041280,3.2669,,5.01e-04,117331,2026-09-13 23:30:52,1789313452.595
26480,0.296,867696640,3.2665,,5.01e-04,117322,2026-09-13 23:30:59,1789313459.686
26500,0.296,868352000,3.2661,,5.01e-04,117332,2026-09-13 23:31:06,1789313466.777
26520,0.296,869007360,3.2662,,5.01e-04,117364,2026-09-13 23:31:13,1789313473.868
26540,0.297,869662720,3.2659,,5.00e-04,117298,2026-09-13 23:31:20,1789313480.959
26560,0.297,870318080,3.2656,,5.00e-04,117309,2026-09-13 23:31:28,1789313488.050
26580,0.297,870973440,3.2656,,5.00e-04,117336,2026-09-13 23:31:35,1789313495.138
26600,0.297,871628800,3.2649,,5.00e-04,117340,2026-09-13 23:31:42,1789313502.227
26620,0.298,872284160,3.2648,,5.00e-04,117338,2026-09-13 23:31:49,1789313509.317
26640,0.298,872939520,3.2637,,5.00e-04,117341,2026-09-13 23:31:56,1789313516.405
26660,0.298,873594880,3.2633,,5.00e-04,117400,2026-09-13 23:32:03,1789313523.491
26680,0.298,874250240,3.2631,,4.99e-04,117418,2026-09-13 23:32:10,1789313530.577
26700,0.298,874905600,3.2632,,4.99e-04,117411,2026-09-13 23:32:17,1789313537.668
26720,0.299,875560960,3.2627,,4.99e-04,117381,2026-09-13 23:32:24,1789313544.756
26740,0.299,876216320,3.2626,,4.99e-04,117331,2026-09-13 23:32:31,1789313551.844
26760,0.299,876871680,3.2625,,4.99e-04,117357,2026-09-13 23:32:38,1789313558.930
26780,0.299,877527040,3.2624,,4.99e-04,117347,2026-09-13 23:32:46,1789313566.016
26800,0.300,878182400,3.2626,,4.98e-04,117357,2026-09-13 23:32:53,1789313573.105
26820,0.300,878837760,3.2618,,4.98e-04,117340,2026-09-13 23:33:00,1789313580.195
26840,0.300,879493120,3.2621,,4.98e-04,117353,2026-09-13 23:33:07,1789313587.284
26860,0.300,880148480,3.2621,,4.98e-04,117374,2026-09-13 23:33:14,1789313594.373
26880,0.300,880803840,3.2617,,4.98e-04,117362,2026-09-13 23:33:21,1789313601.463
26900,0.301,881459200,3.2615,,4.98e-04,117334,2026-09-13 23:33:28,1789313608.551
26920,0.301,882114560,3.2616,,4.97e-04,117347,2026-09-13 23:33:35,1789313615.639
26940,0.301,882769920,3.2618,,4.97e-04,117364,2026-09-13 23:33:42,1789313622.730
26960,0.301,883425280,3.2618,,4.97e-04,117394,2026-09-13 23:33:49,1789313629.818
26980,0.302,884080640,3.2617,,4.97e-04,117350,2026-09-13 23:33:56,1789313636.906
27000,0.302,884736000,3.2617,,4.97e-04,117324,2026-09-13 23:34:03,1789313643.995
27020,0.302,885391360,3.2608,,4.97e-04,117322,2026-09-13 23:34:11,1789313651.084
27040,0.302,886046720,3.2613,,4.97e-04,117329,2026-09-13 23:34:18,1789313658.173
27060,0.302,886702080,3.2606,,4.96e-04,117304,2026-09-13 23:34:25,1789313665.263
27080,0.303,887357440,3.2613,,4.96e-04,117309,2026-09-13 23:34:32,1789313672.355
27100,0.303,888012800,3.2613,,4.96e-04,117370,2026-09-13 23:34:39,1789313679.444
27120,0.303,888668160,3.2604,,4.96e-04,117345,2026-09-13 23:34:46,1789313686.533
27140,0.303,889323520,3.2601,,4.96e-04,117350,2026-09-13 23:34:53,1789313693.622
27160,0.304,889978880,3.2597,,4.96e-04,117356,2026-09-13 23:35:00,1789313700.711
27180,0.304,890634240,3.2600,,4.95e-04,117379,2026-09-13 23:35:07,1789313707.798
27200,0.304,891289600,3.2597,,4.95e-04,117354,2026-09-13 23:35:14,1789313714.888
27220,0.304,891944960,3.2590,,4.95e-04,117320,2026-09-13 23:35:21,1789313721.979
27240,0.304,892600320,3.2579,,4.95e-04,117301,2026-09-13 23:35:29,1789313729.070
27260,0.305,893255680,3.2578,,4.95e-04,117272,2026-09-13 23:35:36,1789313736.162
27280,0.305,893911040,3.2573,,4.95e-04,117290,2026-09-13 23:35:43,1789313743.252
27300,0.305,894566400,3.2568,,4.94e-04,117296,2026-09-13 23:35:50,1789313750.343
27320,0.305,895221760,3.2570,,4.94e-04,117326,2026-09-13 23:35:57,1789313757.436
27340,0.306,895877120,3.2565,,4.94e-04,117525,2026-09-13 23:36:04,1789313764.868
27360,0.306,896532480,3.2556,,4.94e-04,117457,2026-09-13 23:36:11,1789313771.955
27380,0.306,897187840,3.2556,,4.94e-04,117408,2026-09-13 23:36:19,1789313779.180
27400,0.306,897843200,3.2552,,4.94e-04,117409,2026-09-13 23:36:26,1789313786.268
27420,0.306,898498560,3.2546,,4.94e-04,117420,2026-09-13 23:36:33,1789313793.356
27440,0.307,899153920,3.2538,,4.93e-04,117397,2026-09-13 23:36:40,1789313800.444
27460,0.307,899809280,3.2534,,4.93e-04,117374,2026-09-13 23:36:47,1789313807.531
27480,0.307,900464640,3.2530,,4.93e-04,117405,2026-09-13 23:36:54,1789313814.617
27500,0.307,901120000,3.2527,,4.93e-04,117436,2026-09-13 23:37:01,1789313821.702
27520,0.308,901775360,3.2528,,4.93e-04,117422,2026-09-13 23:37:08,1789313828.787
27540,0.308,902430720,3.2528,,4.93e-04,117441,2026-09-13 23:37:15,1789313835.874
27560,0.308,903086080,3.2527,,4.92e-04,117435,2026-09-13 23:37:22,1789313842.960
27580,0.308,903741440,3.2519,,4.92e-04,117398,2026-09-13 23:37:30,1789313850.047
27600,0.309,904396800,3.2519,,4.92e-04,117419,2026-09-13 23:37:37,1789313857.133
27620,0.309,905052160,3.2517,,4.92e-04,117391,2026-09-13 23:37:44,1789313864.221
27640,0.309,905707520,3.2516,,4.92e-04,117401,2026-09-13 23:37:51,1789313871.307
27660,0.309,906362880,3.2512,,4.92e-04,117386,2026-09-13 23:37:58,1789313878.394
27680,0.309,907018240,3.2502,,4.91e-04,117386,2026-09-13 23:38:05,1789313885.481
27700,0.310,907673600,3.2497,,4.91e-04,117416,2026-09-13 23:38:12,1789313892.567
27720,0.310,908328960,3.2490,,4.91e-04,117444,2026-09-13 23:38:19,1789313899.652
27740,0.310,908984320,3.2486,,4.91e-04,117471,2026-09-13 23:38:26,1789313906.738
27760,0.310,909639680,3.2480,,4.91e-04,117437,2026-09-13 23:38:33,1789313913.824
27780,0.311,910295040,3.2480,,4.91e-04,117358,2026-09-13 23:38:40,1789313920.912
27800,0.311,910950400,3.2477,,4.90e-04,117379,2026-09-13 23:38:47,1789313927.999
27820,0.311,911605760,3.2470,,4.90e-04,117391,2026-09-13 23:38:55,1789313935.085
27840,0.311,912261120,3.2474,,4.90e-04,117375,2026-09-13 23:39:02,1789313942.171
27860,0.311,912916480,3.2472,,4.90e-04,117430,2026-09-13 23:39:09,1789313949.259
27880,0.312,913571840,3.2470,,4.90e-04,117432,2026-09-13 23:39:16,1789313956.345
27900,0.312,914227200,3.2468,,4.90e-04,117399,2026-09-13 23:39:23,1789313963.431
27920,0.312,914882560,3.2468,,4.90e-04,117391,2026-09-13 23:39:30,1789313970.520
27940,0.312,915537920,3.2468,,4.89e-04,117379,2026-09-13 23:39:37,1789313977.607
27960,0.313,916193280,3.2463,,4.89e-04,117374,2026-09-13 23:39:44,1789313984.694
27980,0.313,916848640,3.2460,,4.89e-04,117498,2026-09-13 23:39:51,1789313991.781
28000,0.313,917504000,3.2453,,4.89e-04,117472,2026-09-13 23:39:58,1789313998.869
28020,0.313,918159360,3.2453,,4.89e-04,117394,2026-09-13 23:40:05,1789314005.956
28040,0.313,918814720,3.2447,,4.89e-04,117397,2026-09-13 23:40:13,1789314013.043
28060,0.314,919470080,3.2450,,4.88e-04,117344,2026-09-13 23:40:20,1789314020.132
28080,0.314,920125440,3.2446,,4.88e-04,117337,2026-09-13 23:40:27,1789314027.220
28100,0.314,920780800,3.2446,,4.88e-04,117386,2026-09-13 23:40:34,1789314034.307
28120,0.314,921436160,3.2443,,4.88e-04,117373,2026-09-13 23:40:41,1789314041.394
28140,0.315,922091520,3.2444,,4.88e-04,117365,2026-09-13 23:40:48,1789314048.484
28160,0.315,922746880,3.2449,,4.88e-04,117378,2026-09-13 23:40:55,1789314055.575
28180,0.315,923402240,3.2449,,4.87e-04,117382,2026-09-13 23:41:02,1789314062.665
28200,0.315,924057600,3.2450,,4.87e-04,117374,2026-09-13 23:41:09,1789314069.755
28220,0.315,924712960,3.2452,,4.87e-04,117335,2026-09-13 23:41:16,1789314076.843
28240,0.316,925368320,3.2455,,4.87e-04,117325,2026-09-13 23:41:23,1789314083.933
28260,0.316,926023680,3.2449,,4.87e-04,117304,2026-09-13 23:41:31,1789314091.024
28280,0.316,926679040,3.2450,,4.87e-04,117355,2026-09-13 23:41:38,1789314098.111
28300,0.316,927334400,3.2444,,4.86e-04,117398,2026-09-13 23:41:45,1789314105.200
28320,0.317,927989760,3.2444,,4.86e-04,117385,2026-09-13 23:41:52,1789314112.288
28340,0.317,928645120,3.2444,,4.86e-04,117358,2026-09-13 23:41:59,1789314119.378
28360,0.317,929300480,3.2436,,4.86e-04,117360,2026-09-13 23:42:06,1789314126.465
28380,0.317,929955840,3.2439,,4.86e-04,117347,2026-09-13 23:42:13,1789314133.554
28400,0.317,930611200,3.2432,,4.86e-04,117345,2026-09-13 23:42:20,1789314140.643
28420,0.318,931266560,3.2434,,4.85e-04,117310,2026-09-13 23:42:27,1789314147.733
28440,0.318,931921920,3.2430,,4.85e-04,117327,2026-09-13 23:42:34,1789314154.823
28460,0.318,932577280,3.2424,,4.85e-04,117327,2026-09-13 23:42:41,1789314161.912
28480,0.318,933232640,3.2424,,4.85e-04,117347,2026-09-13 23:42:48,1789314169.001
28500,0.319,933888000,3.2426,,4.85e-04,117325,2026-09-13 23:42:56,1789314176.089
28520,0.319,934543360,3.2424,,4.85e-04,117326,2026-09-13 23:43:03,1789314183.178
28540,0.319,935198720,3.2429,,4.84e-04,117333,2026-09-13 23:43:10,1789314190.268
28560,0.319,935854080,3.2432,,4.84e-04,117338,2026-09-13 23:43:17,1789314197.358
28580,0.319,936509440,3.2433,,4.84e-04,117327,2026-09-13 23:43:24,1789314204.448
28600,0.320,937164800,3.2424,,4.84e-04,117325,2026-09-13 23:43:31,1789314211.538
28620,0.320,937820160,3.2420,,4.84e-04,117391,2026-09-13 23:43:38,1789314218.626
28640,0.320,938475520,3.2422,,4.84e-04,117377,2026-09-13 23:43:45,1789314225.715
28660,0.320,939130880,3.2417,,4.83e-04,117348,2026-09-13 23:43:52,1789314232.806
28680,0.321,939786240,3.2425,,4.83e-04,117327,2026-09-13 23:43:59,1789314239.898
28700,0.321,940441600,3.2421,,4.83e-04,117310,2026-09-13 23:44:06,1789314246.989
28720,0.321,941096960,3.2425,,4.83e-04,117313,2026-09-13 23:44:14,1789314254.082
28740,0.321,941752320,3.2422,,4.83e-04,117345,2026-09-13 23:44:21,1789314261.173
28760,0.321,942407680,3.2431,,4.83e-04,117342,2026-09-13 23:44:28,1789314268.266
28780,0.322,943063040,3.2424,,4.82e-04,117341,2026-09-13 23:44:35,1789314275.358
28800,0.322,943718400,3.2423,,4.82e-04,117335,2026-09-13 23:44:42,1789314282.448
28820,0.322,944373760,3.2430,,4.82e-04,117351,2026-09-13 23:44:49,1789314289.539
28840,0.322,945029120,3.2423,,4.82e-04,117341,2026-09-13 23:44:56,1789314296.630
28860,0.323,945684480,3.2424,,4.82e-04,117311,2026-09-13 23:45:03,1789314303.720
28880,0.323,946339840,3.2417,,4.82e-04,117301,2026-09-13 23:45:10,1789314310.810
28900,0.323,946995200,3.2411,,4.81e-04,117300,2026-09-13 23:45:18,1789314318.032
28920,0.323,947650560,3.2403,,4.81e-04,117290,2026-09-13 23:45:25,1789314325.127
28940,0.323,948305920,3.2397,,4.81e-04,117264,2026-09-13 23:45:32,1789314332.220
28960,0.324,948961280,3.2400,,4.81e-04,117284,2026-09-13 23:45:39,1789314339.313
28980,0.324,949616640,3.2405,,4.81e-04,117300,2026-09-13 23:45:46,1789314346.407
29000,0.324,950272000,3.2401,,4.81e-04,117308,2026-09-13 23:45:53,1789314353.500
29020,0.324,950927360,3.2399,,4.81e-04,117289,2026-09-13 23:46:00,1789314360.592
29040,0.325,951582720,3.2396,,4.80e-04,117300,2026-09-13 23:46:07,1789314367.682
29060,0.325,952238080,3.2398,,4.80e-04,117283,2026-09-13 23:46:14,1789314374.772
29080,0.325,952893440,3.2408,,4.80e-04,117307,2026-09-13 23:46:21,1789314381.862
29100,0.325,953548800,3.2402,,4.80e-04,117364,2026-09-13 23:46:28,1789314388.953
29120,0.326,954204160,3.2402,,4.80e-04,117304,2026-09-13 23:46:36,1789314396.047
29140,0.326,954859520,3.2403,,4.80e-04,117316,2026-09-13 23:46:43,1789314403.138
29160,0.326,955514880,3.2400,,4.79e-04,117345,2026-09-13 23:46:50,1789314410.230
29180,0.326,956170240,3.2401,,4.79e-04,117299,2026-09-13 23:46:57,1789314417.324
29200,0.326,956825600,3.2397,,4.79e-04,117294,2026-09-13 23:47:04,1789314424.418
29220,0.327,957480960,3.2395,,4.79e-04,117290,2026-09-13 23:47:11,1789314431.510
29240,0.327,958136320,3.2401,,4.79e-04,117284,2026-09-13 23:47:18,1789314438.603
29260,0.327,958791680,3.2398,,4.79e-04,117265,2026-09-13 23:47:25,1789314445.697
29280,0.327,959447040,3.2399,,4.78e-04,117305,2026-09-13 23:47:32,1789314452.788
29300,0.328,960102400,3.2395,,4.78e-04,117322,2026-09-13 23:47:39,1789314459.881
29320,0.328,960757760,3.2392,,4.78e-04,117312,2026-09-13 23:47:46,1789314466.973
29340,0.328,961413120,3.2386,,4.78e-04,117470,2026-09-13 23:47:54,1789314474.408
29360,0.328,962068480,3.2379,,4.78e-04,117387,2026-09-13 23:48:01,1789314481.501
29380,0.328,962723840,3.2374,,4.77e-04,117390,2026-09-13 23:48:08,1789314488.594
29400,0.329,963379200,3.2374,,4.77e-04,117324,2026-09-13 23:48:15,1789314495.687
29420,0.329,964034560,3.2366,,4.77e-04,117278,2026-09-13 23:48:22,1789314502.779
29440,0.329,964689920,3.2363,,4.77e-04,117281,2026-09-13 23:48:29,1789314509.873
29460,0.329,965345280,3.2354,,4.77e-04,117309,2026-09-13 23:48:36,1789314516.964
29480,0.330,966000640,3.2360,,4.77e-04,117312,2026-09-13 23:48:44,1789314524.055
29500,0.330,966656000,3.2351,,4.76e-04,117307,2026-09-13 23:48:51,1789314531.147
29520,0.330,967311360,3.2354,,4.76e-04,117323,2026-09-13 23:48:58,1789314538.239
29540,0.330,967966720,3.2353,,4.76e-04,117272,2026-09-13 23:49:05,1789314545.330
29560,0.330,968622080,3.2348,,4.76e-04,117286,2026-09-13 23:49:12,1789314552.422
29580,0.331,969277440,3.2350,,4.76e-04,117287,2026-09-13 23:49:19,1789314559.513
29600,0.331,969932800,3.2353,,4.76e-04,117272,2026-09-13 23:49:26,1789314566.604
29620,0.331,970588160,3.2354,,4.75e-04,117247,2026-09-13 23:49:33,1789314573.698
29640,0.331,971243520,3.2352,,4.75e-04,117266,2026-09-13 23:49:40,1789314580.789
29660,0.332,971898880,3.2349,,4.75e-04,117276,2026-09-13 23:49:47,1789314587.880
29680,0.332,972554240,3.2346,,4.75e-04,117308,2026-09-13 23:49:54,1789314594.970
29700,0.332,973209600,3.2349,,4.75e-04,117271,2026-09-13 23:50:02,1789314602.061
29720,0.332,973864960,3.2343,,4.75e-04,117281,2026-09-13 23:50:09,1789314609.153
29740,0.332,974520320,3.2340,,4.74e-04,117325,2026-09-13 23:50:16,1789314616.246
29760,0.333,975175680,3.2342,,4.74e-04,117300,2026-09-13 23:50:23,1789314623.337
29780,0.333,975831040,3.2342,,4.74e-04,117239,2026-09-13 23:50:30,1789314630.432
29800,0.333,976486400,3.2338,,4.74e-04,117267,2026-09-13 23:50:37,1789314637.523
29820,0.333,977141760,3.2334,,4.74e-04,117287,2026-09-13 23:50:44,1789314644.615
29840,0.334,977797120,3.2334,,4.74e-04,117298,2026-09-13 23:50:51,1789314651.707
29860,0.334,978452480,3.2332,,4.73e-04,117247,2026-09-13 23:50:58,1789314658.801
29880,0.334,979107840,3.2336,,4.73e-04,117275,2026-09-13 23:51:05,1789314665.893
29900,0.334,979763200,3.2337,,4.73e-04,117284,2026-09-13 23:51:12,1789314672.985
29920,0.334,980418560,3.2342,,4.73e-04,117254,2026-09-13 23:51:20,1789314680.079
29940,0.335,981073920,3.2337,,4.73e-04,117235,2026-09-13 23:51:27,1789314687.172
29960,0.335,981729280,3.2337,,4.73e-04,117254,2026-09-13 23:51:34,1789314694.263
29980,0.335,982384640,3.2341,,4.72e-04,117308,2026-09-13 23:51:41,1789314701.354
30000,0.335,983040000,3.2344,,4.72e-04,117301,2026-09-13 23:51:48,1789314708.449
30000,0.335,983040000,3.2344,3.1941,4.72e-04,,2026-09-13 23:52:01,1789314721.710
30020,0.336,983695360,3.2338,,4.72e-04,117372,2026-09-13 23:52:08,1789314728.795
30040,0.336,984350720,3.2340,,4.72e-04,117386,2026-09-13 23:52:15,1789314735.882
30060,0.336,985006080,3.2337,,4.72e-04,117326,2026-09-13 23:52:22,1789314742.972
30080,0.336,985661440,3.2335,,4.72e-04,117318,2026-09-13 23:52:30,1789314750.063
30100,0.336,986316800,3.2334,,4.71e-04,117302,2026-09-13 23:52:37,1789314757.152
30120,0.337,986972160,3.2333,,4.71e-04,117328,2026-09-13 23:52:44,1789314764.239
30140,0.337,987627520,3.2339,,4.71e-04,117360,2026-09-13 23:52:51,1789314771.326
30160,0.337,988282880,3.2336,,4.71e-04,117353,2026-09-13 23:52:58,1789314778.415
30180,0.337,988938240,3.2331,,4.71e-04,117344,2026-09-13 23:53:05,1789314785.504
30200,0.338,989593600,3.2321,,4.71e-04,117330,2026-09-13 23:53:12,1789314792.593
30220,0.338,990248960,3.2324,,4.70e-04,117263,2026-09-13 23:53:19,1789314799.684
30240,0.338,990904320,3.2324,,4.70e-04,117283,2026-09-13 23:53:26,1789314806.774
30260,0.338,991559680,3.2327,,4.70e-04,117281,2026-09-13 23:53:33,1789314813.865
30280,0.338,992215040,3.2323,,4.70e-04,117321,2026-09-13 23:53:40,1789314820.954
30300,0.339,992870400,3.2323,,4.70e-04,117431,2026-09-13 23:53:48,1789314828.046
30320,0.339,993525760,3.2324,,4.70e-04,117378,2026-09-13 23:53:55,1789314835.137
30340,0.339,994181120,3.2323,,4.69e-04,117283,2026-09-13 23:54:02,1789314842.227
30360,0.339,994836480,3.2317,,4.69e-04,117287,2026-09-13 23:54:09,1789314849.319
30380,0.340,995491840,3.2315,,4.69e-04,117361,2026-09-13 23:54:16,1789314856.562
30400,0.340,996147200,3.2311,,4.69e-04,117364,2026-09-13 23:54:23,1789314863.652
30420,0.340,996802560,3.2316,,4.69e-04,117371,2026-09-13 23:54:30,1789314870.740
30440,0.340,997457920,3.2313,,4.68e-04,117371,2026-09-13 23:54:37,1789314877.829
30460,0.340,998113280,3.2309,,4.68e-04,117322,2026-09-13 23:54:44,1789314884.919
30480,0.341,998768640,3.2309,,4.68e-04,117322,2026-09-13 23:54:52,1789314892.008
30500,0.341,999424000,3.2305,,4.68e-04,117327,2026-09-13 23:54:59,1789314899.098
30520,0.341,1000079360,3.2302,,4.68e-04,117327,2026-09-13 23:55:06,1789314906.187
30540,0.341,1000734720,3.2302,,4.68e-04,117343,2026-09-13 23:55:13,1789314913.276
30560,0.342,1001390080,3.2299,,4.67e-04,117336,2026-09-13 23:55:20,1789314920.365
30580,0.342,1002045440,3.2296,,4.67e-04,117320,2026-09-13 23:55:27,1789314927.456
30600,0.342,1002700800,3.2291,,4.67e-04,117302,2026-09-13 23:55:34,1789314934.546
30620,0.342,1003356160,3.2285,,4.67e-04,117308,2026-09-13 23:55:41,1789314941.635
30640,0.342,1004011520,3.2289,,4.67e-04,117343,2026-09-13 23:55:48,1789314948.724
30660,0.343,1004666880,3.2286,,4.67e-04,117350,2026-09-13 23:55:55,1789314955.814
30680,0.343,1005322240,3.2287,,4.66e-04,117360,2026-09-13 23:56:02,1789314962.902
30700,0.343,1005977600,3.2289,,4.66e-04,117372,2026-09-13 23:56:09,1789314969.991
30720,0.343,1006632960,3.2294,,4.66e-04,117359,2026-09-13 23:56:17,1789314977.080
30740,0.344,1007288320,3.2295,,4.66e-04,117321,2026-09-13 23:56:24,1789314984.170
30760,0.344,1007943680,3.2297,,4.66e-04,117332,2026-09-13 23:56:31,1789314991.258
30780,0.344,1008599040,3.2293,,4.66e-04,117345,2026-09-13 23:56:38,1789314998.348
30800,0.344,1009254400,3.2286,,4.65e-04,117350,2026-09-13 23:56:45,1789315005.436
30820,0.345,1009909760,3.2294,,4.65e-04,117342,2026-09-13 23:56:52,1789315012.525
30840,0.345,1010565120,3.2294,,4.65e-04,117346,2026-09-13 23:56:59,1789315019.615
30860,0.345,1011220480,3.2290,,4.65e-04,117338,2026-09-13 23:57:06,1789315026.705
30880,0.345,1011875840,3.2291,,4.65e-04,117326,2026-09-13 23:57:13,1789315033.793
30900,0.345,1012531200,3.2290,,4.65e-04,117330,2026-09-13 23:57:20,1789315040.884
30920,0.346,1013186560,3.2283,,4.64e-04,117348,2026-09-13 23:57:27,1789315047.971
30940,0.346,1013841920,3.2282,,4.64e-04,117346,2026-09-13 23:57:35,1789315055.059
30960,0.346,1014497280,3.2280,,4.64e-04,117358,2026-09-13 23:57:42,1789315062.146
30980,0.346,1015152640,3.2275,,4.64e-04,117310,2026-09-13 23:57:49,1789315069.236
31000,0.347,1015808000,3.2266,,4.64e-04,117321,2026-09-13 23:57:56,1789315076.324
31020,0.347,1016463360,3.2269,,4.63e-04,117295,2026-09-13 23:58:03,1789315083.414
31040,0.347,1017118720,3.2281,,4.63e-04,117322,2026-09-13 23:58:10,1789315090.504
31060,0.347,1017774080,3.2279,,4.63e-04,117329,2026-09-13 23:58:17,1789315097.594
31080,0.347,1018429440,3.2277,,4.63e-04,117348,2026-09-13 23:58:24,1789315104.683
31100,0.348,1019084800,3.2275,,4.63e-04,117362,2026-09-13 23:58:31,1789315111.773
31120,0.348,1019740160,3.2278,,4.63e-04,117345,2026-09-13 23:58:38,1789315118.863
31140,0.348,1020395520,3.2272,,4.62e-04,117348,2026-09-13 23:58:45,1789315125.952
31160,0.348,1021050880,3.2266,,4.62e-04,117334,2026-09-13 23:58:53,1789315133.041
31180,0.349,1021706240,3.2257,,4.62e-04,117302,2026-09-13 23:59:00,1789315140.131
31200,0.349,1022361600,3.2248,,4.62e-04,117339,2026-09-13 23:59:07,1789315147.220
31220,0.349,1023016960,3.2243,,4.62e-04,117377,2026-09-13 23:59:14,1789315154.309
31240,0.349,1023672320,3.2244,,4.62e-04,117380,2026-09-13 23:59:21,1789315161.397
31260,0.349,1024327680,3.2242,,4.61e-04,117364,2026-09-13 23:59:28,1789315168.487
31280,0.350,1024983040,3.2237,,4.61e-04,117369,2026-09-13 23:59:35,1789315175.575
31300,0.350,1025638400,3.2239,,4.61e-04,117315,2026-09-13 23:59:42,1789315182.666
31320,0.350,1026293760,3.2240,,4.61e-04,117322,2026-09-13 23:59:49,1789315189.755
31340,0.350,1026949120,3.2237,,4.61e-04,117305,2026-09-13 23:59:56,1789315196.845
31360,0.351,1027604480,3.2236,,4.60e-04,117313,2026-09-14 00:00:03,1789315203.938
31380,0.351,1028259840,3.2241,,4.60e-04,117295,2026-09-14 00:00:11,1789315211.032
31400,0.351,1028915200,3.2242,,4.60e-04,117365,2026-09-14 00:00:18,1789315218.471
31420,0.351,1029570560,3.2241,,4.60e-04,117299,2026-09-14 00:00:25,1789315225.566
31440,0.351,1030225920,3.2242,,4.60e-04,117266,2026-09-14 00:00:32,1789315232.659
31460,0.352,1030881280,3.2243,,4.60e-04,117284,2026-09-14 00:00:39,1789315239.753
31480,0.352,1031536640,3.2232,,4.59e-04,117296,2026-09-14 00:00:46,1789315246.845
31500,0.352,1032192000,3.2231,,4.59e-04,117314,2026-09-14 00:00:53,1789315253.936
31520,0.352,1032847360,3.2235,,4.59e-04,117315,2026-09-14 00:01:01,1789315261.027
31540,0.353,1033502720,3.2228,,4.59e-04,117350,2026-09-14 00:01:08,1789315268.116
31560,0.353,1034158080,3.2230,,4.59e-04,117339,2026-09-14 00:01:15,1789315275.208
31580,0.353,1034813440,3.2227,,4.59e-04,117316,2026-09-14 00:01:22,1789315282.304
31600,0.353,1035468800,3.2225,,4.58e-04,117286,2026-09-14 00:01:29,1789315289.399
31620,0.353,1036124160,3.2228,,4.58e-04,117306,2026-09-14 00:01:36,1789315296.493
31640,0.354,1036779520,3.2224,,4.58e-04,117322,2026-09-14 00:01:43,1789315303.585
31660,0.354,1037434880,3.2227,,4.58e-04,117298,2026-09-14 00:01:50,1789315310.678
31680,0.354,1038090240,3.2232,,4.58e-04,117329,2026-09-14 00:01:57,1789315317.772
31700,0.354,1038745600,3.2227,,4.58e-04,117326,2026-09-14 00:02:04,1789315324.865
31720,0.355,1039400960,3.2226,,4.57e-04,117337,2026-09-14 00:02:11,1789315331.959
31740,0.355,1040056320,3.2220,,4.57e-04,117347,2026-09-14 00:02:19,1789315339.053
31760,0.355,1040711680,3.2216,,4.57e-04,117346,2026-09-14 00:02:26,1789315346.146
31780,0.355,1041367040,3.2214,,4.57e-04,117407,2026-09-14 00:02:33,1789315353.235
31800,0.355,1042022400,3.2206,,4.57e-04,117409,2026-09-14 00:02:40,1789315360.325
31820,0.356,1042677760,3.2200,,4.56e-04,117438,2026-09-14 00:02:47,1789315367.418
31840,0.356,1043333120,3.2196,,4.56e-04,117419,2026-09-14 00:02:54,1789315374.509
31860,0.356,1043988480,3.2200,,4.56e-04,117361,2026-09-14 00:03:01,1789315381.599
31880,0.356,1044643840,3.2195,,4.56e-04,117384,2026-09-14 00:03:08,1789315388.828
31900,0.357,1045299200,3.2194,,4.56e-04,117416,2026-09-14 00:03:15,1789315395.918
31920,0.357,1045954560,3.2190,,4.56e-04,117415,2026-09-14 00:03:23,1789315403.006
31940,0.357,1046609920,3.2184,,4.55e-04,117340,2026-09-14 00:03:30,1789315410.096
31960,0.357,1047265280,3.2184,,4.55e-04,117362,2026-09-14 00:03:37,1789315417.185
31980,0.357,1047920640,3.2176,,4.55e-04,117370,2026-09-14 00:03:44,1789315424.274
32000,0.358,1048576000,3.2173,,4.55e-04,117350,2026-09-14 00:03:51,1789315431.364
32020,0.358,1049231360,3.2166,,4.55e-04,117356,2026-09-14 00:03:58,1789315438.452
32040,0.358,1049886720,3.2167,,4.54e-04,117364,2026-09-14 00:04:05,1789315445.540
32060,0.358,1050542080,3.2168,,4.54e-04,117459,2026-09-14 00:04:12,1789315452.627
32080,0.359,1051197440,3.2172,,4.54e-04,117434,2026-09-14 00:04:19,1789315459.716
32100,0.359,1051852800,3.2168,,4.54e-04,117374,2026-09-14 00:04:26,1789315466.805
32120,0.359,1052508160,3.2162,,4.54e-04,117406,2026-09-14 00:04:33,1789315473.897
32140,0.359,1053163520,3.2168,,4.54e-04,117391,2026-09-14 00:04:40,1789315480.990
32160,0.359,1053818880,3.2166,,4.53e-04,117398,2026-09-14 00:04:48,1789315488.081
32180,0.360,1054474240,3.2161,,4.53e-04,117390,2026-09-14 00:04:55,1789315495.173
32200,0.360,1055129600,3.2156,,4.53e-04,117418,2026-09-14 00:05:02,1789315502.266
32220,0.360,1055784960,3.2153,,4.53e-04,117363,2026-09-14 00:05:09,1789315509.356
32240,0.360,1056440320,3.2150,,4.53e-04,117334,2026-09-14 00:05:16,1789315516.446
32260,0.361,1057095680,3.2148,,4.53e-04,117349,2026-09-14 00:05:23,1789315523.534
32280,0.361,1057751040,3.2138,,4.52e-04,117366,2026-09-14 00:05:30,1789315530.623
32300,0.361,1058406400,3.2134,,4.52e-04,117343,2026-09-14 00:05:37,1789315537.711
32320,0.361,1059061760,3.2134,,4.52e-04,117357,2026-09-14 00:05:44,1789315544.799
32340,0.361,1059717120,3.2133,,4.52e-04,117319,2026-09-14 00:05:51,1789315551.889
32360,0.362,1060372480,3.2134,,4.52e-04,117339,2026-09-14 00:05:58,1789315558.978
32380,0.362,1061027840,3.2130,,4.51e-04,117448,2026-09-14 00:06:06,1789315566.068
32400,0.362,1061683200,3.2128,,4.51e-04,117412,2026-09-14 00:06:13,1789315573.155
32420,0.362,1062338560,3.2127,,4.51e-04,117330,2026-09-14 00:06:20,1789315580.245
32440,0.363,1062993920,3.2134,,4.51e-04,117330,2026-09-14 00:06:27,1789315587.334
32460,0.363,1063649280,3.2135,,4.51e-04,117341,2026-09-14 00:06:34,1789315594.423
32480,0.363,1064304640,3.2133,,4.51e-04,117342,2026-09-14 00:06:41,1789315601.513
32500,0.363,1064960000,3.2125,,4.50e-04,117311,2026-09-14 00:06:48,1789315608.604
32520,0.364,1065615360,3.2113,,4.50e-04,117319,2026-09-14 00:06:55,1789315615.695
32540,0.364,1066270720,3.2120,,4.50e-04,117345,2026-09-14 00:07:02,1789315622.787
32560,0.364,1066926080,3.2115,,4.50e-04,117344,2026-09-14 00:07:09,1789315629.880
32580,0.364,1067581440,3.2110,,4.50e-04,117455,2026-09-14 00:07:16,1789315636.972
32600,0.364,1068236800,3.2104,,4.49e-04,117419,2026-09-14 00:07:24,1789315644.060
32620,0.365,1068892160,3.2108,,4.49e-04,117390,2026-09-14 00:07:31,1789315651.150
32640,0.365,1069547520,3.2103,,4.49e-04,117380,2026-09-14 00:07:38,1789315658.241
32660,0.365,1070202880,3.2101,,4.49e-04,117358,2026-09-14 00:07:45,1789315665.331
32680,0.365,1070858240,3.2097,,4.49e-04,117357,2026-09-14 00:07:52,1789315672.423
32700,0.366,1071513600,3.2105,,4.49e-04,117287,2026-09-14 00:07:59,1789315679.517
32720,0.366,1072168960,3.2111,,4.48e-04,117297,2026-09-14 00:08:06,1789315686.607
32740,0.366,1072824320,3.2107,,4.48e-04,117304,2026-09-14 00:08:13,1789315693.700
32760,0.366,1073479680,3.2110,,4.48e-04,117311,2026-09-14 00:08:20,1789315700.791
32780,0.366,1074135040,3.2102,,4.48e-04,117421,2026-09-14 00:08:27,1789315707.884
32800,0.367,1074790400,3.2102,,4.48e-04,117376,2026-09-14 00:08:34,1789315714.977
32820,0.367,1075445760,3.2091,,4.47e-04,117307,2026-09-14 00:08:42,1789315722.067
32840,0.367,1076101120,3.2087,,4.47e-04,117276,2026-09-14 00:08:49,1789315729.162
32860,0.367,1076756480,3.2087,,4.47e-04,117306,2026-09-14 00:08:56,1789315736.251
32880,0.368,1077411840,3.2090,,4.47e-04,117300,2026-09-14 00:09:03,1789315743.342
32900,0.368,1078067200,3.2095,,4.47e-04,117340,2026-09-14 00:09:10,1789315750.433
32920,0.368,1078722560,3.2097,,4.47e-04,117347,2026-09-14 00:09:17,1789315757.525
32940,0.368,1079377920,3.2095,,4.46e-04,117327,2026-09-14 00:09:24,1789315764.614
32960,0.368,1080033280,3.2101,,4.46e-04,117330,2026-09-14 00:09:31,1789315771.704
32980,0.369,1080688640,3.2101,,4.46e-04,117343,2026-09-14 00:09:38,1789315778.792
33000,0.369,1081344000,3.2095,,4.46e-04,117358,2026-09-14 00:09:45,1789315785.881
33020,0.369,1081999360,3.2087,,4.46e-04,117394,2026-09-14 00:09:52,1789315792.970
33040,0.369,1082654720,3.2089,,4.46e-04,117370,2026-09-14 00:10:00,1789315800.058
33060,0.370,1083310080,3.2085,,4.45e-04,117395,2026-09-14 00:10:07,1789315807.148
33080,0.370,1083965440,3.2085,,4.45e-04,117375,2026-09-14 00:10:14,1789315814.240
33100,0.370,1084620800,3.2081,,4.45e-04,117327,2026-09-14 00:10:21,1789315821.331
33120,0.370,1085276160,3.2079,,4.45e-04,117330,2026-09-14 00:10:28,1789315828.422
33140,0.370,1085931520,3.2081,,4.45e-04,117334,2026-09-14 00:10:35,1789315835.511
33160,0.371,1086586880,3.2078,,4.44e-04,117310,2026-09-14 00:10:42,1789315842.601
33180,0.371,1087242240,3.2079,,4.44e-04,117302,2026-09-14 00:10:49,1789315849.692
33200,0.371,1087897600,3.2087,,4.44e-04,117312,2026-09-14 00:10:56,1789315856.782
33220,0.371,1088552960,3.2085,,4.44e-04,117307,2026-09-14 00:11:03,1789315863.875
33240,0.372,1089208320,3.2083,,4.44e-04,117294,2026-09-14 00:11:10,1789315870.967
33260,0.372,1089863680,3.2084,,4.44e-04,117372,2026-09-14 00:11:18,1789315878.056
33280,0.372,1090519040,3.2082,,4.43e-04,117357,2026-09-14 00:11:25,1789315885.146
33300,0.372,1091174400,3.2086,,4.43e-04,117276,2026-09-14 00:11:32,1789315892.239
33320,0.372,1091829760,3.2082,,4.43e-04,117307,2026-09-14 00:11:39,1789315899.329
33340,0.373,1092485120,3.2078,,4.43e-04,117362,2026-09-14 00:11:46,1789315906.423
33360,0.373,1093140480,3.2072,,4.43e-04,117324,2026-09-14 00:11:53,1789315913.517
33380,0.373,1093795840,3.2071,,4.42e-04,117319,2026-09-14 00:12:00,1789315920.744
33400,0.373,1094451200,3.2070,,4.42e-04,117359,2026-09-14 00:12:07,1789315927.837
33420,0.374,1095106560,3.2070,,4.42e-04,117452,2026-09-14 00:12:15,1789315935.272
33440,0.374,1095761920,3.2065,,4.42e-04,117375,2026-09-14 00:12:22,1789315942.365
33460,0.374,1096417280,3.2064,,4.42e-04,117314,2026-09-14 00:12:29,1789315949.457
33480,0.374,1097072640,3.2063,,4.41e-04,117308,2026-09-14 00:12:36,1789315956.547
33500,0.374,1097728000,3.2064,,4.41e-04,117310,2026-09-14 00:12:43,1789315963.638
33520,0.375,1098383360,3.2057,,4.41e-04,117302,2026-09-14 00:12:50,1789315970.730
33540,0.375,1099038720,3.2053,,4.41e-04,117235,2026-09-14 00:12:57,1789315977.824
33560,0.375,1099694080,3.2050,,4.41e-04,117255,2026-09-14 00:13:04,1789315984.918
33580,0.375,1100349440,3.2049,,4.41e-04,117280,2026-09-14 00:13:12,1789315992.013
33600,0.376,1101004800,3.2051,,4.40e-04,117297,2026-09-14 00:13:19,1789315999.107
33620,0.376,1101660160,3.2048,,4.40e-04,117271,2026-09-14 00:13:26,1789316006.202
33640,0.376,1102315520,3.2035,,4.40e-04,117252,2026-09-14 00:13:33,1789316013.299
33660,0.376,1102970880,3.2030,,4.40e-04,117247,2026-09-14 00:13:40,1789316020.393
33680,0.376,1103626240,3.2025,,4.40e-04,117242,2026-09-14 00:13:47,1789316027.487
33700,0.377,1104281600,3.2033,,4.39e-04,117228,2026-09-14 00:13:54,1789316034.583
33720,0.377,1104936960,3.2035,,4.39e-04,117235,2026-09-14 00:14:01,1789316041.677
33740,0.377,1105592320,3.2033,,4.39e-04,117295,2026-09-14 00:14:08,1789316048.769
33760,0.377,1106247680,3.2030,,4.39e-04,117322,2026-09-14 00:14:15,1789316055.862
33780,0.378,1106903040,3.2027,,4.39e-04,117292,2026-09-14 00:14:22,1789316062.955
33800,0.378,1107558400,3.2032,,4.39e-04,117297,2026-09-14 00:14:30,1789316070.048
33820,0.378,1108213760,3.2036,,4.38e-04,117309,2026-09-14 00:14:37,1789316077.139
33840,0.378,1108869120,3.2028,,4.38e-04,117315,2026-09-14 00:14:44,1789316084.230
33860,0.378,1109524480,3.2030,,4.38e-04,117388,2026-09-14 00:14:51,1789316091.320
33880,0.379,1110179840,3.2033,,4.38e-04,117368,2026-09-14 00:14:58,1789316098.411
33900,0.379,1110835200,3.2030,,4.38e-04,117332,2026-09-14 00:15:05,1789316105.501
33920,0.379,1111490560,3.2035,,4.37e-04,117331,2026-09-14 00:15:12,1789316112.591
33940,0.379,1112145920,3.2033,,4.37e-04,117357,2026-09-14 00:15:19,1789316119.681
33960,0.380,1112801280,3.2035,,4.37e-04,117354,2026-09-14 00:15:26,1789316126.773
33980,0.380,1113456640,3.2029,,4.37e-04,117338,2026-09-14 00:15:33,1789316133.865
34000,0.380,1114112000,3.2035,,4.37e-04,117319,2026-09-14 00:15:40,1789316140.958
34020,0.380,1114767360,3.2030,,4.37e-04,117307,2026-09-14 00:15:48,1789316148.047
34040,0.380,1115422720,3.2026,,4.36e-04,117298,2026-09-14 00:15:55,1789316155.136
34060,0.381,1116078080,3.2026,,4.36e-04,117356,2026-09-14 00:16:02,1789316162.228
34080,0.381,1116733440,3.2035,,4.36e-04,117362,2026-09-14 00:16:09,1789316169.319
34100,0.381,1117388800,3.2036,,4.36e-04,117384,2026-09-14 00:16:16,1789316176.408
34120,0.381,1118044160,3.2034,,4.36e-04,117382,2026-09-14 00:16:23,1789316183.497
34140,0.382,1118699520,3.2029,,4.35e-04,117358,2026-09-14 00:16:30,1789316190.588
34160,0.382,1119354880,3.2035,,4.35e-04,117373,2026-09-14 00:16:37,1789316197.679
34180,0.382,1120010240,3.2034,,4.35e-04,117335,2026-09-14 00:16:44,1789316204.770
34200,0.382,1120665600,3.2033,,4.35e-04,117333,2026-09-14 00:16:51,1789316211.859
34220,0.383,1121320960,3.2037,,4.35e-04,117334,2026-09-14 00:16:58,1789316218.947
34240,0.383,1121976320,3.2035,,4.35e-04,117356,2026-09-14 00:17:06,1789316226.037
34260,0.383,1122631680,3.2027,,4.34e-04,117359,2026-09-14 00:17:13,1789316233.126
34280,0.383,1123287040,3.2023,,4.34e-04,117357,2026-09-14 00:17:20,1789316240.213
34300,0.383,1123942400,3.2027,,4.34e-04,117356,2026-09-14 00:17:27,1789316247.300
34320,0.384,1124597760,3.2024,,4.34e-04,117361,2026-09-14 00:17:34,1789316254.387
34340,0.384,1125253120,3.2016,,4.34e-04,117360,2026-09-14 00:17:41,1789316261.473
34360,0.384,1125908480,3.2012,,4.33e-04,117357,2026-09-14 00:17:48,1789316268.560
34380,0.384,1126563840,3.2004,,4.33e-04,117371,2026-09-14 00:17:55,1789316275.649
34400,0.385,1127219200,3.2002,,4.33e-04,117357,2026-09-14 00:18:02,1789316282.736
34420,0.385,1127874560,3.1998,,4.33e-04,117348,2026-09-14 00:18:09,1789316289.823
34440,0.385,1128529920,3.1989,,4.33e-04,117353,2026-09-14 00:18:16,1789316296.911
34460,0.385,1129185280,3.1977,,4.32e-04,117384,2026-09-14 00:18:23,1789316303.998
34480,0.385,1129840640,3.1977,,4.32e-04,117353,2026-09-14 00:18:31,1789316311.085
34500,0.386,1130496000,3.1980,,4.32e-04,117325,2026-09-14 00:18:38,1789316318.174
34520,0.386,1131151360,3.1977,,4.32e-04,117379,2026-09-14 00:18:45,1789316325.261
34540,0.386,1131806720,3.1972,,4.32e-04,117372,2026-09-14 00:18:52,1789316332.348
34560,0.386,1132462080,3.1975,,4.32e-04,117368,2026-09-14 00:18:59,1789316339.436
34580,0.387,1133117440,3.1976,,4.31e-04,117401,2026-09-14 00:19:06,1789316346.526
34600,0.387,1133772800,3.1968,,4.31e-04,117429,2026-09-14 00:19:13,1789316353.614
34620,0.387,1134428160,3.1967,,4.31e-04,117455,2026-09-14 00:19:20,1789316360.703
34640,0.387,1135083520,3.1967,,4.31e-04,117476,2026-09-14 00:19:27,1789316367.792
34660,0.387,1135738880,3.1964,,4.31e-04,117438,2026-09-14 00:19:34,1789316374.880
34680,0.388,1136394240,3.1962,,4.30e-04,117411,2026-09-14 00:19:41,1789316381.968
34700,0.388,1137049600,3.1955,,4.30e-04,117416,2026-09-14 00:19:49,1789316389.055
34720,0.388,1137704960,3.1948,,4.30e-04,117395,2026-09-14 00:19:56,1789316396.143
34740,0.388,1138360320,3.1954,,4.30e-04,117429,2026-09-14 00:20:03,1789316403.230
34760,0.389,1139015680,3.1954,,4.30e-04,117421,2026-09-14 00:20:10,1789316410.318
34780,0.389,1139671040,3.1953,,4.29e-04,117412,2026-09-14 00:20:17,1789316417.404
34800,0.389,1140326400,3.1953,,4.29e-04,117406,2026-09-14 00:20:24,1789316424.491
34820,0.389,1140981760,3.1956,,4.29e-04,117455,2026-09-14 00:20:31,1789316431.576
34840,0.389,1141637120,3.1961,,4.29e-04,117424,2026-09-14 00:20:38,1789316438.662
34860,0.390,1142292480,3.1957,,4.29e-04,117387,2026-09-14 00:20:45,1789316445.750
34880,0.390,1142947840,3.1956,,4.29e-04,117423,2026-09-14 00:20:52,1789316452.970
34900,0.390,1143603200,3.1959,,4.28e-04,117462,2026-09-14 00:21:00,1789316460.056
34920,0.390,1144258560,3.1958,,4.28e-04,117438,2026-09-14 00:21:07,1789316467.141
34940,0.391,1144913920,3.1955,,4.28e-04,117400,2026-09-14 00:21:14,1789316474.229
34960,0.391,1145569280,3.1942,,4.28e-04,117403,2026-09-14 00:21:21,1789316481.314
34980,0.391,1146224640,3.1946,,4.28e-04,117473,2026-09-14 00:21:28,1789316488.400
35000,0.391,1146880000,3.1942,,4.27e-04,117437,2026-09-14 00:21:35,1789316495.487
35000,0.391,1146880000,3.1942,3.1659,4.27e-04,,2026-09-14 00:21:48,1789316508.852
35020,0.391,1147535360,3.1945,,4.27e-04,117569,2026-09-14 00:21:55,1789316515.927
35040,0.392,1148190720,3.1943,,4.27e-04,117539,2026-09-14 00:22:03,1789316523.009
35060,0.392,1148846080,3.1937,,4.27e-04,117490,2026-09-14 00:22:10,1789316530.091
35080,0.392,1149501440,3.1935,,4.27e-04,117499,2026-09-14 00:22:17,1789316537.177
35100,0.392,1150156800,3.1933,,4.26e-04,117467,2026-09-14 00:22:24,1789316544.262
35120,0.393,1150812160,3.1934,,4.26e-04,117469,2026-09-14 00:22:31,1789316551.348
35140,0.393,1151467520,3.1932,,4.26e-04,117551,2026-09-14 00:22:38,1789316558.435
35160,0.393,1152122880,3.1934,,4.26e-04,117517,2026-09-14 00:22:45,1789316565.521
35180,0.393,1152778240,3.1930,,4.26e-04,117502,2026-09-14 00:22:52,1789316572.610
35200,0.393,1153433600,3.1931,,4.26e-04,117487,2026-09-14 00:22:59,1789316579.695
35220,0.394,1154088960,3.1939,,4.25e-04,117447,2026-09-14 00:23:06,1789316586.779
35240,0.394,1154744320,3.1939,,4.25e-04,117446,2026-09-14 00:23:13,1789316593.866
35260,0.394,1155399680,3.1943,,4.25e-04,117421,2026-09-14 00:23:20,1789316600.955
35280,0.394,1156055040,3.1941,,4.25e-04,117405,2026-09-14 00:23:28,1789316608.044
35300,0.395,1156710400,3.1938,,4.25e-04,117401,2026-09-14 00:23:35,1789316615.131
35320,0.395,1157365760,3.1935,,4.24e-04,117398,2026-09-14 00:23:42,1789316622.219
35340,0.395,1158021120,3.1939,,4.24e-04,117369,2026-09-14 00:23:49,1789316629.305
35360,0.395,1158676480,3.1934,,4.24e-04,117374,2026-09-14 00:23:56,1789316636.393
35380,0.395,1159331840,3.1935,,4.24e-04,117474,2026-09-14 00:24:03,1789316643.479
35400,0.396,1159987200,3.1928,,4.24e-04,117436,2026-09-14 00:24:10,1789316650.565
35420,0.396,1160642560,3.1931,,4.23e-04,117538,2026-09-14 00:24:17,1789316657.994
35440,0.396,1161297920,3.1929,,4.23e-04,117482,2026-09-14 00:24:25,1789316665.080
35460,0.396,1161953280,3.1932,,4.23e-04,117403,2026-09-14 00:24:32,1789316672.166
35480,0.397,1162608640,3.1927,,4.23e-04,117429,2026-09-14 00:24:39,1789316679.254
35500,0.397,1163264000,3.1934,,4.23e-04,117456,2026-09-14 00:24:46,1789316686.343
35520,0.397,1163919360,3.1932,,4.23e-04,117460,2026-09-14 00:24:53,1789316693.431
35540,0.397,1164574720,3.1929,,4.22e-04,117446,2026-09-14 00:25:00,1789316700.518
35560,0.397,1165230080,3.1930,,4.22e-04,117497,2026-09-14 00:25:07,1789316707.608
35580,0.398,1165885440,3.1929,,4.22e-04,117399,2026-09-14 00:25:14,1789316714.697
35600,0.398,1166540800,3.1923,,4.22e-04,117391,2026-09-14 00:25:21,1789316721.786
35620,0.398,1167196160,3.1931,,4.22e-04,117363,2026-09-14 00:25:28,1789316728.875
35640,0.398,1167851520,3.1936,,4.21e-04,117382,2026-09-14 00:25:35,1789316735.965
35660,0.399,1168506880,3.1936,,4.21e-04,117375,2026-09-14 00:25:43,1789316743.050
35680,0.399,1169162240,3.1940,,4.21e-04,117407,2026-09-14 00:25:50,1789316750.140
35700,0.399,1169817600,3.1933,,4.21e-04,117420,2026-09-14 00:25:57,1789316757.228
35720,0.399,1170472960,3.1927,,4.21e-04,117420,2026-09-14 00:26:04,1789316764.316
35740,0.399,1171128320,3.1928,,4.20e-04,117444,2026-09-14 00:26:11,1789316771.404
35760,0.400,1171783680,3.1924,,4.20e-04,117427,2026-09-14 00:26:18,1789316778.491
35780,0.400,1172439040,3.1929,,4.20e-04,117347,2026-09-14 00:26:25,1789316785.577
35800,0.400,1173094400,3.1928,,4.20e-04,117372,2026-09-14 00:26:32,1789316792.662
35820,0.400,1173749760,3.1925,,4.20e-04,117392,2026-09-14 00:26:39,1789316799.749
35840,0.401,1174405120,3.1923,,4.20e-04,117394,2026-09-14 00:26:46,1789316806.836
35860,0.401,1175060480,3.1923,,4.19e-04,117452,2026-09-14 00:26:53,1789316813.925
35880,0.401,1175715840,3.1930,,4.19e-04,117418,2026-09-14 00:27:01,1789316821.012
35900,0.401,1176371200,3.1932,,4.19e-04,117385,2026-09-14 00:27:08,1789316828.097
35920,0.402,1177026560,3.1932,,4.19e-04,117390,2026-09-14 00:27:15,1789316835.184
35940,0.402,1177681920,3.1924,,4.19e-04,117401,2026-09-14 00:27:22,1789316842.272
35960,0.402,1178337280,3.1923,,4.18e-04,117405,2026-09-14 00:27:29,1789316849.359
35980,0.402,1178992640,3.1926,,4.18e-04,117373,2026-09-14 00:27:36,1789316856.447
36000,0.402,1179648000,3.1922,,4.18e-04,117370,2026-09-14 00:27:43,1789316863.538
36020,0.403,1180303360,3.1921,,4.18e-04,117437,2026-09-14 00:27:50,1789316870.626
36040,0.403,1180958720,3.1916,,4.18e-04,117466,2026-09-14 00:27:57,1789316877.714
36060,0.403,1181614080,3.1917,,4.17e-04,117397,2026-09-14 00:28:04,1789316884.802
36080,0.403,1182269440,3.1912,,4.17e-04,117397,2026-09-14 00:28:11,1789316891.890
36100,0.404,1182924800,3.1907,,4.17e-04,117358,2026-09-14 00:28:18,1789316898.977
36120,0.404,1183580160,3.1901,,4.17e-04,117352,2026-09-14 00:28:26,1789316906.065
36140,0.404,1184235520,3.1904,,4.17e-04,117375,2026-09-14 00:28:33,1789316913.155
36160,0.404,1184890880,3.1905,,4.16e-04,117476,2026-09-14 00:28:40,1789316920.247
36180,0.404,1185546240,3.1907,,4.16e-04,117639,2026-09-14 00:28:47,1789316927.342
36200,0.405,1186201600,3.1900,,4.16e-04,117523,2026-09-14 00:28:54,1789316934.427
36220,0.405,1186856960,3.1906,,4.16e-04,117439,2026-09-14 00:29:01,1789316941.514
36240,0.405,1187512320,3.1900,,4.16e-04,117388,2026-09-14 00:29:08,1789316948.602
36260,0.405,1188167680,3.1898,,4.16e-04,117419,2026-09-14 00:29:15,1789316955.691
36280,0.406,1188823040,3.1897,,4.15e-04,117380,2026-09-14 00:29:22,1789316962.778
36300,0.406,1189478400,3.1892,,4.15e-04,117353,2026-09-14 00:29:29,1789316969.866
36320,0.406,1190133760,3.1890,,4.15e-04,117364,2026-09-14 00:29:36,1789316976.954
36340,0.406,1190789120,3.1884,,4.15e-04,117338,2026-09-14 00:29:44,1789316984.043
36360,0.406,1191444480,3.1869,,4.15e-04,117362,2026-09-14 00:29:51,1789316991.271
36380,0.407,1192099840,3.1864,,4.14e-04,117437,2026-09-14 00:29:58,1789316998.356
36400,0.407,1192755200,3.1862,,4.14e-04,117444,2026-09-14 00:30:05,1789317005.441
36420,0.407,1193410560,3.1865,,4.14e-04,117378,2026-09-14 00:30:12,1789317012.527
36440,0.407,1194065920,3.1861,,4.14e-04,117408,2026-09-14 00:30:19,1789317019.612
36460,0.408,1194721280,3.1855,,4.14e-04,117425,2026-09-14 00:30:26,1789317026.698
36480,0.408,1195376640,3.1854,,4.13e-04,117519,2026-09-14 00:30:34,1789317034.125
36500,0.408,1196032000,3.1850,,4.13e-04,117498,2026-09-14 00:30:41,1789317041.208
36520,0.408,1196687360,3.1847,,4.13e-04,117481,2026-09-14 00:30:48,1789317048.292
36540,0.408,1197342720,3.1842,,4.13e-04,117452,2026-09-14 00:30:55,1789317055.374
36560,0.409,1197998080,3.1832,,4.13e-04,117433,2026-09-14 00:31:02,1789317062.458
36580,0.409,1198653440,3.1828,,4.12e-04,117418,2026-09-14 00:31:09,1789317069.541
36600,0.409,1199308800,3.1829,,4.12e-04,117412,2026-09-14 00:31:16,1789317076.626
36620,0.409,1199964160,3.1830,,4.12e-04,117408,2026-09-14 00:31:23,1789317083.710
36640,0.410,1200619520,3.1832,,4.12e-04,117424,2026-09-14 00:31:30,1789317090.795
36660,0.410,1201274880,3.1840,,4.12e-04,117379,2026-09-14 00:31:37,1789317097.882
36680,0.410,1201930240,3.1841,,4.11e-04,117436,2026-09-14 00:31:44,1789317104.965
36700,0.410,1202585600,3.1844,,4.11e-04,117494,2026-09-14 00:31:52,1789317112.050
36720,0.410,1203240960,3.1835,,4.11e-04,117475,2026-09-14 00:31:59,1789317119.134
36740,0.411,1203896320,3.1837,,4.11e-04,117408,2026-09-14 00:32:06,1789317126.219
36760,0.411,1204551680,3.1834,,4.11e-04,117457,2026-09-14 00:32:13,1789317133.300
36780,0.411,1205207040,3.1838,,4.11e-04,117509,2026-09-14 00:32:20,1789317140.380
36800,0.411,1205862400,3.1840,,4.10e-04,117483,2026-09-14 00:32:27,1789317147.462
36820,0.412,1206517760,3.1840,,4.10e-04,117484,2026-09-14 00:32:34,1789317154.545
36840,0.412,1207173120,3.1841,,4.10e-04,117457,2026-09-14 00:32:41,1789317161.628
36860,0.412,1207828480,3.1837,,4.10e-04,117519,2026-09-14 00:32:48,1789317168.710
36880,0.412,1208483840,3.1839,,4.10e-04,117456,2026-09-14 00:32:55,1789317175.794
36900,0.412,1209139200,3.1846,,4.09e-04,117413,2026-09-14 00:33:02,1789317182.878
36920,0.413,1209794560,3.1846,,4.09e-04,117443,2026-09-14 00:33:09,1789317189.959
36940,0.413,1210449920,3.1851,,4.09e-04,117519,2026-09-14 00:33:17,1789317197.041
36960,0.413,1211105280,3.1846,,4.09e-04,117483,2026-09-14 00:33:24,1789317204.123
36980,0.413,1211760640,3.1841,,4.09e-04,117431,2026-09-14 00:33:31,1789317211.204
37000,0.414,1212416000,3.1845,,4.08e-04,117453,2026-09-14 00:33:38,1789317218.285
37020,0.414,1213071360,3.1851,,4.08e-04,117462,2026-09-14 00:33:45,1789317225.366
37040,0.414,1213726720,3.1854,,4.08e-04,117476,2026-09-14 00:33:52,1789317232.447
37060,0.414,1214382080,3.1853,,4.08e-04,117449,2026-09-14 00:33:59,1789317239.527
37080,0.414,1215037440,3.1850,,4.08e-04,117453,2026-09-14 00:34:06,1789317246.609
37100,0.415,1215692800,3.1849,,4.07e-04,117503,2026-09-14 00:34:13,1789317253.690
37120,0.415,1216348160,3.1851,,4.07e-04,117509,2026-09-14 00:34:20,1789317260.770
37140,0.415,1217003520,3.1848,,4.07e-04,117466,2026-09-14 00:34:27,1789317267.853
37160,0.415,1217658880,3.1845,,4.07e-04,117450,2026-09-14 00:34:34,1789317274.936
37180,0.416,1218314240,3.1841,,4.07e-04,117433,2026-09-14 00:34:42,1789317282.017
37200,0.416,1218969600,3.1837,,4.06e-04,117437,2026-09-14 00:34:49,1789317289.099
37220,0.416,1219624960,3.1837,,4.06e-04,117491,2026-09-14 00:34:56,1789317296.181
37240,0.416,1220280320,3.1829,,4.06e-04,117483,2026-09-14 00:35:03,1789317303.264
37260,0.416,1220935680,3.1828,,4.06e-04,117478,2026-09-14 00:35:10,1789317310.343
37280,0.417,1221591040,3.1838,,4.06e-04,117500,2026-09-14 00:35:17,1789317317.424
37300,0.417,1222246400,3.1835,,4.06e-04,117511,2026-09-14 00:35:24,1789317324.505
37320,0.417,1222901760,3.1835,,4.05e-04,117480,2026-09-14 00:35:31,1789317331.586
37340,0.417,1223557120,3.1834,,4.05e-04,117437,2026-09-14 00:35:38,1789317338.669
37360,0.418,1224212480,3.1826,,4.05e-04,117456,2026-09-14 00:35:45,1789317345.750
37380,0.418,1224867840,3.1826,,4.05e-04,117533,2026-09-14 00:35:52,1789317352.830
37400,0.418,1225523200,3.1820,,4.05e-04,117539,2026-09-14 00:35:59,1789317359.912
37420,0.418,1226178560,3.1821,,4.04e-04,117491,2026-09-14 00:36:06,1789317366.995
37440,0.419,1226833920,3.1820,,4.04e-04,117475,2026-09-14 00:36:14,1789317374.080
37460,0.419,1227489280,3.1822,,4.04e-04,117463,2026-09-14 00:36:21,1789317381.161
37480,0.419,1228144640,3.1825,,4.04e-04,117443,2026-09-14 00:36:28,1789317388.244
37500,0.419,1228800000,3.1822,,4.04e-04,117458,2026-09-14 00:36:35,1789317395.326
37520,0.419,1229455360,3.1824,,4.03e-04,117479,2026-09-14 00:36:42,1789317402.409
37540,0.420,1230110720,3.1824,,4.03e-04,117461,2026-09-14 00:36:49,1789317409.491
37560,0.420,1230766080,3.1824,,4.03e-04,117455,2026-09-14 00:36:56,1789317416.576
37580,0.420,1231421440,3.1821,,4.03e-04,117466,2026-09-14 00:37:03,1789317423.660
37600,0.420,1232076800,3.1813,,4.03e-04,117474,2026-09-14 00:37:10,1789317430.740
37620,0.421,1232732160,3.1807,,4.02e-04,117465,2026-09-14 00:37:17,1789317437.823
37640,0.421,1233387520,3.1797,,4.02e-04,117460,2026-09-14 00:37:24,1789317444.906
37660,0.421,1234042880,3.1796,,4.02e-04,117460,2026-09-14 00:37:31,1789317451.989
37680,0.421,1234698240,3.1795,,4.02e-04,117459,2026-09-14 00:37:39,1789317459.072
37700,0.421,1235353600,3.1798,,4.02e-04,117440,2026-09-14 00:37:46,1789317466.156
37720,0.422,1236008960,3.1799,,4.01e-04,117456,2026-09-14 00:37:53,1789317473.239
37740,0.422,1236664320,3.1795,,4.01e-04,117441,2026-09-14 00:38:00,1789317480.322
37760,0.422,1237319680,3.1794,,4.01e-04,117439,2026-09-14 00:38:07,1789317487.404
37780,0.422,1237975040,3.1793,,4.01e-04,117495,2026-09-14 00:38:14,1789317494.483
37800,0.423,1238630400,3.1796,,4.01e-04,117493,2026-09-14 00:38:21,1789317501.561
37820,0.423,1239285760,3.1798,,4.00e-04,117437,2026-09-14 00:38:28,1789317508.642
37840,0.423,1239941120,3.1794,,4.00e-04,117450,2026-09-14 00:38:35,1789317515.723
37860,0.423,1240596480,3.1793,,4.00e-04,117456,2026-09-14 00:38:42,1789317522.806
37880,0.423,1241251840,3.1785,,4.00e-04,117451,2026-09-14 00:38:50,1789317530.018
37900,0.424,1241907200,3.1786,,4.00e-04,117406,2026-09-14 00:38:57,1789317537.101
37920,0.424,1242562560,3.1788,,4.00e-04,117411,2026-09-14 00:39:04,1789317544.185
37940,0.424,1243217920,3.1787,,3.99e-04,117457,2026-09-14 00:39:11,1789317551.268
37960,0.424,1243873280,3.1789,,3.99e-04,117442,2026-09-14 00:39:18,1789317558.353
37980,0.425,1244528640,3.1793,,3.99e-04,117395,2026-09-14 00:39:25,1789317565.438
38000,0.425,1245184000,3.1790,,3.99e-04,117398,2026-09-14 00:39:32,1789317572.522
38020,0.425,1245839360,3.1793,,3.99e-04,117441,2026-09-14 00:39:39,1789317579.604
38040,0.425,1246494720,3.1795,,3.98e-04,117416,2026-09-14 00:39:46,1789317586.689
38060,0.425,1247150080,3.1789,,3.98e-04,117458,2026-09-14 00:39:53,1789317593.771
38080,0.426,1247805440,3.1786,,3.98e-04,117465,2026-09-14 00:40:00,1789317600.855
38100,0.426,1248460800,3.1787,,3.98e-04,117447,2026-09-14 00:40:07,1789317607.939
38120,0.426,1249116160,3.1790,,3.98e-04,117451,2026-09-14 00:40:15,1789317615.021
38140,0.426,1249771520,3.1794,,3.97e-04,117502,2026-09-14 00:40:22,1789317622.104
38160,0.427,1250426880,3.1790,,3.97e-04,117484,2026-09-14 00:40:29,1789317629.187
38180,0.427,1251082240,3.1793,,3.97e-04,117442,2026-09-14 00:40:36,1789317636.271
38200,0.427,1251737600,3.1787,,3.97e-04,117430,2026-09-14 00:40:43,1789317643.355
38220,0.427,1252392960,3.1792,,3.97e-04,117413,2026-09-14 00:40:50,1789317650.439
38240,0.427,1253048320,3.1795,,3.96e-04,117441,2026-09-14 00:40:57,1789317657.523
38260,0.428,1253703680,3.1794,,3.96e-04,117455,2026-09-14 00:41:04,1789317664.605
38280,0.428,1254359040,3.1797,,3.96e-04,117463,2026-09-14 00:41:11,1789317671.687
38300,0.428,1255014400,3.1793,,3.96e-04,117444,2026-09-14 00:41:18,1789317678.771
38320,0.428,1255669760,3.1795,,3.96e-04,117473,2026-09-14 00:41:25,1789317685.854
38340,0.429,1256325120,3.1798,,3.95e-04,117525,2026-09-14 00:41:32,1789317692.937
38360,0.429,1256980480,3.1793,,3.95e-04,117520,2026-09-14 00:41:40,1789317700.021
38380,0.429,1257635840,3.1803,,3.95e-04,117509,2026-09-14 00:41:47,1789317707.106
38400,0.429,1258291200,3.1793,,3.95e-04,117473,2026-09-14 00:41:54,1789317714.193
38420,0.429,1258946560,3.1788,,3.95e-04,117476,2026-09-14 00:42:01,1789317721.277
38440,0.430,1259601920,3.1783,,3.94e-04,117451,2026-09-14 00:42:08,1789317728.362
38460,0.430,1260257280,3.1778,,3.94e-04,117433,2026-09-14 00:42:15,1789317735.447
38480,0.430,1260912640,3.1781,,3.94e-04,117398,2026-09-14 00:42:22,1789317742.534
38500,0.430,1261568000,3.1782,,3.94e-04,117412,2026-09-14 00:42:29,1789317749.621
38520,0.431,1262223360,3.1786,,3.94e-04,117388,2026-09-14 00:42:36,1789317756.707
38540,0.431,1262878720,3.1779,,3.93e-04,117396,2026-09-14 00:42:43,1789317763.797
38560,0.431,1263534080,3.1780,,3.93e-04,117428,2026-09-14 00:42:50,1789317770.885
38580,0.431,1264189440,3.1780,,3.93e-04,117360,2026-09-14 00:42:57,1789317777.976
38600,0.431,1264844800,3.1784,,3.93e-04,117370,2026-09-14 00:43:05,1789317785.064
38620,0.432,1265500160,3.1777,,3.93e-04,117380,2026-09-14 00:43:12,1789317792.152
38640,0.432,1266155520,3.1781,,3.92e-04,117390,2026-09-14 00:43:19,1789317799.238
38660,0.432,1266810880,3.1788,,3.92e-04,117386,2026-09-14 00:43:26,1789317806.324
38680,0.432,1267466240,3.1786,,3.92e-04,117406,2026-09-14 00:43:33,1789317813.409
38700,0.433,1268121600,3.1782,,3.92e-04,117388,2026-09-14 00:43:40,1789317820.495
38720,0.433,1268776960,3.1781,,3.92e-04,117413,2026-09-14 00:43:47,1789317827.581
38740,0.433,1269432320,3.1785,,3.91e-04,117452,2026-09-14 00:43:54,1789317834.669
38760,0.433,1270087680,3.1786,,3.91e-04,117442,2026-09-14 00:44:01,1789317841.755
38780,0.433,1270743040,3.1785,,3.91e-04,117414,2026-09-14 00:44:08,1789317848.842
38800,0.434,1271398400,3.1780,,3.91e-04,117411,2026-09-14 00:44:15,1789317855.926
38820,0.434,1272053760,3.1775,,3.91e-04,117400,2026-09-14 00:44:23,1789317863.012
38840,0.434,1272709120,3.1769,,3.91e-04,117395,2026-09-14 00:44:30,1789317870.098
38860,0.434,1273364480,3.1770,,3.90e-04,117457,2026-09-14 00:44:37,1789317877.181
38880,0.435,1274019840,3.1763,,3.90e-04,117441,2026-09-14 00:44:44,1789317884.264
38900,0.435,1274675200,3.1762,,3.90e-04,117432,2026-09-14 00:44:51,1789317891.349
38920,0.435,1275330560,3.1760,,3.90e-04,117434,2026-09-14 00:44:58,1789317898.436
38940,0.435,1275985920,3.1758,,3.90e-04,117416,2026-09-14 00:45:05,1789317905.523
38960,0.435,1276641280,3.1766,,3.89e-04,117410,2026-09-14 00:45:12,1789317912.608
38980,0.436,1277296640,3.1766,,3.89e-04,117438,2026-09-14 00:45:19,1789317919.695
39000,0.436,1277952000,3.1770,,3.89e-04,117398,2026-09-14 00:45:26,1789317926.781
39020,0.436,1278607360,3.1768,,3.89e-04,117463,2026-09-14 00:45:33,1789317933.867
39040,0.436,1279262720,3.1765,,3.89e-04,117436,2026-09-14 00:45:40,1789317940.951
39060,0.437,1279918080,3.1763,,3.88e-04,117386,2026-09-14 00:45:48,1789317948.037
39080,0.437,1280573440,3.1757,,3.88e-04,117393,2026-09-14 00:45:55,1789317955.122
39100,0.437,1281228800,3.1750,,3.88e-04,117418,2026-09-14 00:46:02,1789317962.209
39120,0.437,1281884160,3.1746,,3.88e-04,117404,2026-09-14 00:46:09,1789317969.297
39140,0.438,1282539520,3.1745,,3.88e-04,117347,2026-09-14 00:46:16,1789317976.384
39160,0.438,1283194880,3.1743,,3.87e-04,117342,2026-09-14 00:46:23,1789317983.471
39180,0.438,1283850240,3.1746,,3.87e-04,117390,2026-09-14 00:46:30,1789317990.557
39200,0.438,1284505600,3.1742,,3.87e-04,117393,2026-09-14 00:46:37,1789317997.641
39220,0.438,1285160960,3.1740,,3.87e-04,117360,2026-09-14 00:46:44,1789318004.727
39240,0.439,1285816320,3.1742,,3.87e-04,117372,2026-09-14 00:46:51,1789318011.814
39260,0.439,1286471680,3.1741,,3.86e-04,117377,2026-09-14 00:46:58,1789318018.900
39280,0.439,1287127040,3.1738,,3.86e-04,117390,2026-09-14 00:47:05,1789318025.986
39300,0.439,1287782400,3.1736,,3.86e-04,117372,2026-09-14 00:47:13,1789318033.071
39320,0.440,1288437760,3.1735,,3.86e-04,117395,2026-09-14 00:47:20,1789318040.156
39340,0.440,1289093120,3.1736,,3.86e-04,117433,2026-09-14 00:47:27,1789318047.239
39360,0.440,1289748480,3.1733,,3.85e-04,117466,2026-09-14 00:47:34,1789318054.323
39380,0.440,1290403840,3.1734,,3.85e-04,117537,2026-09-14 00:47:41,1789318061.545
39400,0.440,1291059200,3.1731,,3.85e-04,117481,2026-09-14 00:47:48,1789318068.627
39420,0.441,1291714560,3.1724,,3.85e-04,117409,2026-09-14 00:47:55,1789318075.710
39440,0.441,1292369920,3.1721,,3.85e-04,117426,2026-09-14 00:48:02,1789318082.793
39460,0.441,1293025280,3.1722,,3.84e-04,117450,2026-09-14 00:48:09,1789318089.879
39480,0.441,1293680640,3.1721,,3.84e-04,117457,2026-09-14 00:48:16,1789318096.963
39500,0.442,1294336000,3.1720,,3.84e-04,117413,2026-09-14 00:48:24,1789318104.048
39520,0.442,1294991360,3.1716,,3.84e-04,117453,2026-09-14 00:48:31,1789318111.133
39540,0.442,1295646720,3.1708,,3.84e-04,117424,2026-09-14 00:48:38,1789318118.219
39560,0.442,1296302080,3.1706,,3.83e-04,117432,2026-09-14 00:48:45,1789318125.302
39580,0.442,1296957440,3.1717,,3.83e-04,117453,2026-09-14 00:48:52,1789318132.388
39600,0.443,1297612800,3.1720,,3.83e-04,117498,2026-09-14 00:48:59,1789318139.472
39620,0.443,1298268160,3.1717,,3.83e-04,117491,2026-09-14 00:49:06,1789318146.555
39640,0.443,1298923520,3.1715,,3.83e-04,117475,2026-09-14 00:49:13,1789318153.639
39660,0.443,1299578880,3.1713,,3.82e-04,117438,2026-09-14 00:49:20,1789318160.725
39680,0.444,1300234240,3.1713,,3.82e-04,117421,2026-09-14 00:49:27,1789318167.809
39700,0.444,1300889600,3.1715,,3.82e-04,117346,2026-09-14 00:49:34,1789318174.896
39720,0.444,1301544960,3.1724,,3.82e-04,117395,2026-09-14 00:49:41,1789318181.981
39740,0.444,1302200320,3.1722,,3.82e-04,117455,2026-09-14 00:49:49,1789318189.064
39760,0.444,1302855680,3.1720,,3.81e-04,117441,2026-09-14 00:49:56,1789318196.148
39780,0.445,1303511040,3.1718,,3.81e-04,117454,2026-09-14 00:50:03,1789318203.231
39800,0.445,1304166400,3.1717,,3.81e-04,117405,2026-09-14 00:50:10,1789318210.318
39820,0.445,1304821760,3.1713,,3.81e-04,117406,2026-09-14 00:50:17,1789318217.403
39840,0.445,1305477120,3.1706,,3.81e-04,117446,2026-09-14 00:50:24,1789318224.488
39860,0.446,1306132480,3.1701,,3.80e-04,117442,2026-09-14 00:50:31,1789318231.573
39880,0.446,1306787840,3.1697,,3.80e-04,117453,2026-09-14 00:50:38,1789318238.655
39900,0.446,1307443200,3.1692,,3.80e-04,117470,2026-09-14 00:50:45,1789318245.736
39920,0.446,1308098560,3.1691,,3.80e-04,117467,2026-09-14 00:50:52,1789318252.817
39940,0.446,1308753920,3.1690,,3.80e-04,117447,2026-09-14 00:50:59,1789318259.900
39960,0.447,1309409280,3.1691,,3.79e-04,117489,2026-09-14 00:51:06,1789318266.982
39980,0.447,1310064640,3.1693,,3.79e-04,117477,2026-09-14 00:51:14,1789318274.065
40000,0.447,1310720000,3.1690,,3.79e-04,117468,2026-09-14 00:51:21,1789318281.146
40000,0.447,1310720000,3.1690,3.1375,3.79e-04,,2026-09-14 00:51:34,1789318294.574
40020,0.447,1311375360,3.1691,,3.79e-04,117532,2026-09-14 00:51:41,1789318301.651
40040,0.448,1312030720,3.1689,,3.79e-04,117558,2026-09-14 00:51:48,1789318308.727
40060,0.448,1312686080,3.1682,,3.78e-04,117569,2026-09-14 00:51:55,1789318315.803
40080,0.448,1313341440,3.1682,,3.78e-04,117600,2026-09-14 00:52:02,1789318322.879
40100,0.448,1313996800,3.1681,,3.78e-04,117593,2026-09-14 00:52:09,1789318329.955
40120,0.448,1314652160,3.1676,,3.78e-04,117583,2026-09-14 00:52:17,1789318337.031
40140,0.449,1315307520,3.1676,,3.78e-04,117545,2026-09-14 00:52:24,1789318344.107
40160,0.449,1315962880,3.1679,,3.77e-04,117562,2026-09-14 00:52:31,1789318351.185
40180,0.449,1316618240,3.1683,,3.77e-04,117485,2026-09-14 00:52:38,1789318358.266
40200,0.449,1317273600,3.1687,,3.77e-04,117483,2026-09-14 00:52:45,1789318365.347
40220,0.450,1317928960,3.1689,,3.77e-04,117539,2026-09-14 00:52:52,1789318372.426
40240,0.450,1318584320,3.1688,,3.77e-04,117534,2026-09-14 00:52:59,1789318379.508
40260,0.450,1319239680,3.1685,,3.76e-04,117568,2026-09-14 00:53:06,1789318386.590
40280,0.450,1319895040,3.1680,,3.76e-04,117565,2026-09-14 00:53:13,1789318393.671
40300,0.450,1320550400,3.1678,,3.76e-04,117528,2026-09-14 00:53:20,1789318400.753
40320,0.451,1321205760,3.1682,,3.76e-04,117507,2026-09-14 00:53:27,1789318407.834
40340,0.451,1321861120,3.1679,,3.76e-04,117488,2026-09-14 00:53:34,1789318414.915
40360,0.451,1322516480,3.1682,,3.75e-04,117498,2026-09-14 00:53:41,1789318421.996
40380,0.451,1323171840,3.1679,,3.75e-04,117447,2026-09-14 00:53:49,1789318429.078
40400,0.452,1323827200,3.1680,,3.75e-04,117461,2026-09-14 00:53:56,1789318436.162
40420,0.452,1324482560,3.1676,,3.75e-04,117470,2026-09-14 00:54:03,1789318443.246
40440,0.452,1325137920,3.1677,,3.75e-04,117458,2026-09-14 00:54:10,1789318450.330
40460,0.452,1325793280,3.1670,,3.74e-04,117482,2026-09-14 00:54:17,1789318457.413
40480,0.452,1326448640,3.1668,,3.74e-04,117543,2026-09-14 00:54:24,1789318464.838
40500,0.453,1327104000,3.1672,,3.74e-04,117434,2026-09-14 00:54:31,1789318471.922
40520,0.453,1327759360,3.1665,,3.74e-04,117433,2026-09-14 00:54:39,1789318479.004
40540,0.453,1328414720,3.1663,,3.74e-04,117491,2026-09-14 00:54:46,1789318486.086
40560,0.453,1329070080,3.1668,,3.73e-04,117495,2026-09-14 00:54:53,1789318493.170
40580,0.454,1329725440,3.1670,,3.73e-04,117486,2026-09-14 00:55:00,1789318500.251
40600,0.454,1330380800,3.1670,,3.73e-04,117509,2026-09-14 00:55:07,1789318507.332
40620,0.454,1331036160,3.1673,,3.73e-04,117489,2026-09-14 00:55:14,1789318514.412
40640,0.454,1331691520,3.1672,,3.73e-04,117507,2026-09-14 00:55:21,1789318521.492
40660,0.454,1332346880,3.1671,,3.72e-04,117490,2026-09-14 00:55:28,1789318528.572
40680,0.455,1333002240,3.1669,,3.72e-04,117503,2026-09-14 00:55:35,1789318535.654
40700,0.455,1333657600,3.1675,,3.72e-04,117583,2026-09-14 00:55:42,1789318542.735
40720,0.455,1334312960,3.1669,,3.72e-04,117527,2026-09-14 00:55:49,1789318549.819
40740,0.455,1334968320,3.1667,,3.72e-04,117505,2026-09-14 00:55:56,1789318556.900
40760,0.456,1335623680,3.1672,,3.71e-04,117485,2026-09-14 00:56:03,1789318563.981
40780,0.456,1336279040,3.1666,,3.71e-04,117478,2026-09-14 00:56:11,1789318571.062
40800,0.456,1336934400,3.1672,,3.71e-04,117471,2026-09-14 00:56:18,1789318578.142
40820,0.456,1337589760,3.1664,,3.71e-04,117485,2026-09-14 00:56:25,1789318585.223
40840,0.457,1338245120,3.1667,,3.71e-04,117496,2026-09-14 00:56:32,1789318592.304
40860,0.457,1338900480,3.1667,,3.70e-04,117488,2026-09-14 00:56:39,1789318599.386
40880,0.457,1339555840,3.1667,,3.70e-04,117528,2026-09-14 00:56:46,1789318606.601
40900,0.457,1340211200,3.1661,,3.70e-04,117550,2026-09-14 00:56:53,1789318613.678
40920,0.457,1340866560,3.1662,,3.70e-04,117552,2026-09-14 00:57:00,1789318620.753
40940,0.458,1341521920,3.1669,,3.70e-04,117568,2026-09-14 00:57:07,1789318627.831
40960,0.458,1342177280,3.1666,,3.69e-04,117560,2026-09-14 00:57:14,1789318634.909
40980,0.458,1342832640,3.1664,,3.69e-04,117486,2026-09-14 00:57:21,1789318641.987
41000,0.458,1343488000,3.1661,,3.69e-04,117519,2026-09-14 00:57:29,1789318649.067
41020,0.459,1344143360,3.1658,,3.69e-04,117512,2026-09-14 00:57:36,1789318656.146
41040,0.459,1344798720,3.1664,,3.69e-04,117518,2026-09-14 00:57:43,1789318663.225
41060,0.459,1345454080,3.1662,,3.68e-04,117553,2026-09-14 00:57:50,1789318670.303
41080,0.459,1346109440,3.1659,,3.68e-04,117562,2026-09-14 00:57:57,1789318677.381
41100,0.459,1346764800,3.1659,,3.68e-04,117521,2026-09-14 00:58:04,1789318684.458
41120,0.460,1347420160,3.1655,,3.68e-04,117554,2026-09-14 00:58:11,1789318691.535
41140,0.460,1348075520,3.1658,,3.68e-04,117590,2026-09-14 00:58:18,1789318698.615
41160,0.460,1348730880,3.1657,,3.67e-04,117604,2026-09-14 00:58:25,1789318705.692
41180,0.460,1349386240,3.1656,,3.67e-04,117558,2026-09-14 00:58:32,1789318712.769
41200,0.461,1350041600,3.1649,,3.67e-04,117558,2026-09-14 00:58:39,1789318719.846
41220,0.461,1350696960,3.1646,,3.67e-04,117579,2026-09-14 00:58:46,1789318726.924
41240,0.461,1351352320,3.1641,,3.67e-04,117572,2026-09-14 00:58:53,1789318734.002
41260,0.461,1352007680,3.1641,,3.66e-04,117535,2026-09-14 00:59:01,1789318741.079
41280,0.461,1352663040,3.1644,,3.66e-04,117539,2026-09-14 00:59:08,1789318748.155
41300,0.462,1353318400,3.1643,,3.66e-04,117574,2026-09-14 00:59:15,1789318755.233
41320,0.462,1353973760,3.1632,,3.66e-04,117571,2026-09-14 00:59:22,1789318762.312
41340,0.462,1354629120,3.1629,,3.66e-04,117615,2026-09-14 00:59:29,1789318769.391
41360,0.462,1355284480,3.1625,,3.65e-04,117604,2026-09-14 00:59:36,1789318776.468
41380,0.463,1355939840,3.1637,,3.65e-04,117528,2026-09-14 00:59:43,1789318783.547
41400,0.463,1356595200,3.1640,,3.65e-04,117519,2026-09-14 00:59:50,1789318790.626
41420,0.463,1357250560,3.1637,,3.65e-04,117501,2026-09-14 00:59:57,1789318797.703
41440,0.463,1357905920,3.1645,,3.65e-04,117511,2026-09-14 01:00:04,1789318804.783
41460,0.463,1358561280,3.1641,,3.64e-04,117520,2026-09-14 01:00:11,1789318811.861
41480,0.464,1359216640,3.1637,,3.64e-04,117498,2026-09-14 01:00:18,1789318818.942
41500,0.464,1359872000,3.1639,,3.64e-04,117476,2026-09-14 01:00:26,1789318826.024
41520,0.464,1360527360,3.1631,,3.64e-04,117482,2026-09-14 01:00:33,1789318833.106
41540,0.464,1361182720,3.1631,,3.64e-04,117505,2026-09-14 01:00:40,1789318840.187
41560,0.465,1361838080,3.1626,,3.63e-04,117498,2026-09-14 01:00:47,1789318847.268
41580,0.465,1362493440,3.1626,,3.63e-04,117495,2026-09-14 01:00:54,1789318854.351
41600,0.465,1363148800,3.1631,,3.63e-04,117494,2026-09-14 01:01:01,1789318861.434
41620,0.465,1363804160,3.1627,,3.63e-04,117435,2026-09-14 01:01:08,1789318868.520
41640,0.465,1364459520,3.1629,,3.63e-04,117450,2026-09-14 01:01:15,1789318875.603
41660,0.466,1365114880,3.1626,,3.62e-04,117463,2026-09-14 01:01:22,1789318882.685
41680,0.466,1365770240,3.1625,,3.62e-04,117450,2026-09-14 01:01:29,1789318889.767
41700,0.466,1366425600,3.1622,,3.62e-04,117466,2026-09-14 01:01:36,1789318896.849
41720,0.466,1367080960,3.1629,,3.62e-04,117475,2026-09-14 01:01:43,1789318903.929
41740,0.467,1367736320,3.1625,,3.62e-04,117518,2026-09-14 01:01:51,1789318911.010
41760,0.467,1368391680,3.1630,,3.61e-04,117480,2026-09-14 01:01:58,1789318918.093
41780,0.467,1369047040,3.1622,,3.61e-04,117491,2026-09-14 01:02:05,1789318925.177
41800,0.467,1369702400,3.1619,,3.61e-04,117501,2026-09-14 01:02:12,1789318932.261
41820,0.467,1370357760,3.1620,,3.61e-04,117449,2026-09-14 01:02:19,1789318939.343
41840,0.468,1371013120,3.1620,,3.61e-04,117436,2026-09-14 01:02:26,1789318946.428
41860,0.468,1371668480,3.1611,,3.60e-04,117487,2026-09-14 01:02:33,1789318953.510
41880,0.468,1372323840,3.1611,,3.60e-04,117477,2026-09-14 01:02:40,1789318960.592
41900,0.468,1372979200,3.1613,,3.60e-04,117489,2026-09-14 01:02:47,1789318967.674
41920,0.469,1373634560,3.1617,,3.60e-04,117468,2026-09-14 01:02:54,1789318974.756
41940,0.469,1374289920,3.1614,,3.60e-04,117459,2026-09-14 01:03:01,1789318981.841
41960,0.469,1374945280,3.1610,,3.59e-04,117452,2026-09-14 01:03:08,1789318988.926
41980,0.469,1375600640,3.1607,,3.59e-04,117468,2026-09-14 01:03:16,1789318996.010
42000,0.469,1376256000,3.1620,,3.59e-04,117466,2026-09-14 01:03:23,1789319003.093
42020,0.470,1376911360,3.1617,,3.59e-04,117445,2026-09-14 01:03:30,1789319010.175
42040,0.470,1377566720,3.1609,,3.59e-04,117451,2026-09-14 01:03:37,1789319017.257
42060,0.470,1378222080,3.1606,,3.58e-04,117452,2026-09-14 01:03:44,1789319024.338
42080,0.470,1378877440,3.1603,,3.58e-04,117431,2026-09-14 01:03:51,1789319031.421
42100,0.471,1379532800,3.1607,,3.58e-04,117447,2026-09-14 01:03:58,1789319038.502
42120,0.471,1380188160,3.1608,,3.58e-04,117485,2026-09-14 01:04:05,1789319045.583
42140,0.471,1380843520,3.1608,,3.58e-04,117445,2026-09-14 01:04:12,1789319052.663
42160,0.471,1381498880,3.1602,,3.57e-04,117453,2026-09-14 01:04:19,1789319059.744
42180,0.471,1382154240,3.1606,,3.57e-04,117536,2026-09-14 01:04:26,1789319066.824
42200,0.472,1382809600,3.1606,,3.57e-04,117523,2026-09-14 01:04:33,1789319073.902
42220,0.472,1383464960,3.1604,,3.57e-04,117486,2026-09-14 01:04:40,1789319080.983
42240,0.472,1384120320,3.1604,,3.57e-04,117501,2026-09-14 01:04:48,1789319088.067
42260,0.472,1384775680,3.1601,,3.56e-04,117575,2026-09-14 01:04:55,1789319095.148
42280,0.473,1385431040,3.1595,,3.56e-04,117555,2026-09-14 01:05:02,1789319102.229
42300,0.473,1386086400,3.1595,,3.56e-04,117488,2026-09-14 01:05:09,1789319109.309
42320,0.473,1386741760,3.1600,,3.56e-04,117493,2026-09-14 01:05:16,1789319116.388
42340,0.473,1387397120,3.1602,,3.56e-04,117476,2026-09-14 01:05:23,1789319123.469
42360,0.473,1388052480,3.1601,,3.55e-04,117492,2026-09-14 01:05:30,1789319130.549
42380,0.474,1388707840,3.1592,,3.55e-04,117476,2026-09-14 01:05:37,1789319137.763
42400,0.474,1389363200,3.1591,,3.55e-04,117454,2026-09-14 01:05:44,1789319144.844
42420,0.474,1390018560,3.1589,,3.55e-04,117477,2026-09-14 01:05:51,1789319151.925
42440,0.474,1390673920,3.1590,,3.55e-04,117492,2026-09-14 01:05:59,1789319159.006
42460,0.475,1391329280,3.1587,,3.54e-04,117492,2026-09-14 01:06:06,1789319166.088
42480,0.475,1391984640,3.1586,,3.54e-04,117482,2026-09-14 01:06:13,1789319173.170
42500,0.475,1392640000,3.1588,,3.54e-04,117646,2026-09-14 01:06:20,1789319180.593
42520,0.475,1393295360,3.1585,,3.54e-04,117576,2026-09-14 01:06:27,1789319187.674
42540,0.476,1393950720,3.1584,,3.54e-04,117480,2026-09-14 01:06:34,1789319194.753
42560,0.476,1394606080,3.1583,,3.53e-04,117475,2026-09-14 01:06:41,1789319201.833
42580,0.476,1395261440,3.1587,,3.53e-04,117497,2026-09-14 01:06:48,1789319208.912
42600,0.476,1395916800,3.1583,,3.53e-04,117510,2026-09-14 01:06:55,1789319215.991
42620,0.476,1396572160,3.1577,,3.53e-04,117502,2026-09-14 01:07:03,1789319223.070
42640,0.477,1397227520,3.1573,,3.53e-04,117494,2026-09-14 01:07:10,1789319230.152
42660,0.477,1397882880,3.1569,,3.52e-04,117591,2026-09-14 01:07:17,1789319237.234
42680,0.477,1398538240,3.1579,,3.52e-04,117532,2026-09-14 01:07:24,1789319244.318
42700,0.477,1399193600,3.1579,,3.52e-04,117496,2026-09-14 01:07:31,1789319251.399
42720,0.478,1399848960,3.1571,,3.52e-04,117501,2026-09-14 01:07:38,1789319258.481
42740,0.478,1400504320,3.1568,,3.52e-04,117500,2026-09-14 01:07:45,1789319265.559
42760,0.478,1401159680,3.1567,,3.51e-04,117484,2026-09-14 01:07:52,1789319272.639
42780,0.478,1401815040,3.1565,,3.51e-04,117452,2026-09-14 01:07:59,1789319279.722
42800,0.478,1402470400,3.1560,,3.51e-04,117484,2026-09-14 01:08:06,1789319286.807
42820,0.479,1403125760,3.1553,,3.51e-04,117436,2026-09-14 01:08:13,1789319293.891
42840,0.479,1403781120,3.1556,,3.51e-04,117445,2026-09-14 01:08:20,1789319300.972
42860,0.479,1404436480,3.1553,,3.50e-04,117447,2026-09-14 01:08:28,1789319308.056
42880,0.479,1405091840,3.1554,,3.50e-04,117454,2026-09-14 01:08:35,1789319315.139
42900,0.480,1405747200,3.1551,,3.50e-04,117499,2026-09-14 01:08:42,1789319322.223
42920,0.480,1406402560,3.1549,,3.50e-04,117474,2026-09-14 01:08:49,1789319329.305
42940,0.480,1407057920,3.1550,,3.50e-04,117436,2026-09-14 01:08:56,1789319336.388
42960,0.480,1407713280,3.1548,,3.49e-04,117437,2026-09-14 01:09:03,1789319343.472
42980,0.480,1408368640,3.1542,,3.49e-04,117514,2026-09-14 01:09:10,1789319350.558
43000,0.481,1409024000,3.1541,,3.49e-04,117514,2026-09-14 01:09:17,1789319357.643
43020,0.481,1409679360,3.1530,,3.49e-04,117425,2026-09-14 01:09:24,1789319364.727
43040,0.481,1410334720,3.1533,,3.49e-04,117444,2026-09-14 01:09:31,1789319371.813
43060,0.481,1410990080,3.1528,,3.48e-04,117426,2026-09-14 01:09:38,1789319378.897
43080,0.482,1411645440,3.1522,,3.48e-04,117422,2026-09-14 01:09:45,1789319385.981
43100,0.482,1412300800,3.1524,,3.48e-04,117427,2026-09-14 01:09:53,1789319393.064
43120,0.482,1412956160,3.1524,,3.48e-04,117454,2026-09-14 01:10:00,1789319400.145
43140,0.482,1413611520,3.1527,,3.48e-04,117444,2026-09-14 01:10:07,1789319407.228
43160,0.482,1414266880,3.1522,,3.47e-04,117454,2026-09-14 01:10:14,1789319414.314
43180,0.483,1414922240,3.1518,,3.47e-04,117459,2026-09-14 01:10:21,1789319421.396
43200,0.483,1415577600,3.1520,,3.47e-04,117490,2026-09-14 01:10:28,1789319428.481
43220,0.483,1416232960,3.1513,,3.47e-04,117442,2026-09-14 01:10:35,1789319435.566
43240,0.483,1416888320,3.1511,,3.47e-04,117435,2026-09-14 01:10:42,1789319442.649
43260,0.484,1417543680,3.1508,,3.46e-04,117477,2026-09-14 01:10:49,1789319449.732
43280,0.484,1418199040,3.1509,,3.46e-04,117507,2026-09-14 01:10:56,1789319456.816
43300,0.484,1418854400,3.1506,,3.46e-04,117525,2026-09-14 01:11:03,1789319463.900
43320,0.484,1419509760,3.1501,,3.46e-04,117497,2026-09-14 01:11:10,1789319470.983
43340,0.484,1420165120,3.1503,,3.46e-04,117454,2026-09-14 01:11:18,1789319478.066
43360,0.485,1420820480,3.1505,,3.45e-04,117456,2026-09-14 01:11:25,1789319485.147
43380,0.485,1421475840,3.1503,,3.45e-04,117492,2026-09-14 01:11:32,1789319492.230
43400,0.485,1422131200,3.1501,,3.45e-04,117468,2026-09-14 01:11:39,1789319499.314
43420,0.485,1422786560,3.1500,,3.45e-04,117478,2026-09-14 01:11:46,1789319506.395
43440,0.486,1423441920,3.1501,,3.45e-04,117499,2026-09-14 01:11:53,1789319513.478
43460,0.486,1424097280,3.1496,,3.44e-04,117468,2026-09-14 01:12:00,1789319520.562
43480,0.486,1424752640,3.1492,,3.44e-04,117475,2026-09-14 01:12:07,1789319527.644
43500,0.486,1425408000,3.1497,,3.44e-04,117477,2026-09-14 01:12:14,1789319534.726
43520,0.486,1426063360,3.1497,,3.44e-04,117456,2026-09-14 01:12:21,1789319541.808
43540,0.487,1426718720,3.1497,,3.44e-04,117480,2026-09-14 01:12:28,1789319548.891
43560,0.487,1427374080,3.1491,,3.43e-04,117482,2026-09-14 01:12:35,1789319555.972
43580,0.487,1428029440,3.1492,,3.43e-04,117445,2026-09-14 01:12:43,1789319563.055
43600,0.487,1428684800,3.1493,,3.43e-04,117463,2026-09-14 01:12:50,1789319570.137
43620,0.488,1429340160,3.1496,,3.43e-04,117439,2026-09-14 01:12:57,1789319577.220
43640,0.488,1429995520,3.1491,,3.43e-04,117442,2026-09-14 01:13:04,1789319584.304
43660,0.488,1430650880,3.1496,,3.42e-04,117465,2026-09-14 01:13:11,1789319591.386
43680,0.488,1431306240,3.1502,,3.42e-04,117476,2026-09-14 01:13:18,1789319598.469
43700,0.488,1431961600,3.1505,,3.42e-04,117415,2026-09-14 01:13:25,1789319605.553
43720,0.489,1432616960,3.1508,,3.42e-04,117443,2026-09-14 01:13:32,1789319612.636
43740,0.489,1433272320,3.1505,,3.41e-04,117465,2026-09-14 01:13:39,1789319619.719
43760,0.489,1433927680,3.1504,,3.41e-04,117463,2026-09-14 01:13:46,1789319626.801
43780,0.489,1434583040,3.1516,,3.41e-04,117492,2026-09-14 01:13:53,1789319633.883
43800,0.490,1435238400,3.1513,,3.41e-04,117493,2026-09-14 01:14:00,1789319640.963
43820,0.490,1435893760,3.1519,,3.41e-04,117511,2026-09-14 01:14:08,1789319648.043
43840,0.490,1436549120,3.1520,,3.40e-04,117517,2026-09-14 01:14:15,1789319655.123
43860,0.490,1437204480,3.1518,,3.40e-04,117476,2026-09-14 01:14:22,1789319662.205
43880,0.490,1437859840,3.1512,,3.40e-04,117473,2026-09-14 01:14:29,1789319669.417
43900,0.491,1438515200,3.1512,,3.40e-04,117533,2026-09-14 01:14:36,1789319676.497
43920,0.491,1439170560,3.1510,,3.40e-04,117497,2026-09-14 01:14:43,1789319683.579
43940,0.491,1439825920,3.1510,,3.39e-04,117438,2026-09-14 01:14:50,1789319690.663
43960,0.491,1440481280,3.1511,,3.39e-04,117449,2026-09-14 01:14:57,1789319697.746
43980,0.492,1441136640,3.1519,,3.39e-04,117459,2026-09-14 01:15:04,1789319704.829
44000,0.492,1441792000,3.1512,,3.39e-04,117418,2026-09-14 01:15:11,1789319711.914
44020,0.492,1442447360,3.1511,,3.39e-04,117416,2026-09-14 01:15:18,1789319718.996
44040,0.492,1443102720,3.1505,,3.38e-04,117425,2026-09-14 01:15:26,1789319726.079
44060,0.492,1443758080,3.1506,,3.38e-04,117420,2026-09-14 01:15:33,1789319733.162
44080,0.493,1444413440,3.1497,,3.38e-04,117416,2026-09-14 01:15:40,1789319740.247
44100,0.493,1445068800,3.1499,,3.38e-04,117422,2026-09-14 01:15:47,1789319747.331
44120,0.493,1445724160,3.1497,,3.38e-04,117459,2026-09-14 01:15:54,1789319754.415
44140,0.493,1446379520,3.1495,,3.37e-04,117472,2026-09-14 01:16:01,1789319761.497
44160,0.494,1447034880,3.1492,,3.37e-04,117467,2026-09-14 01:16:08,1789319768.578
44180,0.494,1447690240,3.1493,,3.37e-04,117500,2026-09-14 01:16:15,1789319775.660
44200,0.494,1448345600,3.1490,,3.37e-04,117460,2026-09-14 01:16:22,1789319782.743
44220,0.494,1449000960,3.1489,,3.37e-04,117398,2026-09-14 01:16:29,1789319789.827
44240,0.495,1449656320,3.1489,,3.36e-04,117426,2026-09-14 01:16:36,1789319796.910
44260,0.495,1450311680,3.1487,,3.36e-04,117424,2026-09-14 01:16:43,1789319803.993
44280,0.495,1450967040,3.1484,,3.36e-04,117483,2026-09-14 01:16:51,1789319811.077
44300,0.495,1451622400,3.1479,,3.36e-04,117460,2026-09-14 01:16:58,1789319818.160
44320,0.495,1452277760,3.1479,,3.36e-04,117440,2026-09-14 01:17:05,1789319825.244
44340,0.496,1452933120,3.1487,,3.35e-04,117507,2026-09-14 01:17:12,1789319832.328
44360,0.496,1453588480,3.1488,,3.35e-04,117501,2026-09-14 01:17:19,1789319839.412
44380,0.496,1454243840,3.1486,,3.35e-04,117430,2026-09-14 01:17:26,1789319846.497
44400,0.496,1454899200,3.1483,,3.35e-04,117421,2026-09-14 01:17:33,1789319853.582
44420,0.497,1455554560,3.1478,,3.35e-04,117370,2026-09-14 01:17:40,1789319860.668
44440,0.497,1456209920,3.1472,,3.34e-04,117379,2026-09-14 01:17:47,1789319867.753
44460,0.497,1456865280,3.1472,,3.34e-04,117415,2026-09-14 01:17:54,1789319874.837
44480,0.497,1457520640,3.1464,,3.34e-04,117435,2026-09-14 01:18:01,1789319881.923
44500,0.497,1458176000,3.1470,,3.34e-04,117574,2026-09-14 01:18:09,1789319889.350
44520,0.498,1458831360,3.1473,,3.34e-04,117500,2026-09-14 01:18:16,1789319896.434
44540,0.498,1459486720,3.1476,,3.33e-04,117412,2026-09-14 01:18:23,1789319903.519
44560,0.498,1460142080,3.1476,,3.33e-04,117435,2026-09-14 01:18:30,1789319910.606
44580,0.498,1460797440,3.1476,,3.33e-04,117396,2026-09-14 01:18:37,1789319917.690
44600,0.499,1461452800,3.1475,,3.33e-04,117432,2026-09-14 01:18:44,1789319924.776
44620,0.499,1462108160,3.1475,,3.33e-04,117489,2026-09-14 01:18:51,1789319931.861
44640,0.499,1462763520,3.1474,,3.32e-04,117494,2026-09-14 01:18:58,1789319938.947
44660,0.499,1463418880,3.1472,,3.32e-04,117416,2026-09-14 01:19:06,1789319946.031
44680,0.499,1464074240,3.1473,,3.32e-04,117458,2026-09-14 01:19:13,1789319953.114
44700,0.500,1464729600,3.1470,,3.32e-04,117411,2026-09-14 01:19:20,1789319960.197
44720,0.500,1465384960,3.1474,,3.32e-04,117413,2026-09-14 01:19:27,1789319967.280
44740,0.500,1466040320,3.1476,,3.31e-04,117544,2026-09-14 01:19:34,1789319974.366
44760,0.500,1466695680,3.1474,,3.31e-04,117493,2026-09-14 01:19:41,1789319981.450
44780,0.501,1467351040,3.1476,,3.31e-04,117456,2026-09-14 01:19:48,1789319988.534
44800,0.501,1468006400,3.1465,,3.31e-04,117449,2026-09-14 01:19:55,1789319995.616
44820,0.501,1468661760,3.1465,,3.31e-04,117441,2026-09-14 01:20:02,1789320002.699
44840,0.501,1469317120,3.1469,,3.30e-04,117457,2026-09-14 01:20:09,1789320009.783
44860,0.501,1469972480,3.1469,,3.30e-04,117417,2026-09-14 01:20:16,1789320016.868
44880,0.502,1470627840,3.1468,,3.30e-04,117422,2026-09-14 01:20:23,1789320023.951
44900,0.502,1471283200,3.1467,,3.30e-04,117576,2026-09-14 01:20:31,1789320031.377
44920,0.502,1471938560,3.1467,,3.30e-04,117531,2026-09-14 01:20:38,1789320038.457
44940,0.502,1472593920,3.1469,,3.29e-04,117490,2026-09-14 01:20:45,1789320045.536
44960,0.503,1473249280,3.1467,,3.29e-04,117496,2026-09-14 01:20:52,1789320052.615
44980,0.503,1473904640,3.1464,,3.29e-04,117519,2026-09-14 01:20:59,1789320059.694
45000,0.503,1474560000,3.1460,,3.29e-04,117509,2026-09-14 01:21:06,1789320066.773
45000,0.503,1474560000,3.1460,3.1121,3.29e-04,,2026-09-14 01:21:20,1789320080.137
45020,0.503,1475215360,3.1462,,3.29e-04,117525,2026-09-14 01:21:27,1789320087.213
45040,0.503,1475870720,3.1460,,3.28e-04,117578,2026-09-14 01:21:34,1789320094.287
45060,0.504,1476526080,3.1458,,3.28e-04,117590,2026-09-14 01:21:41,1789320101.361
45080,0.504,1477181440,3.1461,,3.28e-04,117587,2026-09-14 01:21:48,1789320108.438
45100,0.504,1477836800,3.1458,,3.28e-04,117570,2026-09-14 01:21:55,1789320115.516
45120,0.504,1478492160,3.1458,,3.28e-04,117538,2026-09-14 01:22:02,1789320122.596
45140,0.505,1479147520,3.1454,,3.27e-04,117512,2026-09-14 01:22:09,1789320129.675
45160,0.505,1479802880,3.1455,,3.27e-04,117502,2026-09-14 01:22:16,1789320136.756
45180,0.505,1480458240,3.1453,,3.27e-04,117502,2026-09-14 01:22:23,1789320143.834
45200,0.505,1481113600,3.1453,,3.27e-04,117521,2026-09-14 01:22:30,1789320150.913
45220,0.505,1481768960,3.1456,,3.26e-04,117504,2026-09-14 01:22:37,1789320157.991
45240,0.506,1482424320,3.1460,,3.26e-04,117543,2026-09-14 01:22:45,1789320165.072
45260,0.506,1483079680,3.1456,,3.26e-04,117577,2026-09-14 01:22:52,1789320172.151
45280,0.506,1483735040,3.1458,,3.26e-04,117552,2026-09-14 01:22:59,1789320179.232
45300,0.506,1484390400,3.1453,,3.26e-04,117479,2026-09-14 01:23:06,1789320186.449
45320,0.507,1485045760,3.1452,,3.25e-04,117493,2026-09-14 01:23:13,1789320193.529
45340,0.507,1485701120,3.1454,,3.25e-04,117472,2026-09-14 01:23:20,1789320200.610
45360,0.507,1486356480,3.1454,,3.25e-04,117515,2026-09-14 01:23:27,1789320207.691
45380,0.507,1487011840,3.1452,,3.25e-04,117524,2026-09-14 01:23:34,1789320214.770
45400,0.507,1487667200,3.1450,,3.25e-04,117505,2026-09-14 01:23:41,1789320221.854
45420,0.508,1488322560,3.1452,,3.24e-04,117464,2026-09-14 01:23:48,1789320228.935
45440,0.508,1488977920,3.1451,,3.24e-04,117468,2026-09-14 01:23:56,1789320236.016
45460,0.508,1489633280,3.1448,,3.24e-04,117534,2026-09-14 01:24:03,1789320243.097
45480,0.508,1490288640,3.1453,,3.24e-04,117517,2026-09-14 01:24:10,1789320250.176
45500,0.509,1490944000,3.1455,,3.24e-04,117495,2026-09-14 01:24:17,1789320257.255
45520,0.509,1491599360,3.1453,,3.23e-04,117519,2026-09-14 01:24:24,1789320264.334
45540,0.509,1492254720,3.1456,,3.23e-04,117499,2026-09-14 01:24:31,1789320271.413
45560,0.509,1492910080,3.1462,,3.23e-04,117498,2026-09-14 01:24:38,1789320278.492
45580,0.509,1493565440,3.1458,,3.23e-04,117522,2026-09-14 01:24:45,1789320285.573
45600,0.510,1494220800,3.1460,,3.23e-04,117537,2026-09-14 01:24:52,1789320292.653
45620,0.510,1494876160,3.1459,,3.22e-04,117505,2026-09-14 01:24:59,1789320299.731
45640,0.510,1495531520,3.1453,,3.22e-04,117526,2026-09-14 01:25:06,1789320306.807
45660,0.510,1496186880,3.1449,,3.22e-04,117495,2026-09-14 01:25:13,1789320313.885
45680,0.511,1496842240,3.1445,,3.22e-04,117492,2026-09-14 01:25:20,1789320320.963
45700,0.511,1497497600,3.1443,,3.22e-04,117512,2026-09-14 01:25:28,1789320328.041
45720,0.511,1498152960,3.1438,,3.21e-04,117519,2026-09-14 01:25:35,1789320335.119
45740,0.511,1498808320,3.1429,,3.21e-04,117537,2026-09-14 01:25:42,1789320342.198
45760,0.512,1499463680,3.1433,,3.21e-04,117532,2026-09-14 01:25:49,1789320349.276
45780,0.512,1500119040,3.1435,,3.21e-04,117551,2026-09-14 01:25:56,1789320356.353
45800,0.512,1500774400,3.1438,,3.21e-04,117550,2026-09-14 01:26:03,1789320363.430
45820,0.512,1501429760,3.1433,,3.20e-04,117574,2026-09-14 01:26:10,1789320370.507
45840,0.512,1502085120,3.1430,,3.20e-04,117590,2026-09-14 01:26:17,1789320377.585
45860,0.513,1502740480,3.1427,,3.20e-04,117523,2026-09-14 01:26:24,1789320384.664
45880,0.513,1503395840,3.1426,,3.20e-04,117516,2026-09-14 01:26:31,1789320391.744
45900,0.513,1504051200,3.1421,,3.20e-04,117562,2026-09-14 01:26:38,1789320398.821
45920,0.513,1504706560,3.1420,,3.19e-04,117552,2026-09-14 01:26:45,1789320405.897
45940,0.514,1505361920,3.1423,,3.19e-04,117565,2026-09-14 01:26:52,1789320412.974
45960,0.514,1506017280,3.1422,,3.19e-04,117618,2026-09-14 01:27:00,1789320420.053
45980,0.514,1506672640,3.1423,,3.19e-04,117576,2026-09-14 01:27:07,1789320427.129
46000,0.514,1507328000,3.1423,,3.19e-04,117598,2026-09-14 01:27:14,1789320434.205
46020,0.514,1507983360,3.1421,,3.18e-04,117583,2026-09-14 01:27:21,1789320441.284
46040,0.515,1508638720,3.1415,,3.18e-04,117574,2026-09-14 01:27:28,1789320448.361
46060,0.515,1509294080,3.1416,,3.18e-04,117579,2026-09-14 01:27:35,1789320455.440
46080,0.515,1509949440,3.1417,,3.18e-04,117574,2026-09-14 01:27:42,1789320462.519
46100,0.515,1510604800,3.1408,,3.18e-04,117585,2026-09-14 01:27:49,1789320469.596
46120,0.516,1511260160,3.1407,,3.17e-04,117568,2026-09-14 01:27:56,1789320476.675
46140,0.516,1511915520,3.1394,,3.17e-04,117534,2026-09-14 01:28:03,1789320483.755
46160,0.516,1512570880,3.1394,,3.17e-04,117538,2026-09-14 01:28:10,1789320490.833
46180,0.516,1513226240,3.1389,,3.17e-04,117566,2026-09-14 01:28:17,1789320497.909
46200,0.516,1513881600,3.1386,,3.17e-04,117566,2026-09-14 01:28:24,1789320504.985
46220,0.517,1514536960,3.1393,,3.16e-04,117549,2026-09-14 01:28:32,1789320512.062
46240,0.517,1515192320,3.1392,,3.16e-04,117529,2026-09-14 01:28:39,1789320519.141
46260,0.517,1515847680,3.1392,,3.16e-04,117547,2026-09-14 01:28:46,1789320526.222
46280,0.517,1516503040,3.1393,,3.16e-04,117539,2026-09-14 01:28:53,1789320533.301
46300,0.518,1517158400,3.1390,,3.16e-04,117526,2026-09-14 01:29:00,1789320540.379
46320,0.518,1517813760,3.1390,,3.15e-04,117527,2026-09-14 01:29:07,1789320547.458
46340,0.518,1518469120,3.1380,,3.15e-04,117519,2026-09-14 01:29:14,1789320554.536
46360,0.518,1519124480,3.1381,,3.15e-04,117527,2026-09-14 01:29:21,1789320561.614
46380,0.518,1519779840,3.1369,,3.15e-04,117562,2026-09-14 01:29:28,1789320568.692
46400,0.519,1520435200,3.1366,,3.14e-04,117565,2026-09-14 01:29:35,1789320575.769
46420,0.519,1521090560,3.1368,,3.14e-04,117547,2026-09-14 01:29:42,1789320582.846
46440,0.519,1521745920,3.1377,,3.14e-04,117541,2026-09-14 01:29:49,1789320589.924
46460,0.519,1522401280,3.1370,,3.14e-04,117537,2026-09-14 01:29:56,1789320597.002
46480,0.520,1523056640,3.1371,,3.14e-04,117549,2026-09-14 01:30:04,1789320604.080
46500,0.520,1523712000,3.1370,,3.13e-04,117548,2026-09-14 01:30:11,1789320611.155
46520,0.520,1524367360,3.1374,,3.13e-04,117546,2026-09-14 01:30:18,1789320618.232
46540,0.520,1525022720,3.1375,,3.13e-04,117570,2026-09-14 01:30:25,1789320625.309
46560,0.520,1525678080,3.1368,,3.13e-04,117600,2026-09-14 01:30:32,1789320632.386
46580,0.521,1526333440,3.1370,,3.13e-04,117522,2026-09-14 01:30:39,1789320639.463
46600,0.521,1526988800,3.1364,,3.12e-04,117526,2026-09-14 01:30:46,1789320646.542
46620,0.521,1527644160,3.1358,,3.12e-04,117577,2026-09-14 01:30:53,1789320653.618
46640,0.521,1528299520,3.1363,,3.12e-04,117579,2026-09-14 01:31:00,1789320660.695
46660,0.522,1528954880,3.1356,,3.12e-04,117517,2026-09-14 01:31:07,1789320667.773
46680,0.522,1529610240,3.1360,,3.12e-04,117525,2026-09-14 01:31:14,1789320674.851
46700,0.522,1530265600,3.1359,,3.11e-04,117509,2026-09-14 01:31:21,1789320681.929
46720,0.522,1530920960,3.1362,,3.11e-04,117537,2026-09-14 01:31:29,1789320689.010
46740,0.522,1531576320,3.1366,,3.11e-04,117529,2026-09-14 01:31:36,1789320696.089
46760,0.523,1532231680,3.1360,,3.11e-04,117556,2026-09-14 01:31:43,1789320703.167
46780,0.523,1532887040,3.1355,,3.11e-04,117541,2026-09-14 01:31:50,1789320710.244
46800,0.523,1533542400,3.1354,,3.10e-04,117530,2026-09-14 01:31:57,1789320717.321
46820,0.523,1534197760,3.1352,,3.10e-04,117559,2026-09-14 01:32:04,1789320724.529
46840,0.524,1534853120,3.1349,,3.10e-04,117525,2026-09-14 01:32:11,1789320731.606
46860,0.524,1535508480,3.1349,,3.10e-04,117573,2026-09-14 01:32:18,1789320738.680
46880,0.524,1536163840,3.1348,,3.10e-04,117538,2026-09-14 01:32:25,1789320745.757
46900,0.524,1536819200,3.1350,,3.09e-04,117527,2026-09-14 01:32:32,1789320752.834
46920,0.524,1537474560,3.1350,,3.09e-04,117520,2026-09-14 01:32:39,1789320759.913
46940,0.525,1538129920,3.1355,,3.09e-04,117510,2026-09-14 01:32:46,1789320766.991
46960,0.525,1538785280,3.1354,,3.09e-04,117535,2026-09-14 01:32:54,1789320774.067
46980,0.525,1539440640,3.1358,,3.09e-04,117547,2026-09-14 01:33:01,1789320781.143
47000,0.525,1540096000,3.1362,,3.08e-04,117552,2026-09-14 01:33:08,1789320788.218
47020,0.526,1540751360,3.1364,,3.08e-04,117527,2026-09-14 01:33:15,1789320795.295
47040,0.526,1541406720,3.1362,,3.08e-04,117542,2026-09-14 01:33:22,1789320802.372
47060,0.526,1542062080,3.1358,,3.08e-04,117539,2026-09-14 01:33:29,1789320809.449
47080,0.526,1542717440,3.1357,,3.08e-04,117541,2026-09-14 01:33:36,1789320816.526
47100,0.526,1543372800,3.1359,,3.07e-04,117579,2026-09-14 01:33:43,1789320823.606
47120,0.527,1544028160,3.1354,,3.07e-04,117568,2026-09-14 01:33:50,1789320830.683
47140,0.527,1544683520,3.1354,,3.07e-04,117572,2026-09-14 01:33:57,1789320837.759
47160,0.527,1545338880,3.1353,,3.07e-04,117585,2026-09-14 01:34:04,1789320844.837
47180,0.527,1545994240,3.1352,,3.07e-04,117529,2026-09-14 01:34:11,1789320851.916
47200,0.528,1546649600,3.1352,,3.06e-04,117533,2026-09-14 01:34:18,1789320858.993
47220,0.528,1547304960,3.1352,,3.06e-04,117527,2026-09-14 01:34:26,1789320866.071
47240,0.528,1547960320,3.1356,,3.06e-04,117527,2026-09-14 01:34:33,1789320873.148
47260,0.528,1548615680,3.1356,,3.06e-04,117577,2026-09-14 01:34:40,1789320880.225
47280,0.528,1549271040,3.1348,,3.06e-04,117554,2026-09-14 01:34:47,1789320887.304
47300,0.529,1549926400,3.1346,,3.05e-04,117522,2026-09-14 01:34:54,1789320894.383
47320,0.529,1550581760,3.1344,,3.05e-04,117531,2026-09-14 01:35:01,1789320901.461
47340,0.529,1551237120,3.1346,,3.05e-04,117577,2026-09-14 01:35:08,1789320908.539
47360,0.529,1551892480,3.1350,,3.05e-04,117572,2026-09-14 01:35:15,1789320915.617
47380,0.530,1552547840,3.1346,,3.05e-04,117598,2026-09-14 01:35:22,1789320922.694
47400,0.530,1553203200,3.1344,,3.04e-04,117579,2026-09-14 01:35:29,1789320929.771
47420,0.530,1553858560,3.1349,,3.04e-04,117550,2026-09-14 01:35:36,1789320936.849
47440,0.530,1554513920,3.1351,,3.04e-04,117571,2026-09-14 01:35:43,1789320943.927
47460,0.531,1555169280,3.1356,,3.04e-04,117546,2026-09-14 01:35:50,1789320951.005
47480,0.531,1555824640,3.1358,,3.04e-04,117551,2026-09-14 01:35:58,1789320958.083
47500,0.531,1556480000,3.1353,,3.03e-04,117567,2026-09-14 01:36:05,1789320965.161
47520,0.531,1557135360,3.1344,,3.03e-04,117588,2026-09-14 01:36:12,1789320972.239
47540,0.531,1557790720,3.1334,,3.03e-04,117574,2026-09-14 01:36:19,1789320979.317
47560,0.532,1558446080,3.1333,,3.03e-04,117612,2026-09-14 01:36:26,1789320986.395
47580,0.532,1559101440,3.1336,,3.03e-04,117786,2026-09-14 01:36:33,1789320993.814
47600,0.532,1559756800,3.1334,,3.02e-04,117724,2026-09-14 01:36:40,1789321000.888
47620,0.532,1560412160,3.1333,,3.02e-04,117605,2026-09-14 01:36:47,1789321007.963
47640,0.533,1561067520,3.1329,,3.02e-04,117615,2026-09-14 01:36:55,1789321015.037
47660,0.533,1561722880,3.1334,,3.02e-04,117622,2026-09-14 01:37:02,1789321022.112
47680,0.533,1562378240,3.1330,,3.02e-04,117646,2026-09-14 01:37:09,1789321029.187
47700,0.533,1563033600,3.1340,,3.01e-04,117616,2026-09-14 01:37:16,1789321036.265
47720,0.533,1563688960,3.1339,,3.01e-04,117602,2026-09-14 01:37:23,1789321043.341
47740,0.534,1564344320,3.1339,,3.01e-04,117619,2026-09-14 01:37:30,1789321050.418
47760,0.534,1564999680,3.1337,,3.01e-04,117606,2026-09-14 01:37:37,1789321057.493
47780,0.534,1565655040,3.1335,,3.00e-04,117560,2026-09-14 01:37:44,1789321064.571
47800,0.534,1566310400,3.1332,,3.00e-04,117558,2026-09-14 01:37:51,1789321071.648
47820,0.535,1566965760,3.1330,,3.00e-04,117590,2026-09-14 01:37:58,1789321078.725
47840,0.535,1567621120,3.1324,,3.00e-04,117570,2026-09-14 01:38:05,1789321085.801
47860,0.535,1568276480,3.1319,,3.00e-04,117610,2026-09-14 01:38:12,1789321092.878
47880,0.535,1568931840,3.1326,,2.99e-04,117621,2026-09-14 01:38:19,1789321099.957
47900,0.535,1569587200,3.1322,,2.99e-04,117580,2026-09-14 01:38:27,1789321107.032
47920,0.536,1570242560,3.1325,,2.99e-04,117590,2026-09-14 01:38:34,1789321114.107
47940,0.536,1570897920,3.1328,,2.99e-04,117608,2026-09-14 01:38:41,1789321121.181
47960,0.536,1571553280,3.1330,,2.99e-04,117600,2026-09-14 01:38:48,1789321128.258
47980,0.536,1572208640,3.1329,,2.98e-04,117609,2026-09-14 01:38:55,1789321135.333
48000,0.537,1572864000,3.1329,,2.98e-04,117600,2026-09-14 01:39:02,1789321142.407
48020,0.537,1573519360,3.1322,,2.98e-04,117547,2026-09-14 01:39:09,1789321149.484
48040,0.537,1574174720,3.1304,,2.98e-04,117555,2026-09-14 01:39:16,1789321156.561
48060,0.537,1574830080,3.1302,,2.98e-04,117546,2026-09-14 01:39:23,1789321163.638
48080,0.537,1575485440,3.1303,,2.97e-04,117569,2026-09-14 01:39:30,1789321170.714
48100,0.538,1576140800,3.1297,,2.97e-04,117578,2026-09-14 01:39:37,1789321177.789
48120,0.538,1576796160,3.1299,,2.97e-04,117591,2026-09-14 01:39:44,1789321184.866
48140,0.538,1577451520,3.1300,,2.97e-04,117538,2026-09-14 01:39:51,1789321191.942
48160,0.538,1578106880,3.1289,,2.97e-04,117534,2026-09-14 01:39:59,1789321199.020
48180,0.539,1578762240,3.1287,,2.96e-04,117618,2026-09-14 01:40:06,1789321206.098
48200,0.539,1579417600,3.1283,,2.96e-04,117611,2026-09-14 01:40:13,1789321213.177
48220,0.539,1580072960,3.1276,,2.96e-04,117554,2026-09-14 01:40:20,1789321220.254
48240,0.539,1580728320,3.1274,,2.96e-04,117560,2026-09-14 01:40:27,1789321227.331
48260,0.539,1581383680,3.1267,,2.96e-04,117516,2026-09-14 01:40:34,1789321234.409
48280,0.540,1582039040,3.1265,,2.95e-04,117541,2026-09-14 01:40:41,1789321241.484
48300,0.540,1582694400,3.1258,,2.95e-04,117548,2026-09-14 01:40:48,1789321248.560
48320,0.540,1583349760,3.1255,,2.95e-04,117563,2026-09-14 01:40:55,1789321255.634
48340,0.540,1584005120,3.1263,,2.95e-04,117511,2026-09-14 01:41:02,1789321262.841
48360,0.541,1584660480,3.1257,,2.95e-04,117507,2026-09-14 01:41:09,1789321269.921
48380,0.541,1585315840,3.1255,,2.94e-04,117452,2026-09-14 01:41:17,1789321277.004
48400,0.541,1585971200,3.1251,,2.94e-04,117467,2026-09-14 01:41:24,1789321284.085
48420,0.541,1586626560,3.1251,,2.94e-04,117517,2026-09-14 01:41:31,1789321291.166
48440,0.541,1587281920,3.1252,,2.94e-04,117498,2026-09-14 01:41:38,1789321298.245
48460,0.542,1587937280,3.1247,,2.94e-04,117527,2026-09-14 01:41:45,1789321305.324
48480,0.542,1588592640,3.1244,,2.93e-04,117514,2026-09-14 01:41:52,1789321312.404
48500,0.542,1589248000,3.1241,,2.93e-04,117522,2026-09-14 01:41:59,1789321319.482
48520,0.542,1589903360,3.1245,,2.93e-04,117524,2026-09-14 01:42:06,1789321326.560
48540,0.543,1590558720,3.1241,,2.93e-04,117498,2026-09-14 01:42:13,1789321333.638
48560,0.543,1591214080,3.1246,,2.93e-04,117513,2026-09-14 01:42:20,1789321340.717
48580,0.543,1591869440,3.1245,,2.92e-04,117502,2026-09-14 01:42:27,1789321347.795
48600,0.543,1592524800,3.1245,,2.92e-04,117504,2026-09-14 01:42:34,1789321354.874
48620,0.543,1593180160,3.1245,,2.92e-04,117447,2026-09-14 01:42:41,1789321361.956
48640,0.544,1593835520,3.1240,,2.92e-04,117470,2026-09-14 01:42:49,1789321369.039
48660,0.544,1594490880,3.1243,,2.92e-04,117451,2026-09-14 01:42:56,1789321376.121
48680,0.544,1595146240,3.1245,,2.91e-04,117461,2026-09-14 01:43:03,1789321383.201
48700,0.544,1595801600,3.1234,,2.91e-04,117496,2026-09-14 01:43:10,1789321390.284
48720,0.545,1596456960,3.1234,,2.91e-04,117482,2026-09-14 01:43:17,1789321397.368
48740,0.545,1597112320,3.1227,,2.91e-04,117461,2026-09-14 01:43:24,1789321404.452
48760,0.545,1597767680,3.1224,,2.91e-04,117462,2026-09-14 01:43:31,1789321411.534
48780,0.545,1598423040,3.1225,,2.90e-04,117451,2026-09-14 01:43:38,1789321418.616
48800,0.545,1599078400,3.1225,,2.90e-04,117460,2026-09-14 01:43:45,1789321425.699
48820,0.546,1599733760,3.1225,,2.90e-04,117508,2026-09-14 01:43:52,1789321432.784
48840,0.546,1600389120,3.1219,,2.90e-04,117509,2026-09-14 01:43:59,1789321439.865
48860,0.546,1601044480,3.1222,,2.90e-04,117473,2026-09-14 01:44:06,1789321446.949
48880,0.546,1601699840,3.1215,,2.89e-04,117468,2026-09-14 01:44:14,1789321454.033
48900,0.547,1602355200,3.1210,,2.89e-04,117456,2026-09-14 01:44:21,1789321461.115
48920,0.547,1603010560,3.1209,,2.89e-04,117448,2026-09-14 01:44:28,1789321468.197
48940,0.547,1603665920,3.1208,,2.89e-04,117424,2026-09-14 01:44:35,1789321475.278
48960,0.547,1604321280,3.1212,,2.89e-04,117446,2026-09-14 01:44:42,1789321482.358
48980,0.547,1604976640,3.1212,,2.88e-04,117449,2026-09-14 01:44:49,1789321489.440
49000,0.548,1605632000,3.1212,,2.88e-04,117461,2026-09-14 01:44:56,1789321496.523
49020,0.548,1606287360,3.1213,,2.88e-04,117450,2026-09-14 01:45:03,1789321503.605
49040,0.548,1606942720,3.1218,,2.88e-04,117441,2026-09-14 01:45:10,1789321510.686
49060,0.548,1607598080,3.1215,,2.88e-04,117481,2026-09-14 01:45:17,1789321517.767
49080,0.549,1608253440,3.1206,,2.87e-04,117472,2026-09-14 01:45:24,1789321524.849
49100,0.549,1608908800,3.1208,,2.87e-04,117510,2026-09-14 01:45:31,1789321531.930
49120,0.549,1609564160,3.1203,,2.87e-04,117488,2026-09-14 01:45:39,1789321539.010
49140,0.549,1610219520,3.1210,,2.87e-04,117450,2026-09-14 01:45:46,1789321546.091
49160,0.550,1610874880,3.1202,,2.87e-04,117456,2026-09-14 01:45:53,1789321553.172
49180,0.550,1611530240,3.1202,,2.86e-04,117461,2026-09-14 01:46:00,1789321560.256
49200,0.550,1612185600,3.1199,,2.86e-04,117482,2026-09-14 01:46:07,1789321567.337
49220,0.550,1612840960,3.1199,,2.86e-04,117461,2026-09-14 01:46:14,1789321574.418
49240,0.550,1613496320,3.1193,,2.86e-04,117463,2026-09-14 01:46:21,1789321581.500
49260,0.551,1614151680,3.1197,,2.86e-04,117489,2026-09-14 01:46:28,1789321588.580
49280,0.551,1614807040,3.1197,,2.85e-04,117473,2026-09-14 01:46:35,1789321595.660
49300,0.551,1615462400,3.1196,,2.85e-04,117505,2026-09-14 01:46:42,1789321602.740
49320,0.551,1616117760,3.1194,,2.85e-04,117494,2026-09-14 01:46:49,1789321609.821
49340,0.552,1616773120,3.1193,,2.85e-04,117449,2026-09-14 01:46:56,1789321616.903
49360,0.552,1617428480,3.1188,,2.85e-04,117455,2026-09-14 01:47:03,1789321623.985
49380,0.552,1618083840,3.1189,,2.84e-04,117510,2026-09-14 01:47:11,1789321631.064
49400,0.552,1618739200,3.1190,,2.84e-04,117493,2026-09-14 01:47:18,1789321638.147
49420,0.552,1619394560,3.1192,,2.84e-04,117466,2026-09-14 01:47:25,1789321645.230
49440,0.553,1620049920,3.1190,,2.84e-04,117465,2026-09-14 01:47:32,1789321652.313
49460,0.553,1620705280,3.1190,,2.84e-04,117554,2026-09-14 01:47:39,1789321659.395
49480,0.553,1621360640,3.1195,,2.83e-04,117513,2026-09-14 01:47:46,1789321666.477
49500,0.553,1622016000,3.1194,,2.83e-04,117426,2026-09-14 01:47:53,1789321673.561
49520,0.554,1622671360,3.1195,,2.83e-04,117445,2026-09-14 01:48:00,1789321680.644
49540,0.554,1623326720,3.1191,,2.83e-04,117481,2026-09-14 01:48:07,1789321687.726
49560,0.554,1623982080,3.1190,,2.82e-04,117466,2026-09-14 01:48:14,1789321694.808
49580,0.554,1624637440,3.1189,,2.82e-04,117454,2026-09-14 01:48:21,1789321701.892
49600,0.554,1625292800,3.1187,,2.82e-04,117424,2026-09-14 01:48:28,1789321708.978
49620,0.555,1625948160,3.1181,,2.82e-04,117431,2026-09-14 01:48:36,1789321716.062
49640,0.555,1626603520,3.1180,,2.82e-04,117424,2026-09-14 01:48:43,1789321723.147
49660,0.555,1627258880,3.1183,,2.81e-04,117435,2026-09-14 01:48:50,1789321730.231
49680,0.555,1627914240,3.1187,,2.81e-04,117435,2026-09-14 01:48:57,1789321737.316
49700,0.556,1628569600,3.1183,,2.81e-04,117442,2026-09-14 01:49:04,1789321744.403
49720,0.556,1629224960,3.1183,,2.81e-04,117457,2026-09-14 01:49:11,1789321751.488
49740,0.556,1629880320,3.1186,,2.81e-04,117399,2026-09-14 01:49:18,1789321758.574
49760,0.556,1630535680,3.1189,,2.80e-04,117406,2026-09-14 01:49:25,1789321765.660
49780,0.556,1631191040,3.1188,,2.80e-04,117370,2026-09-14 01:49:32,1789321772.746
49800,0.557,1631846400,3.1190,,2.80e-04,117381,2026-09-14 01:49:39,1789321779.832
49820,0.557,1632501760,3.1184,,2.80e-04,117440,2026-09-14 01:49:46,1789321786.919
49840,0.557,1633157120,3.1182,,2.80e-04,117429,2026-09-14 01:49:54,1789321794.137
49860,0.557,1633812480,3.1176,,2.79e-04,117435,2026-09-14 01:50:01,1789321801.225
49880,0.558,1634467840,3.1171,,2.79e-04,117403,2026-09-14 01:50:08,1789321808.310
49900,0.558,1635123200,3.1173,,2.79e-04,117373,2026-09-14 01:50:15,1789321815.395
49920,0.558,1635778560,3.1169,,2.79e-04,117377,2026-09-14 01:50:22,1789321822.481
49940,0.558,1636433920,3.1170,,2.79e-04,117392,2026-09-14 01:50:29,1789321829.565
49960,0.558,1637089280,3.1171,,2.78e-04,117391,2026-09-14 01:50:36,1789321836.650
49980,0.559,1637744640,3.1167,,2.78e-04,117382,2026-09-14 01:50:43,1789321843.736
50000,0.559,1638400000,3.1167,,2.78e-04,117387,2026-09-14 01:50:50,1789321850.822
50000,0.559,1638400000,3.1167,3.0876,2.78e-04,,2026-09-14 01:51:04,1789321864.199
50020,0.559,1639055360,3.1169,,2.78e-04,117547,2026-09-14 01:51:11,1789321871.274
50040,0.559,1639710720,3.1171,,2.78e-04,117569,2026-09-14 01:51:18,1789321878.348
50060,0.560,1640366080,3.1167,,2.77e-04,117612,2026-09-14 01:51:25,1789321885.422
50080,0.560,1641021440,3.1162,,2.77e-04,117602,2026-09-14 01:51:32,1789321892.497
50100,0.560,1641676800,3.1162,,2.77e-04,117583,2026-09-14 01:51:39,1789321899.575
50120,0.560,1642332160,3.1157,,2.77e-04,117563,2026-09-14 01:51:46,1789321906.653
50140,0.560,1642987520,3.1156,,2.77e-04,117695,2026-09-14 01:51:53,1789321913.730
50160,0.561,1643642880,3.1151,,2.76e-04,117663,2026-09-14 01:52:00,1789321920.808
50180,0.561,1644298240,3.1151,,2.76e-04,117536,2026-09-14 01:52:07,1789321927.888
50200,0.561,1644953600,3.1153,,2.76e-04,117521,2026-09-14 01:52:14,1789321934.970
50220,0.561,1645608960,3.1148,,2.76e-04,117446,2026-09-14 01:52:22,1789321942.055
50240,0.562,1646264320,3.1145,,2.76e-04,117438,2026-09-14 01:52:29,1789321949.141
50260,0.562,1646919680,3.1140,,2.75e-04,117612,2026-09-14 01:52:36,1789321956.224
50280,0.562,1647575040,3.1136,,2.75e-04,117557,2026-09-14 01:52:43,1789321963.304
50300,0.562,1648230400,3.1133,,2.75e-04,117447,2026-09-14 01:52:50,1789321970.388
50320,0.562,1648885760,3.1131,,2.75e-04,117444,2026-09-14 01:52:57,1789321977.473
50340,0.563,1649541120,3.1122,,2.75e-04,117393,2026-09-14 01:53:04,1789321984.558
50360,0.563,1650196480,3.1124,,2.74e-04,117398,2026-09-14 01:53:11,1789321991.643
50380,0.563,1650851840,3.1124,,2.74e-04,117445,2026-09-14 01:53:18,1789321998.729
50400,0.563,1651507200,3.1121,,2.74e-04,117434,2026-09-14 01:53:25,1789322005.815
50420,0.564,1652162560,3.1124,,2.74e-04,117398,2026-09-14 01:53:32,1789322012.902
50440,0.564,1652817920,3.1116,,2.74e-04,117397,2026-09-14 01:53:39,1789322019.989
50460,0.564,1653473280,3.1109,,2.73e-04,117418,2026-09-14 01:53:47,1789322027.075
50480,0.564,1654128640,3.1104,,2.73e-04,117428,2026-09-14 01:53:54,1789322034.165
50500,0.564,1654784000,3.1105,,2.73e-04,117454,2026-09-14 01:54:01,1789322041.250
50520,0.565,1655439360,3.1101,,2.73e-04,117453,2026-09-14 01:54:08,1789322048.334
50540,0.565,1656094720,3.1100,,2.73e-04,117508,2026-09-14 01:54:15,1789322055.420
50560,0.565,1656750080,3.1095,,2.72e-04,117478,2026-09-14 01:54:22,1789322062.506
50580,0.565,1657405440,3.1101,,2.72e-04,117461,2026-09-14 01:54:29,1789322069.591
50600,0.566,1658060800,3.1098,,2.72e-04,117456,2026-09-14 01:54:36,1789322076.675
50620,0.566,1658716160,3.1098,,2.72e-04,117395,2026-09-14 01:54:43,1789322083.759
50640,0.566,1659371520,3.1105,,2.72e-04,117394,2026-09-14 01:54:50,1789322090.844
50660,0.566,1660026880,3.1104,,2.71e-04,117427,2026-09-14 01:54:57,1789322097.928
50680,0.566,1660682240,3.1106,,2.71e-04,117430,2026-09-14 01:55:05,1789322105.011
50700,0.567,1661337600,3.1104,,2.71e-04,117458,2026-09-14 01:55:12,1789322112.096
50720,0.567,1661992960,3.1098,,2.71e-04,117464,2026-09-14 01:55:19,1789322119.181
50740,0.567,1662648320,3.1094,,2.71e-04,117424,2026-09-14 01:55:26,1789322126.268
50760,0.567,1663303680,3.1093,,2.70e-04,117431,2026-09-14 01:55:33,1789322133.354
50780,0.568,1663959040,3.1099,,2.70e-04,117444,2026-09-14 01:55:40,1789322140.437
50800,0.568,1664614400,3.1100,,2.70e-04,117446,2026-09-14 01:55:47,1789322147.521
50820,0.568,1665269760,3.1097,,2.70e-04,117609,2026-09-14 01:55:54,1789322154.596
50840,0.568,1665925120,3.1094,,2.70e-04,117586,2026-09-14 01:56:01,1789322161.674
50860,0.569,1666580480,3.1095,,2.69e-04,117527,2026-09-14 01:56:08,1789322168.759
50880,0.569,1667235840,3.1097,,2.69e-04,117472,2026-09-14 01:56:15,1789322175.842
50900,0.569,1667891200,3.1093,,2.69e-04,117473,2026-09-14 01:56:22,1789322182.927
50920,0.569,1668546560,3.1095,,2.69e-04,117464,2026-09-14 01:56:30,1789322190.010
50940,0.569,1669201920,3.1096,,2.69e-04,117441,2026-09-14 01:56:37,1789322197.096
50960,0.570,1669857280,3.1091,,2.68e-04,117425,2026-09-14 01:56:44,1789322204.182
50980,0.570,1670512640,3.1083,,2.68e-04,117446,2026-09-14 01:56:51,1789322211.266
51000,0.570,1671168000,3.1085,,2.68e-04,117448,2026-09-14 01:56:58,1789322218.350
51020,0.570,1671823360,3.1077,,2.68e-04,117415,2026-09-14 01:57:05,1789322225.436
51040,0.571,1672478720,3.1076,,2.68e-04,117446,2026-09-14 01:57:12,1789322232.523
51060,0.571,1673134080,3.1078,,2.67e-04,117433,2026-09-14 01:57:19,1789322239.611
51080,0.571,1673789440,3.1076,,2.67e-04,117463,2026-09-14 01:57:26,1789322246.699
51100,0.571,1674444800,3.1077,,2.67e-04,117393,2026-09-14 01:57:33,1789322253.787
51120,0.571,1675100160,3.1077,,2.67e-04,117411,2026-09-14 01:57:40,1789322260.872
51140,0.572,1675755520,3.1074,,2.67e-04,117406,2026-09-14 01:57:47,1789322267.957
51160,0.572,1676410880,3.1067,,2.66e-04,117396,2026-09-14 01:57:55,1789322275.042
51180,0.572,1677066240,3.1063,,2.66e-04,117437,2026-09-14 01:58:02,1789322282.127
51200,0.572,1677721600,3.1061,,2.66e-04,117441,2026-09-14 01:58:09,1789322289.213
51220,0.573,1678376960,3.1061,,2.66e-04,117442,2026-09-14 01:58:16,1789322296.302
51240,0.573,1679032320,3.1060,,2.66e-04,117472,2026-09-14 01:58:23,1789322303.385
51260,0.573,1679687680,3.1064,,2.65e-04,117481,2026-09-14 01:58:30,1789322310.474
51280,0.573,1680343040,3.1061,,2.65e-04,117491,2026-09-14 01:58:37,1789322317.698
51300,0.573,1680998400,3.1060,,2.65e-04,117481,2026-09-14 01:58:44,1789322324.784
51320,0.574,1681653760,3.1062,,2.65e-04,117476,2026-09-14 01:58:51,1789322331.867
51340,0.574,1682309120,3.1057,,2.65e-04,117451,2026-09-14 01:58:58,1789322338.952
51360,0.574,1682964480,3.1061,,2.64e-04,117450,2026-09-14 01:59:06,1789322346.038
51380,0.574,1683619840,3.1061,,2.64e-04,117398,2026-09-14 01:59:13,1789322353.126
51400,0.575,1684275200,3.1057,,2.64e-04,117418,2026-09-14 01:59:20,1789322360.210
51420,0.575,1684930560,3.1054,,2.64e-04,117463,2026-09-14 01:59:27,1789322367.291
51440,0.575,1685585920,3.1051,,2.64e-04,117463,2026-09-14 01:59:34,1789322374.375
51460,0.575,1686241280,3.1058,,2.63e-04,117453,2026-09-14 01:59:41,1789322381.459
51480,0.575,1686896640,3.1052,,2.63e-04,117462,2026-09-14 01:59:48,1789322388.544
51500,0.576,1687552000,3.1050,,2.63e-04,117413,2026-09-14 01:59:55,1789322395.628
51520,0.576,1688207360,3.1043,,2.63e-04,117419,2026-09-14 02:00:02,1789322402.715
51540,0.576,1688862720,3.1045,,2.63e-04,117489,2026-09-14 02:00:09,1789322409.798
51560,0.576,1689518080,3.1045,,2.62e-04,117509,2026-09-14 02:00:16,1789322416.883
51580,0.577,1690173440,3.1051,,2.62e-04,117563,2026-09-14 02:00:24,1789322424.312
51600,0.577,1690828800,3.1044,,2.62e-04,117492,2026-09-14 02:00:31,1789322431.397
51620,0.577,1691484160,3.1047,,2.62e-04,117426,2026-09-14 02:00:38,1789322438.482
51640,0.577,1692139520,3.1048,,2.62e-04,117442,2026-09-14 02:00:45,1789322445.568
51660,0.577,1692794880,3.1048,,2.61e-04,117473,2026-09-14 02:00:52,1789322452.655
51680,0.578,1693450240,3.1052,,2.61e-04,117507,2026-09-14 02:00:59,1789322459.742
51700,0.578,1694105600,3.1051,,2.61e-04,117491,2026-09-14 02:01:06,1789322466.828
51720,0.578,1694760960,3.1046,,2.61e-04,117464,2026-09-14 02:01:13,1789322473.915
51740,0.578,1695416320,3.1048,,2.61e-04,117463,2026-09-14 02:01:20,1789322481.003
51760,0.579,1696071680,3.1036,,2.60e-04,117441,2026-09-14 02:01:28,1789322488.088
51780,0.579,1696727040,3.1033,,2.60e-04,117444,2026-09-14 02:01:35,1789322495.173
51800,0.579,1697382400,3.1035,,2.60e-04,117424,2026-09-14 02:01:42,1789322502.258
51820,0.579,1698037760,3.1036,,2.60e-04,117478,2026-09-14 02:01:49,1789322509.343
51840,0.579,1698693120,3.1040,,2.60e-04,117447,2026-09-14 02:01:56,1789322516.428
51860,0.580,1699348480,3.1039,,2.59e-04,117469,2026-09-14 02:02:03,1789322523.514
51880,0.580,1700003840,3.1037,,2.59e-04,117460,2026-09-14 02:02:10,1789322530.600
51900,0.580,1700659200,3.1039,,2.59e-04,117490,2026-09-14 02:02:17,1789322537.685
51920,0.580,1701314560,3.1035,,2.59e-04,117481,2026-09-14 02:02:24,1789322544.769
51940,0.581,1701969920,3.1034,,2.59e-04,117448,2026-09-14 02:02:31,1789322551.854
51960,0.581,1702625280,3.1036,,2.58e-04,117433,2026-09-14 02:02:38,1789322558.939
51980,0.581,1703280640,3.1040,,2.58e-04,117467,2026-09-14 02:02:46,1789322566.024
52000,0.581,1703936000,3.1033,,2.58e-04,117475,2026-09-14 02:02:53,1789322573.107
52020,0.581,1704591360,3.1028,,2.58e-04,117458,2026-09-14 02:03:00,1789322580.190
52040,0.582,1705246720,3.1025,,2.58e-04,117459,2026-09-14 02:03:07,1789322587.273
52060,0.582,1705902080,3.1021,,2.57e-04,117476,2026-09-14 02:03:14,1789322594.358
52080,0.582,1706557440,3.1023,,2.57e-04,117461,2026-09-14 02:03:21,1789322601.442
52100,0.582,1707212800,3.1029,,2.57e-04,117462,2026-09-14 02:03:28,1789322608.526
52120,0.583,1707868160,3.1032,,2.57e-04,117468,2026-09-14 02:03:35,1789322615.609
52140,0.583,1708523520,3.1030,,2.57e-04,117489,2026-09-14 02:03:42,1789322622.696
52160,0.583,1709178880,3.1026,,2.56e-04,117494,2026-09-14 02:03:49,1789322629.780
52180,0.583,1709834240,3.1029,,2.56e-04,117436,2026-09-14 02:03:56,1789322636.865
52200,0.583,1710489600,3.1037,,2.56e-04,117435,2026-09-14 02:04:03,1789322643.950
52220,0.584,1711144960,3.1037,,2.56e-04,117368,2026-09-14 02:04:11,1789322651.036
52240,0.584,1711800320,3.1035,,2.56e-04,117425,2026-09-14 02:04:18,1789322658.120
52260,0.584,1712455680,3.1027,,2.56e-04,117475,2026-09-14 02:04:25,1789322665.206
52280,0.584,1713111040,3.1027,,2.55e-04,117442,2026-09-14 02:04:32,1789322672.293
52300,0.585,1713766400,3.1022,,2.55e-04,117477,2026-09-14 02:04:39,1789322679.381
52320,0.585,1714421760,3.1022,,2.55e-04,117462,2026-09-14 02:04:46,1789322686.468
52340,0.585,1715077120,3.1023,,2.55e-04,117633,2026-09-14 02:04:53,1789322693.892
52360,0.585,1715732480,3.1019,,2.55e-04,117545,2026-09-14 02:05:00,1789322700.974
52380,0.585,1716387840,3.1019,,2.54e-04,117442,2026-09-14 02:05:08,1789322708.056
52400,0.586,1717043200,3.1018,,2.54e-04,117461,2026-09-14 02:05:15,1789322715.137
52420,0.586,1717698560,3.1012,,2.54e-04,117491,2026-09-14 02:05:22,1789322722.220
52440,0.586,1718353920,3.1012,,2.54e-04,117487,2026-09-14 02:05:29,1789322729.300
52460,0.586,1719009280,3.1011,,2.54e-04,117493,2026-09-14 02:05:36,1789322736.380
52480,0.587,1719664640,3.1009,,2.53e-04,117498,2026-09-14 02:05:43,1789322743.463
52500,0.587,1720320000,3.1004,,2.53e-04,117483,2026-09-14 02:05:50,1789322750.548
52520,0.587,1720975360,3.1002,,2.53e-04,117486,2026-09-14 02:05:57,1789322757.631
52540,0.587,1721630720,3.1001,,2.53e-04,117464,2026-09-14 02:06:04,1789322764.714
52560,0.588,1722286080,3.1001,,2.53e-04,117465,2026-09-14 02:06:11,1789322771.795
52580,0.588,1722941440,3.0998,,2.52e-04,117495,2026-09-14 02:06:18,1789322778.877
52600,0.588,1723596800,3.0997,,2.52e-04,117495,2026-09-14 02:06:25,1789322785.961
52620,0.588,1724252160,3.0994,,2.52e-04,117413,2026-09-14 02:06:33,1789322793.045
52640,0.588,1724907520,3.1001,,2.52e-04,117423,2026-09-14 02:06:40,1789322800.129
52660,0.589,1725562880,3.1006,,2.52e-04,117446,2026-09-14 02:06:47,1789322807.212
52680,0.589,1726218240,3.1004,,2.51e-04,117437,2026-09-14 02:06:54,1789322814.295
52700,0.589,1726873600,3.1004,,2.51e-04,117453,2026-09-14 02:07:01,1789322821.382
52720,0.589,1727528960,3.1009,,2.51e-04,117461,2026-09-14 02:07:08,1789322828.466
52740,0.590,1728184320,3.1005,,2.51e-04,117467,2026-09-14 02:07:15,1789322835.550
52760,0.590,1728839680,3.1011,,2.51e-04,117504,2026-09-14 02:07:22,1789322842.773
52780,0.590,1729495040,3.1011,,2.50e-04,117478,2026-09-14 02:07:29,1789322849.856
52800,0.590,1730150400,3.1018,,2.50e-04,117497,2026-09-14 02:07:36,1789322856.941
52820,0.590,1730805760,3.1020,,2.50e-04,117450,2026-09-14 02:07:44,1789322864.025
52840,0.591,1731461120,3.1019,,2.50e-04,117456,2026-09-14 02:07:51,1789322871.107
52860,0.591,1732116480,3.1029,,2.50e-04,117441,2026-09-14 02:07:58,1789322878.188
52880,0.591,1732771840,3.1033,,2.49e-04,117429,2026-09-14 02:08:05,1789322885.273
52900,0.591,1733427200,3.1027,,2.49e-04,117480,2026-09-14 02:08:12,1789322892.355
52920,0.592,1734082560,3.1024,,2.49e-04,117465,2026-09-14 02:08:19,1789322899.437
52940,0.592,1734737920,3.1022,,2.49e-04,117429,2026-09-14 02:08:26,1789322906.522
52960,0.592,1735393280,3.1022,,2.49e-04,117437,2026-09-14 02:08:33,1789322913.606
52980,0.592,1736048640,3.1021,,2.48e-04,117434,2026-09-14 02:08:40,1789322920.689
53000,0.592,1736704000,3.1028,,2.48e-04,117440,2026-09-14 02:08:47,1789322927.772
53020,0.593,1737359360,3.1031,,2.48e-04,117435,2026-09-14 02:08:54,1789322934.854
53040,0.593,1738014720,3.1029,,2.48e-04,117426,2026-09-14 02:09:01,1789322941.937
53060,0.593,1738670080,3.1021,,2.48e-04,117439,2026-09-14 02:09:09,1789322949.022
53080,0.593,1739325440,3.1014,,2.47e-04,117444,2026-09-14 02:09:16,1789322956.106
53100,0.594,1739980800,3.1011,,2.47e-04,117443,2026-09-14 02:09:23,1789322963.189
53120,0.594,1740636160,3.1009,,2.47e-04,117434,2026-09-14 02:09:30,1789322970.271
53140,0.594,1741291520,3.1007,,2.47e-04,117432,2026-09-14 02:09:37,1789322977.355
53160,0.594,1741946880,3.1010,,2.47e-04,117470,2026-09-14 02:09:44,1789322984.438
53180,0.594,1742602240,3.1015,,2.46e-04,117505,2026-09-14 02:09:51,1789322991.522
53200,0.595,1743257600,3.1004,,2.46e-04,117485,2026-09-14 02:09:58,1789322998.604
53220,0.595,1743912960,3.1001,,2.46e-04,117465,2026-09-14 02:10:05,1789323005.685
53240,0.595,1744568320,3.1000,,2.46e-04,117482,2026-09-14 02:10:12,1789323012.767
53260,0.595,1745223680,3.1004,,2.46e-04,117449,2026-09-14 02:10:19,1789323019.850
53280,0.596,1745879040,3.1011,,2.45e-04,117440,2026-09-14 02:10:26,1789323026.934
53300,0.596,1746534400,3.1004,,2.45e-04,117476,2026-09-14 02:10:34,1789323034.017
53320,0.596,1747189760,3.1001,,2.45e-04,117475,2026-09-14 02:10:41,1789323041.100
53340,0.596,1747845120,3.0999,,2.45e-04,117502,2026-09-14 02:10:48,1789323048.185
53360,0.596,1748500480,3.1001,,2.45e-04,117492,2026-09-14 02:10:55,1789323055.267
53380,0.597,1749155840,3.0999,,2.44e-04,117479,2026-09-14 02:11:02,1789323062.351
53400,0.597,1749811200,3.0996,,2.44e-04,117467,2026-09-14 02:11:09,1789323069.433
53420,0.597,1750466560,3.1004,,2.44e-04,117419,2026-09-14 02:11:16,1789323076.518
53440,0.597,1751121920,3.1000,,2.44e-04,117436,2026-09-14 02:11:23,1789323083.600
53460,0.598,1751777280,3.1000,,2.44e-04,117384,2026-09-14 02:11:30,1789323090.685
53480,0.598,1752432640,3.0994,,2.43e-04,117390,2026-09-14 02:11:37,1789323097.772
53500,0.598,1753088000,3.1000,,2.43e-04,117418,2026-09-14 02:11:44,1789323104.857
53520,0.598,1753743360,3.0993,,2.43e-04,117407,2026-09-14 02:11:51,1789323111.942
53540,0.598,1754398720,3.0995,,2.43e-04,117453,2026-09-14 02:11:59,1789323119.028
53560,0.599,1755054080,3.0997,,2.43e-04,117451,2026-09-14 02:12:06,1789323126.112
53580,0.599,1755709440,3.0992,,2.43e-04,117450,2026-09-14 02:12:13,1789323133.195
53600,0.599,1756364800,3.0996,,2.42e-04,117469,2026-09-14 02:12:20,1789323140.280
53620,0.599,1757020160,3.0988,,2.42e-04,117496,2026-09-14 02:12:27,1789323147.362
53640,0.600,1757675520,3.0984,,2.42e-04,117483,2026-09-14 02:12:34,1789323154.443
53660,0.600,1758330880,3.0980,,2.42e-04,117498,2026-09-14 02:12:41,1789323161.525
53680,0.600,1758986240,3.0969,,2.42e-04,117471,2026-09-14 02:12:48,1789323168.608
53700,0.600,1759641600,3.0973,,2.41e-04,117464,2026-09-14 02:12:55,1789323175.692
53720,0.600,1760296960,3.0976,,2.41e-04,117490,2026-09-14 02:13:02,1789323182.775
53740,0.601,1760952320,3.0976,,2.41e-04,117439,2026-09-14 02:13:09,1789323189.859
53760,0.601,1761607680,3.0973,,2.41e-04,117481,2026-09-14 02:13:16,1789323196.941
53780,0.601,1762263040,3.0971,,2.41e-04,117568,2026-09-14 02:13:24,1789323204.026
53800,0.601,1762918400,3.0970,,2.40e-04,117540,2026-09-14 02:13:31,1789323211.109
53820,0.602,1763573760,3.0971,,2.40e-04,117442,2026-09-14 02:13:38,1789323218.190
53840,0.602,1764229120,3.0971,,2.40e-04,117460,2026-09-14 02:13:45,1789323225.271
53860,0.602,1764884480,3.0977,,2.40e-04,117448,2026-09-14 02:13:52,1789323232.354
53880,0.602,1765539840,3.0974,,2.40e-04,117450,2026-09-14 02:13:59,1789323239.438
53900,0.602,1766195200,3.0969,,2.39e-04,117493,2026-09-14 02:14:06,1789323246.520
53920,0.603,1766850560,3.0967,,2.39e-04,117496,2026-09-14 02:14:13,1789323253.603
53940,0.603,1767505920,3.0970,,2.39e-04,117511,2026-09-14 02:14:20,1789323260.688
53960,0.603,1768161280,3.0967,,2.39e-04,117513,2026-09-14 02:14:27,1789323267.774
53980,0.603,1768816640,3.0967,,2.39e-04,117486,2026-09-14 02:14:34,1789323274.861
54000,0.604,1769472000,3.0970,,2.38e-04,117478,2026-09-14 02:14:41,1789323281.947
54020,0.604,1770127360,3.0973,,2.38e-04,117528,2026-09-14 02:14:49,1789323289.030
54040,0.604,1770782720,3.0973,,2.38e-04,117502,2026-09-14 02:14:56,1789323296.113
54060,0.604,1771438080,3.0975,,2.38e-04,117456,2026-09-14 02:15:03,1789323303.197
54080,0.605,1772093440,3.0973,,2.38e-04,117450,2026-09-14 02:15:10,1789323310.281
54100,0.605,1772748800,3.0972,,2.37e-04,117456,2026-09-14 02:15:17,1789323317.365
54120,0.605,1773404160,3.0968,,2.37e-04,117465,2026-09-14 02:15:24,1789323324.446
54140,0.605,1774059520,3.0966,,2.37e-04,117459,2026-09-14 02:15:31,1789323331.529
54160,0.605,1774714880,3.0963,,2.37e-04,117473,2026-09-14 02:15:38,1789323338.611
54180,0.606,1775370240,3.0961,,2.37e-04,117473,2026-09-14 02:15:45,1789323345.693
54200,0.606,1776025600,3.0959,,2.36e-04,117506,2026-09-14 02:15:52,1789323352.776
54220,0.606,1776680960,3.0961,,2.36e-04,117428,2026-09-14 02:15:59,1789323359.857
54240,0.606,1777336320,3.0949,,2.36e-04,117424,2026-09-14 02:16:06,1789323366.941
54260,0.607,1777991680,3.0944,,2.36e-04,117436,2026-09-14 02:16:14,1789323374.153
54280,0.607,1778647040,3.0949,,2.36e-04,117436,2026-09-14 02:16:21,1789323381.235
54300,0.607,1779302400,3.0952,,2.35e-04,117529,2026-09-14 02:16:28,1789323388.316
54320,0.607,1779957760,3.0945,,2.35e-04,117506,2026-09-14 02:16:35,1789323395.401
54340,0.607,1780613120,3.0950,,2.35e-04,117450,2026-09-14 02:16:42,1789323402.488
54360,0.608,1781268480,3.0945,,2.35e-04,117431,2026-09-14 02:16:49,1789323409.573
54380,0.608,1781923840,3.0943,,2.35e-04,117418,2026-09-14 02:16:56,1789323416.658
54400,0.608,1782579200,3.0944,,2.35e-04,117409,2026-09-14 02:17:03,1789323423.744
54420,0.608,1783234560,3.0943,,2.34e-04,117406,2026-09-14 02:17:10,1789323430.829
54440,0.609,1783889920,3.0943,,2.34e-04,117392,2026-09-14 02:17:17,1789323437.916
54460,0.609,1784545280,3.0942,,2.34e-04,117412,2026-09-14 02:17:24,1789323445.002
54480,0.609,1785200640,3.0941,,2.34e-04,117408,2026-09-14 02:17:32,1789323452.089
54500,0.609,1785856000,3.0942,,2.34e-04,117357,2026-09-14 02:17:39,1789323459.177
54520,0.609,1786511360,3.0944,,2.33e-04,117364,2026-09-14 02:17:46,1789323466.264
54540,0.610,1787166720,3.0938,,2.33e-04,117376,2026-09-14 02:17:53,1789323473.352
54560,0.610,1787822080,3.0943,,2.33e-04,117390,2026-09-14 02:18:00,1789323480.439
54580,0.610,1788477440,3.0946,,2.33e-04,117418,2026-09-14 02:18:07,1789323487.527
54600,0.610,1789132800,3.0942,,2.33e-04,117418,2026-09-14 02:18:14,1789323494.613
54620,0.611,1789788160,3.0942,,2.32e-04,117377,2026-09-14 02:18:21,1789323501.700
54640,0.611,1790443520,3.0941,,2.32e-04,117386,2026-09-14 02:18:28,1789323508.789
54660,0.611,1791098880,3.0935,,2.32e-04,117405,2026-09-14 02:18:35,1789323515.878
54680,0.611,1791754240,3.0931,,2.32e-04,117395,2026-09-14 02:18:42,1789323522.966
54700,0.611,1792409600,3.0932,,2.32e-04,117399,2026-09-14 02:18:50,1789323530.051
54720,0.612,1793064960,3.0932,,2.31e-04,117411,2026-09-14 02:18:57,1789323537.138
54740,0.612,1793720320,3.0935,,2.31e-04,117429,2026-09-14 02:19:04,1789323544.225
54760,0.612,1794375680,3.0935,,2.31e-04,117402,2026-09-14 02:19:11,1789323551.312
54780,0.612,1795031040,3.0938,,2.31e-04,117420,2026-09-14 02:19:18,1789323558.400
54800,0.613,1795686400,3.0937,,2.31e-04,117415,2026-09-14 02:19:25,1789323565.485
54820,0.613,1796341760,3.0943,,2.30e-04,117444,2026-09-14 02:19:32,1789323572.570
54840,0.613,1796997120,3.0939,,2.30e-04,117466,2026-09-14 02:19:39,1789323579.656
54860,0.613,1797652480,3.0943,,2.30e-04,117453,2026-09-14 02:19:46,1789323586.741
54880,0.613,1798307840,3.0944,,2.30e-04,117473,2026-09-14 02:19:53,1789323593.825
54900,0.614,1798963200,3.0937,,2.30e-04,117438,2026-09-14 02:20:00,1789323600.910
54920,0.614,1799618560,3.0932,,2.30e-04,117464,2026-09-14 02:20:07,1789323607.995
54940,0.614,1800273920,3.0935,,2.29e-04,117408,2026-09-14 02:20:15,1789323615.081
54960,0.614,1800929280,3.0937,,2.29e-04,117426,2026-09-14 02:20:22,1789323622.166
54980,0.615,1801584640,3.0929,,2.29e-04,117359,2026-09-14 02:20:29,1789323629.252
55000,0.615,1802240000,3.0931,,2.29e-04,117381,2026-09-14 02:20:36,1789323636.337
55000,0.615,1802240000,3.0931,3.0637,2.29e-04,,2026-09-14 02:20:49,1789323649.779
55020,0.615,1802895360,3.0930,,2.29e-04,117637,2026-09-14 02:20:56,1789323656.851
55040,0.615,1803550720,3.0931,,2.28e-04,117648,2026-09-14 02:21:03,1789323663.929
55060,0.615,1804206080,3.0925,,2.28e-04,117547,2026-09-14 02:21:11,1789323671.009
55080,0.616,1804861440,3.0922,,2.28e-04,117558,2026-09-14 02:21:18,1789323678.087
55100,0.616,1805516800,3.0922,,2.28e-04,117503,2026-09-14 02:21:25,1789323685.169
55120,0.616,1806172160,3.0917,,2.28e-04,117470,2026-09-14 02:21:32,1789323692.252
55140,0.616,1806827520,3.0918,,2.27e-04,117468,2026-09-14 02:21:39,1789323699.335
55160,0.617,1807482880,3.0918,,2.27e-04,117505,2026-09-14 02:21:46,1789323706.419
55180,0.617,1808138240,3.0914,,2.27e-04,117469,2026-09-14 02:21:53,1789323713.500
55200,0.617,1808793600,3.0915,,2.27e-04,117471,2026-09-14 02:22:00,1789323720.584
55220,0.617,1809448960,3.0918,,2.27e-04,117537,2026-09-14 02:22:07,1789323727.666
55240,0.617,1810104320,3.0911,,2.26e-04,117538,2026-09-14 02:22:14,1789323734.749
55260,0.618,1810759680,3.0909,,2.26e-04,117469,2026-09-14 02:22:21,1789323741.832
55280,0.618,1811415040,3.0909,,2.26e-04,117475,2026-09-14 02:22:28,1789323748.915
55300,0.618,1812070400,3.0905,,2.26e-04,117500,2026-09-14 02:22:35,1789323755.995
55320,0.618,1812725760,3.0906,,2.26e-04,117533,2026-09-14 02:22:43,1789323763.077
55340,0.619,1813381120,3.0901,,2.25e-04,117468,2026-09-14 02:22:50,1789323770.161
55360,0.619,1814036480,3.0902,,2.25e-04,117466,2026-09-14 02:22:57,1789323777.243
55380,0.619,1814691840,3.0905,,2.25e-04,117545,2026-09-14 02:23:04,1789323784.325
55400,0.619,1815347200,3.0902,,2.25e-04,117515,2026-09-14 02:23:11,1789323791.407
55420,0.619,1816002560,3.0907,,2.25e-04,117460,2026-09-14 02:23:18,1789323798.491
55440,0.620,1816657920,3.0907,,2.25e-04,117469,2026-09-14 02:23:25,1789323805.576
55460,0.620,1817313280,3.0906,,2.24e-04,117520,2026-09-14 02:23:32,1789323812.662
55480,0.620,1817968640,3.0906,,2.24e-04,117490,2026-09-14 02:23:39,1789323819.747
55500,0.620,1818624000,3.0906,,2.24e-04,117488,2026-09-14 02:23:46,1789323826.830
55520,0.621,1819279360,3.0906,,2.24e-04,117487,2026-09-14 02:23:53,1789323833.914
55540,0.621,1819934720,3.0916,,2.24e-04,117465,2026-09-14 02:24:00,1789323840.996
55560,0.621,1820590080,3.0917,,2.23e-04,117492,2026-09-14 02:24:08,1789323848.080
55580,0.621,1821245440,3.0911,,2.23e-04,117441,2026-09-14 02:24:15,1789323855.164
55600,0.621,1821900800,3.0912,,2.23e-04,117472,2026-09-14 02:24:22,1789323862.246
55620,0.622,1822556160,3.0914,,2.23e-04,117503,2026-09-14 02:24:29,1789323869.330
55640,0.622,1823211520,3.0911,,2.23e-04,117473,2026-09-14 02:24:36,1789323876.414
55660,0.622,1823866880,3.0909,,2.22e-04,117451,2026-09-14 02:24:43,1789323883.496
55680,0.622,1824522240,3.0905,,2.22e-04,117449,2026-09-14 02:24:50,1789323890.582
55700,0.623,1825177600,3.0906,,2.22e-04,117517,2026-09-14 02:24:57,1789323897.808
55720,0.623,1825832960,3.0907,,2.22e-04,117530,2026-09-14 02:25:04,1789323904.887
55740,0.623,1826488320,3.0913,,2.22e-04,117567,2026-09-14 02:25:11,1789323911.966
55760,0.623,1827143680,3.0910,,2.21e-04,117551,2026-09-14 02:25:19,1789323919.046
55780,0.624,1827799040,3.0907,,2.21e-04,117567,2026-09-14 02:25:26,1789323926.126
55800,0.624,1828454400,3.0908,,2.21e-04,117562,2026-09-14 02:25:33,1789323933.207
55820,0.624,1829109760,3.0904,,2.21e-04,117556,2026-09-14 02:25:40,1789323940.287
55840,0.624,1829765120,3.0913,,2.21e-04,117567,2026-09-14 02:25:47,1789323947.365
55860,0.624,1830420480,3.0907,,2.20e-04,117540,2026-09-14 02:25:54,1789323954.445
55880,0.625,1831075840,3.0902,,2.20e-04,117515,2026-09-14 02:26:01,1789323961.527
55900,0.625,1831731200,3.0899,,2.20e-04,117507,2026-09-14 02:26:08,1789323968.607
55920,0.625,1832386560,3.0905,,2.20e-04,117534,2026-09-14 02:26:15,1789323975.690
55940,0.625,1833041920,3.0902,,2.20e-04,117542,2026-09-14 02:26:22,1789323982.770
55960,0.626,1833697280,3.0903,,2.20e-04,117527,2026-09-14 02:26:29,1789323989.848
55980,0.626,1834352640,3.0900,,2.19e-04,117544,2026-09-14 02:26:36,1789323996.925
56000,0.626,1835008000,3.0904,,2.19e-04,117530,2026-09-14 02:26:43,1789324004.004
56020,0.626,1835663360,3.0907,,2.19e-04,117487,2026-09-14 02:26:51,1789324011.083
56040,0.626,1836318720,3.0899,,2.19e-04,117508,2026-09-14 02:26:58,1789324018.162
56060,0.627,1836974080,3.0891,,2.19e-04,117535,2026-09-14 02:27:05,1789324025.241
56080,0.627,1837629440,3.0887,,2.18e-04,117526,2026-09-14 02:27:12,1789324032.321
56100,0.627,1838284800,3.0882,,2.18e-04,117488,2026-09-14 02:27:19,1789324039.401
56120,0.627,1838940160,3.0883,,2.18e-04,117501,2026-09-14 02:27:26,1789324046.480
56140,0.628,1839595520,3.0882,,2.18e-04,117566,2026-09-14 02:27:33,1789324053.559
56160,0.628,1840250880,3.0887,,2.18e-04,117555,2026-09-14 02:27:40,1789324060.638
56180,0.628,1840906240,3.0887,,2.17e-04,117566,2026-09-14 02:27:47,1789324067.718
56200,0.628,1841561600,3.0892,,2.17e-04,117539,2026-09-14 02:27:54,1789324074.797
56220,0.628,1842216960,3.0885,,2.17e-04,117561,2026-09-14 02:28:01,1789324081.876
56240,0.629,1842872320,3.0890,,2.17e-04,117537,2026-09-14 02:28:08,1789324088.954
56260,0.629,1843527680,3.0895,,2.17e-04,117510,2026-09-14 02:28:16,1789324096.034
56280,0.629,1844183040,3.0896,,2.17e-04,117511,2026-09-14 02:28:23,1789324103.112
56300,0.629,1844838400,3.0891,,2.16e-04,117590,2026-09-14 02:28:30,1789324110.191
56320,0.630,1845493760,3.0894,,2.16e-04,117561,2026-09-14 02:28:37,1789324117.268
56340,0.630,1846149120,3.0896,,2.16e-04,117708,2026-09-14 02:28:44,1789324124.690
56360,0.630,1846804480,3.0898,,2.16e-04,117633,2026-09-14 02:28:51,1789324131.770
56380,0.630,1847459840,3.0892,,2.16e-04,117514,2026-09-14 02:28:58,1789324138.849
56400,0.630,1848115200,3.0892,,2.15e-04,117512,2026-09-14 02:29:05,1789324145.928
56420,0.631,1848770560,3.0893,,2.15e-04,117495,2026-09-14 02:29:13,1789324153.008
56440,0.631,1849425920,3.0889,,2.15e-04,117521,2026-09-14 02:29:20,1789324160.084
56460,0.631,1850081280,3.0898,,2.15e-04,117511,2026-09-14 02:29:27,1789324167.163
56480,0.631,1850736640,3.0893,,2.15e-04,117520,2026-09-14 02:29:34,1789324174.241
56500,0.632,1851392000,3.0892,,2.14e-04,117529,2026-09-14 02:29:41,1789324181.319
56520,0.632,1852047360,3.0891,,2.14e-04,117529,2026-09-14 02:29:48,1789324188.398
56540,0.632,1852702720,3.0892,,2.14e-04,117510,2026-09-14 02:29:55,1789324195.476
56560,0.632,1853358080,3.0896,,2.14e-04,117513,2026-09-14 02:30:02,1789324202.557
56580,0.632,1854013440,3.0892,,2.14e-04,117646,2026-09-14 02:30:09,1789324209.982
56600,0.633,1854668800,3.0885,,2.13e-04,117598,2026-09-14 02:30:17,1789324217.062
56620,0.633,1855324160,3.0888,,2.13e-04,117608,2026-09-14 02:30:24,1789324224.142
56640,0.633,1855979520,3.0883,,2.13e-04,117610,2026-09-14 02:30:31,1789324231.220
56660,0.633,1856634880,3.0882,,2.13e-04,117584,2026-09-14 02:30:38,1789324238.299
56680,0.634,1857290240,3.0885,,2.13e-04,117554,2026-09-14 02:30:45,1789324245.376
56700,0.634,1857945600,3.0881,,2.13e-04,117536,2026-09-14 02:30:52,1789324252.455
56720,0.634,1858600960,3.0886,,2.12e-04,117536,2026-09-14 02:30:59,1789324259.532
56740,0.634,1859256320,3.0885,,2.12e-04,117520,2026-09-14 02:31:06,1789324266.608
56760,0.634,1859911680,3.0883,,2.12e-04,117525,2026-09-14 02:31:13,1789324273.687
56780,0.635,1860567040,3.0882,,2.12e-04,117506,2026-09-14 02:31:20,1789324280.766
56800,0.635,1861222400,3.0875,,2.12e-04,117528,2026-09-14 02:31:27,1789324287.844
56820,0.635,1861877760,3.0870,,2.11e-04,117519,2026-09-14 02:31:34,1789324294.922
56840,0.635,1862533120,3.0866,,2.11e-04,117535,2026-09-14 02:31:41,1789324302.000
56860,0.636,1863188480,3.0863,,2.11e-04,117518,2026-09-14 02:31:49,1789324309.078
56880,0.636,1863843840,3.0861,,2.11e-04,117524,2026-09-14 02:31:56,1789324316.155
56900,0.636,1864499200,3.0849,,2.11e-04,117514,2026-09-14 02:32:03,1789324323.234
56920,0.636,1865154560,3.0843,,2.10e-04,117496,2026-09-14 02:32:10,1789324330.315
56940,0.636,1865809920,3.0844,,2.10e-04,117519,2026-09-14 02:32:17,1789324337.394
56960,0.637,1866465280,3.0845,,2.10e-04,117522,2026-09-14 02:32:24,1789324344.471
56980,0.637,1867120640,3.0844,,2.10e-04,117570,2026-09-14 02:32:31,1789324351.548
57000,0.637,1867776000,3.0844,,2.10e-04,117564,2026-09-14 02:32:38,1789324358.626
57020,0.637,1868431360,3.0836,,2.10e-04,117532,2026-09-14 02:32:45,1789324365.704
57040,0.638,1869086720,3.0829,,2.09e-04,117544,2026-09-14 02:32:52,1789324372.783
57060,0.638,1869742080,3.0834,,2.09e-04,117552,2026-09-14 02:32:59,1789324379.862
57080,0.638,1870397440,3.0831,,2.09e-04,117523,2026-09-14 02:33:06,1789324386.942
57100,0.638,1871052800,3.0837,,2.09e-04,117502,2026-09-14 02:33:14,1789324394.021
57120,0.638,1871708160,3.0837,,2.09e-04,117490,2026-09-14 02:33:21,1789324401.099
57140,0.639,1872363520,3.0832,,2.08e-04,117545,2026-09-14 02:33:28,1789324408.177
57160,0.639,1873018880,3.0833,,2.08e-04,117553,2026-09-14 02:33:35,1789324415.255
57180,0.639,1873674240,3.0831,,2.08e-04,117516,2026-09-14 02:33:42,1789324422.333
57200,0.639,1874329600,3.0827,,2.08e-04,117527,2026-09-14 02:33:49,1789324429.545
57220,0.640,1874984960,3.0821,,2.08e-04,117451,2026-09-14 02:33:56,1789324436.627
57240,0.640,1875640320,3.0819,,2.07e-04,117449,2026-09-14 02:34:03,1789324443.711
57260,0.640,1876295680,3.0818,,2.07e-04,117489,2026-09-14 02:34:10,1789324450.792
57280,0.640,1876951040,3.0816,,2.07e-04,117479,2026-09-14 02:34:17,1789324457.876
57300,0.640,1877606400,3.0816,,2.07e-04,117464,2026-09-14 02:34:24,1789324464.960
57320,0.641,1878261760,3.0816,,2.07e-04,117456,2026-09-14 02:34:32,1789324472.042
57340,0.641,1878917120,3.0815,,2.07e-04,117489,2026-09-14 02:34:39,1789324479.124
57360,0.641,1879572480,3.0814,,2.06e-04,117458,2026-09-14 02:34:46,1789324486.207
57380,0.641,1880227840,3.0818,,2.06e-04,117435,2026-09-14 02:34:53,1789324493.290
57400,0.642,1880883200,3.0810,,2.06e-04,117439,2026-09-14 02:35:00,1789324500.375
57420,0.642,1881538560,3.0805,,2.06e-04,117467,2026-09-14 02:35:07,1789324507.456
57440,0.642,1882193920,3.0809,,2.06e-04,117480,2026-09-14 02:35:14,1789324514.537
57460,0.642,1882849280,3.0806,,2.05e-04,117463,2026-09-14 02:35:21,1789324521.620
57480,0.643,1883504640,3.0811,,2.05e-04,117483,2026-09-14 02:35:28,1789324528.703
57500,0.643,1884160000,3.0807,,2.05e-04,117522,2026-09-14 02:35:35,1789324535.785
57520,0.643,1884815360,3.0808,,2.05e-04,117524,2026-09-14 02:35:42,1789324542.870
57540,0.643,1885470720,3.0806,,2.05e-04,117440,2026-09-14 02:35:49,1789324549.953
57560,0.643,1886126080,3.0813,,2.05e-04,117446,2026-09-14 02:35:57,1789324557.036
57580,0.644,1886781440,3.0809,,2.04e-04,117433,2026-09-14 02:36:04,1789324564.118
57600,0.644,1887436800,3.0797,,2.04e-04,117455,2026-09-14 02:36:11,1789324571.200
57620,0.644,1888092160,3.0801,,2.04e-04,117461,2026-09-14 02:36:18,1789324578.284
57640,0.644,1888747520,3.0794,,2.04e-04,117463,2026-09-14 02:36:25,1789324585.369
57660,0.645,1889402880,3.0789,,2.04e-04,117458,2026-09-14 02:36:32,1789324592.453
57680,0.645,1890058240,3.0787,,2.03e-04,117446,2026-09-14 02:36:39,1789324599.536
57700,0.645,1890713600,3.0794,,2.03e-04,117453,2026-09-14 02:36:46,1789324606.620
57720,0.645,1891368960,3.0791,,2.03e-04,117453,2026-09-14 02:36:53,1789324613.704
57740,0.645,1892024320,3.0788,,2.03e-04,117507,2026-09-14 02:37:00,1789324620.785
57760,0.646,1892679680,3.0787,,2.03e-04,117477,2026-09-14 02:37:07,1789324627.872
57780,0.646,1893335040,3.0789,,2.02e-04,117414,2026-09-14 02:37:14,1789324634.956
57800,0.646,1893990400,3.0785,,2.02e-04,117412,2026-09-14 02:37:22,1789324642.040
57820,0.646,1894645760,3.0784,,2.02e-04,117472,2026-09-14 02:37:29,1789324649.122
57840,0.647,1895301120,3.0787,,2.02e-04,117447,2026-09-14 02:37:36,1789324656.205
57860,0.647,1895956480,3.0784,,2.02e-04,117508,2026-09-14 02:37:43,1789324663.286
57880,0.647,1896611840,3.0786,,2.02e-04,117504,2026-09-14 02:37:50,1789324670.368
57900,0.647,1897267200,3.0778,,2.01e-04,117499,2026-09-14 02:37:57,1789324677.449
57920,0.647,1897922560,3.0776,,2.01e-04,117491,2026-09-14 02:38:04,1789324684.530
57940,0.648,1898577920,3.0776,,2.01e-04,117438,2026-09-14 02:38:11,1789324691.612
57960,0.648,1899233280,3.0779,,2.01e-04,117463,2026-09-14 02:38:18,1789324698.693
57980,0.648,1899888640,3.0780,,2.01e-04,117439,2026-09-14 02:38:25,1789324705.776
58000,0.648,1900544000,3.0778,,2.00e-04,117456,2026-09-14 02:38:32,1789324712.860
58020,0.649,1901199360,3.0774,,2.00e-04,117482,2026-09-14 02:38:39,1789324719.942
58040,0.649,1901854720,3.0770,,2.00e-04,117484,2026-09-14 02:38:47,1789324727.027
58060,0.649,1902510080,3.0764,,2.00e-04,117466,2026-09-14 02:38:54,1789324734.109
58080,0.649,1903165440,3.0761,,2.00e-04,117462,2026-09-14 02:39:01,1789324741.192
58100,0.649,1903820800,3.0763,,2.00e-04,117498,2026-09-14 02:39:08,1789324748.272
58120,0.650,1904476160,3.0762,,1.99e-04,117488,2026-09-14 02:39:15,1789324755.353
58140,0.650,1905131520,3.0762,,1.99e-04,117465,2026-09-14 02:39:22,1789324762.434
58160,0.650,1905786880,3.0763,,1.99e-04,117471,2026-09-14 02:39:29,1789324769.517
58180,0.650,1906442240,3.0763,,1.99e-04,117458,2026-09-14 02:39:36,1789324776.598
58200,0.651,1907097600,3.0765,,1.99e-04,117455,2026-09-14 02:39:43,1789324783.679
58220,0.651,1907752960,3.0759,,1.98e-04,117462,2026-09-14 02:39:50,1789324790.763
58240,0.651,1908408320,3.0750,,1.98e-04,117470,2026-09-14 02:39:57,1789324797.846
58260,0.651,1909063680,3.0751,,1.98e-04,117511,2026-09-14 02:40:04,1789324804.924
58280,0.651,1909719040,3.0760,,1.98e-04,117508,2026-09-14 02:40:11,1789324812.002
58300,0.652,1910374400,3.0760,,1.98e-04,117520,2026-09-14 02:40:19,1789324819.080
58320,0.652,1911029760,3.0759,,1.97e-04,117488,2026-09-14 02:40:26,1789324826.161
58340,0.652,1911685120,3.0759,,1.97e-04,117436,2026-09-14 02:40:33,1789324833.247
58360,0.652,1912340480,3.0760,,1.97e-04,117456,2026-09-14 02:40:40,1789324840.334
58380,0.653,1912995840,3.0763,,1.97e-04,117495,2026-09-14 02:40:47,1789324847.417
58400,0.653,1913651200,3.0748,,1.97e-04,117483,2026-09-14 02:40:54,1789324854.500
58420,0.653,1914306560,3.0745,,1.97e-04,117435,2026-09-14 02:41:01,1789324861.586
58440,0.653,1914961920,3.0750,,1.96e-04,117413,2026-09-14 02:41:08,1789324868.671
58460,0.653,1915617280,3.0753,,1.96e-04,117477,2026-09-14 02:41:15,1789324875.759
58480,0.654,1916272640,3.0756,,1.96e-04,117443,2026-09-14 02:41:22,1789324882.844
58500,0.654,1916928000,3.0762,,1.96e-04,117428,2026-09-14 02:41:29,1789324889.931
58520,0.654,1917583360,3.0767,,1.96e-04,117402,2026-09-14 02:41:37,1789324897.020
58540,0.654,1918238720,3.0765,,1.95e-04,117342,2026-09-14 02:41:44,1789324904.107
58560,0.655,1918894080,3.0769,,1.95e-04,117361,2026-09-14 02:41:51,1789324911.194
58580,0.655,1919549440,3.0769,,1.95e-04,117402,2026-09-14 02:41:58,1789324918.282
58600,0.655,1920204800,3.0755,,1.95e-04,117473,2026-09-14 02:42:05,1789324925.712
58620,0.655,1920860160,3.0756,,1.95e-04,117389,2026-09-14 02:42:12,1789324932.797
58640,0.655,1921515520,3.0750,,1.95e-04,117397,2026-09-14 02:42:19,1789324939.882
58660,0.656,1922170880,3.0751,,1.94e-04,117396,2026-09-14 02:42:26,1789324946.970
58680,0.656,1922826240,3.0754,,1.94e-04,117362,2026-09-14 02:42:34,1789324954.058
58700,0.656,1923481600,3.0749,,1.94e-04,117355,2026-09-14 02:42:41,1789324961.145
58720,0.656,1924136960,3.0752,,1.94e-04,117371,2026-09-14 02:42:48,1789324968.362
58740,0.657,1924792320,3.0751,,1.94e-04,117348,2026-09-14 02:42:55,1789324975.451
58760,0.657,1925447680,3.0748,,1.93e-04,117370,2026-09-14 02:43:02,1789324982.541
58780,0.657,1926103040,3.0750,,1.93e-04,117355,2026-09-14 02:43:09,1789324989.629
58800,0.657,1926758400,3.0751,,1.93e-04,117358,2026-09-14 02:43:16,1789324996.718
58820,0.657,1927413760,3.0748,,1.93e-04,117411,2026-09-14 02:43:23,1789325003.807
58840,0.658,1928069120,3.0748,,1.93e-04,117381,2026-09-14 02:43:30,1789325010.897
58860,0.658,1928724480,3.0741,,1.93e-04,117328,2026-09-14 02:43:37,1789325017.990
58880,0.658,1929379840,3.0733,,1.92e-04,117347,2026-09-14 02:43:45,1789325025.080
58900,0.658,1930035200,3.0732,,1.92e-04,117393,2026-09-14 02:43:52,1789325032.166
58920,0.659,1930690560,3.0732,,1.92e-04,117380,2026-09-14 02:43:59,1789325039.252
58940,0.659,1931345920,3.0728,,1.92e-04,117381,2026-09-14 02:44:06,1789325046.340
58960,0.659,1932001280,3.0728,,1.92e-04,117363,2026-09-14 02:44:13,1789325053.428
58980,0.659,1932656640,3.0729,,1.91e-04,117352,2026-09-14 02:44:20,1789325060.517
59000,0.659,1933312000,3.0727,,1.91e-04,117346,2026-09-14 02:44:27,1789325067.607
59020,0.660,1933967360,3.0724,,1.91e-04,117340,2026-09-14 02:44:34,1789325074.697
59040,0.660,1934622720,3.0716,,1.91e-04,117335,2026-09-14 02:44:41,1789325081.786
59060,0.660,1935278080,3.0717,,1.91e-04,117414,2026-09-14 02:44:48,1789325088.873
59080,0.660,1935933440,3.0718,,1.91e-04,117380,2026-09-14 02:44:55,1789325095.962
59100,0.661,1936588800,3.0712,,1.90e-04,117343,2026-09-14 02:45:03,1789325103.050
59120,0.661,1937244160,3.0710,,1.90e-04,117328,2026-09-14 02:45:10,1789325110.140
59140,0.661,1937899520,3.0703,,1.90e-04,117304,2026-09-14 02:45:17,1789325117.231
59160,0.661,1938554880,3.0702,,1.90e-04,117293,2026-09-14 02:45:24,1789325124.322
59180,0.662,1939210240,3.0699,,1.90e-04,117330,2026-09-14 02:45:31,1789325131.412
59200,0.662,1939865600,3.0700,,1.89e-04,117290,2026-09-14 02:45:38,1789325138.504
59220,0.662,1940520960,3.0694,,1.89e-04,117324,2026-09-14 02:45:45,1789325145.596
59240,0.662,1941176320,3.0696,,1.89e-04,117294,2026-09-14 02:45:52,1789325152.688
59260,0.662,1941831680,3.0696,,1.89e-04,117339,2026-09-14 02:45:59,1789325159.778
59280,0.663,1942487040,3.0687,,1.89e-04,117356,2026-09-14 02:46:06,1789325166.868
59300,0.663,1943142400,3.0688,,1.89e-04,117318,2026-09-14 02:46:13,1789325173.960
59320,0.663,1943797760,3.0686,,1.88e-04,117335,2026-09-14 02:46:21,1789325181.052
59340,0.663,1944453120,3.0681,,1.88e-04,117368,2026-09-14 02:46:28,1789325188.140
59360,0.664,1945108480,3.0679,,1.88e-04,117386,2026-09-14 02:46:35,1789325195.230
59380,0.664,1945763840,3.0679,,1.88e-04,117324,2026-09-14 02:46:42,1789325202.321
59400,0.664,1946419200,3.0673,,1.88e-04,117344,2026-09-14 02:46:49,1789325209.412
59420,0.664,1947074560,3.0676,,1.88e-04,117334,2026-09-14 02:46:56,1789325216.503
59440,0.664,1947729920,3.0679,,1.87e-04,117344,2026-09-14 02:47:03,1789325223.593
59460,0.665,1948385280,3.0676,,1.87e-04,117338,2026-09-14 02:47:10,1789325230.684
59480,0.665,1949040640,3.0677,,1.87e-04,117352,2026-09-14 02:47:17,1789325237.774
59500,0.665,1949696000,3.0677,,1.87e-04,117354,2026-09-14 02:47:24,1789325244.862
59520,0.665,1950351360,3.0674,,1.87e-04,117349,2026-09-14 02:47:31,1789325251.953
59540,0.666,1951006720,3.0676,,1.86e-04,117354,2026-09-14 02:47:39,1789325259.042
59560,0.666,1951662080,3.0680,,1.86e-04,117346,2026-09-14 02:47:46,1789325266.133
59580,0.666,1952317440,3.0681,,1.86e-04,117334,2026-09-14 02:47:53,1789325273.224
59600,0.666,1952972800,3.0689,,1.86e-04,117316,2026-09-14 02:48:00,1789325280.316
59620,0.666,1953628160,3.0690,,1.86e-04,117322,2026-09-14 02:48:07,1789325287.407
59640,0.667,1954283520,3.0685,,1.86e-04,117346,2026-09-14 02:48:14,1789325294.499
59660,0.667,1954938880,3.0684,,1.85e-04,117338,2026-09-14 02:48:21,1789325301.588
59680,0.667,1955594240,3.0679,,1.85e-04,117332,2026-09-14 02:48:28,1789325308.679
59700,0.667,1956249600,3.0684,,1.85e-04,117343,2026-09-14 02:48:35,1789325315.770
59720,0.668,1956904960,3.0677,,1.85e-04,117334,2026-09-14 02:48:42,1789325322.860
59740,0.668,1957560320,3.0670,,1.85e-04,117313,2026-09-14 02:48:49,1789325329.953
59760,0.668,1958215680,3.0670,,1.84e-04,117335,2026-09-14 02:48:57,1789325337.045
59780,0.668,1958871040,3.0674,,1.84e-04,117336,2026-09-14 02:49:04,1789325344.137
59800,0.668,1959526400,3.0671,,1.84e-04,117313,2026-09-14 02:49:11,1789325351.231
59820,0.669,1960181760,3.0670,,1.84e-04,117279,2026-09-14 02:49:18,1789325358.323
59840,0.669,1960837120,3.0666,,1.84e-04,117286,2026-09-14 02:49:25,1789325365.416
59860,0.669,1961492480,3.0676,,1.84e-04,117322,2026-09-14 02:49:32,1789325372.509
59880,0.669,1962147840,3.0675,,1.83e-04,117314,2026-09-14 02:49:39,1789325379.602
59900,0.670,1962803200,3.0679,,1.83e-04,117273,2026-09-14 02:49:46,1789325386.696
59920,0.670,1963458560,3.0684,,1.83e-04,117279,2026-09-14 02:49:53,1789325393.789
59940,0.670,1964113920,3.0682,,1.83e-04,117294,2026-09-14 02:50:00,1789325400.883
59960,0.670,1964769280,3.0683,,1.83e-04,117297,2026-09-14 02:50:07,1789325407.975
59980,0.670,1965424640,3.0684,,1.83e-04,117245,2026-09-14 02:50:15,1789325415.066
60000,0.671,1966080000,3.0684,,1.82e-04,117250,2026-09-14 02:50:22,1789325422.159
60000,0.671,1966080000,3.0684,3.0425,1.82e-04,,2026-09-14 02:50:36,1789325436.033
60020,0.671,1966735360,3.0686,,1.82e-04,117361,2026-09-14 02:50:43,1789325443.118
60040,0.671,1967390720,3.0682,,1.82e-04,117387,2026-09-14 02:50:50,1789325450.206
60060,0.671,1968046080,3.0684,,1.82e-04,117393,2026-09-14 02:50:57,1789325457.293
60080,0.672,1968701440,3.0687,,1.82e-04,117381,2026-09-14 02:51:04,1789325464.381
60100,0.672,1969356800,3.0697,,1.81e-04,117356,2026-09-14 02:51:11,1789325471.467
60120,0.672,1970012160,3.0698,,1.81e-04,117363,2026-09-14 02:51:18,1789325478.555
60140,0.672,1970667520,3.0695,,1.81e-04,117384,2026-09-14 02:51:25,1789325485.643
60160,0.672,1971322880,3.0692,,1.81e-04,117375,2026-09-14 02:51:32,1789325492.866
60180,0.673,1971978240,3.0695,,1.81e-04,117351,2026-09-14 02:51:39,1789325499.957
60200,0.673,1972633600,3.0685,,1.81e-04,117340,2026-09-14 02:51:47,1789325507.051
60220,0.673,1973288960,3.0682,,1.80e-04,117362,2026-09-14 02:51:54,1789325514.142
60240,0.673,1973944320,3.0679,,1.80e-04,117345,2026-09-14 02:52:01,1789325521.234
60260,0.674,1974599680,3.0679,,1.80e-04,117383,2026-09-14 02:52:08,1789325528.327
60280,0.674,1975255040,3.0679,,1.80e-04,117339,2026-09-14 02:52:15,1789325535.420
60300,0.674,1975910400,3.0682,,1.80e-04,117291,2026-09-14 02:52:22,1789325542.513
60320,0.674,1976565760,3.0685,,1.79e-04,117291,2026-09-14 02:52:29,1789325549.605
60340,0.674,1977221120,3.0681,,1.79e-04,117318,2026-09-14 02:52:36,1789325556.695
60360,0.675,1977876480,3.0682,,1.79e-04,117324,2026-09-14 02:52:43,1789325563.786
60380,0.675,1978531840,3.0689,,1.79e-04,117309,2026-09-14 02:52:50,1789325570.877
60400,0.675,1979187200,3.0691,,1.79e-04,117298,2026-09-14 02:52:57,1789325577.970
60420,0.675,1979842560,3.0681,,1.79e-04,117275,2026-09-14 02:53:05,1789325585.061
60440,0.676,1980497920,3.0677,,1.78e-04,117316,2026-09-14 02:53:12,1789325592.151
60460,0.676,1981153280,3.0677,,1.78e-04,117355,2026-09-14 02:53:19,1789325599.243
60480,0.676,1981808640,3.0681,,1.78e-04,117395,2026-09-14 02:53:26,1789325606.334
60500,0.676,1982464000,3.0685,,1.78e-04,117342,2026-09-14 02:53:33,1789325613.424
60520,0.676,1983119360,3.0682,,1.78e-04,117341,2026-09-14 02:53:40,1789325620.516
60540,0.677,1983774720,3.0677,,1.78e-04,117371,2026-09-14 02:53:47,1789325627.609
60560,0.677,1984430080,3.0675,,1.77e-04,117353,2026-09-14 02:53:54,1789325634.701
60580,0.677,1985085440,3.0664,,1.77e-04,117326,2026-09-14 02:54:01,1789325641.792
60600,0.677,1985740800,3.0665,,1.77e-04,117325,2026-09-14 02:54:08,1789325648.883
60620,0.678,1986396160,3.0668,,1.77e-04,117336,2026-09-14 02:54:15,1789325655.975
60640,0.678,1987051520,3.0664,,1.77e-04,117361,2026-09-14 02:54:23,1789325663.067
60660,0.678,1987706880,3.0662,,1.77e-04,117342,2026-09-14 02:54:30,1789325670.158
60680,0.678,1988362240,3.0661,,1.76e-04,117323,2026-09-14 02:54:37,1789325677.251
60700,0.678,1989017600,3.0659,,1.76e-04,117302,2026-09-14 02:54:44,1789325684.343
60720,0.679,1989672960,3.0660,,1.76e-04,117329,2026-09-14 02:54:51,1789325691.435
60740,0.679,1990328320,3.0653,,1.76e-04,117352,2026-09-14 02:54:58,1789325698.526
60760,0.679,1990983680,3.0658,,1.76e-04,117311,2026-09-14 02:55:05,1789325705.618
60780,0.679,1991639040,3.0658,,1.75e-04,117333,2026-09-14 02:55:12,1789325712.710
60800,0.680,1992294400,3.0654,,1.75e-04,117298,2026-09-14 02:55:19,1789325719.803
60820,0.680,1992949760,3.0660,,1.75e-04,117297,2026-09-14 02:55:26,1789325726.896
60840,0.680,1993605120,3.0646,,1.75e-04,117331,2026-09-14 02:55:33,1789325733.988
60860,0.680,1994260480,3.0643,,1.75e-04,117313,2026-09-14 02:55:41,1789325741.081
60880,0.681,1994915840,3.0645,,1.75e-04,117318,2026-09-14 02:55:48,1789325748.172
60900,0.681,1995571200,3.0645,,1.74e-04,117338,2026-09-14 02:55:55,1789325755.262
60920,0.681,1996226560,3.0640,,1.74e-04,117326,2026-09-14 02:56:02,1789325762.353
60940,0.681,1996881920,3.0640,,1.74e-04,117353,2026-09-14 02:56:09,1789325769.445
60960,0.681,1997537280,3.0640,,1.74e-04,117327,2026-09-14 02:56:16,1789325776.537
60980,0.682,1998192640,3.0636,,1.74e-04,117241,2026-09-14 02:56:23,1789325783.630
61000,0.682,1998848000,3.0633,,1.74e-04,117258,2026-09-14 02:56:30,1789325790.722
61020,0.682,1999503360,3.0646,,1.73e-04,117288,2026-09-14 02:56:37,1789325797.814
61040,0.682,2000158720,3.0646,,1.73e-04,117323,2026-09-14 02:56:44,1789325804.905
61060,0.683,2000814080,3.0648,,1.73e-04,117303,2026-09-14 02:56:51,1789325811.996
61080,0.683,2001469440,3.0647,,1.73e-04,117332,2026-09-14 02:56:59,1789325819.088
61100,0.683,2002124800,3.0647,,1.73e-04,117367,2026-09-14 02:57:06,1789325826.179
61120,0.683,2002780160,3.0639,,1.72e-04,117348,2026-09-14 02:57:13,1789325833.270
61140,0.683,2003435520,3.0640,,1.72e-04,117424,2026-09-14 02:57:20,1789325840.362
61160,0.684,2004090880,3.0637,,1.72e-04,117356,2026-09-14 02:57:27,1789325847.454
61180,0.684,2004746240,3.0636,,1.72e-04,117334,2026-09-14 02:57:34,1789325854.544
61200,0.684,2005401600,3.0637,,1.72e-04,117351,2026-09-14 02:57:41,1789325861.636
61220,0.684,2006056960,3.0637,,1.72e-04,117318,2026-09-14 02:57:48,1789325868.728
61240,0.685,2006712320,3.0644,,1.71e-04,117319,2026-09-14 02:57:55,1789325875.820
61260,0.685,2007367680,3.0647,,1.71e-04,117308,2026-09-14 02:58:02,1789325882.911
61280,0.685,2008023040,3.0648,,1.71e-04,117318,2026-09-14 02:58:09,1789325890.003
61300,0.685,2008678400,3.0647,,1.71e-04,117328,2026-09-14 02:58:17,1789325897.094
61320,0.685,2009333760,3.0648,,1.71e-04,117357,2026-09-14 02:58:24,1789325904.184
61340,0.686,2009989120,3.0649,,1.71e-04,117336,2026-09-14 02:58:31,1789325911.272
61360,0.686,2010644480,3.0647,,1.70e-04,117341,2026-09-14 02:58:38,1789325918.362
61380,0.686,2011299840,3.0644,,1.70e-04,117352,2026-09-14 02:58:45,1789325925.452
61400,0.686,2011955200,3.0639,,1.70e-04,117352,2026-09-14 02:58:52,1789325932.542
61420,0.687,2012610560,3.0634,,1.70e-04,117402,2026-09-14 02:58:59,1789325939.633
61440,0.687,2013265920,3.0635,,1.70e-04,117390,2026-09-14 02:59:06,1789325946.723
61460,0.687,2013921280,3.0631,,1.70e-04,117362,2026-09-14 02:59:13,1789325953.814
61480,0.687,2014576640,3.0628,,1.69e-04,117326,2026-09-14 02:59:20,1789325960.906
61500,0.687,2015232000,3.0618,,1.69e-04,117321,2026-09-14 02:59:27,1789325967.999
61520,0.688,2015887360,3.0617,,1.69e-04,117347,2026-09-14 02:59:35,1789325975.089
61540,0.688,2016542720,3.0613,,1.69e-04,117342,2026-09-14 02:59:42,1789325982.178
61560,0.688,2017198080,3.0615,,1.69e-04,117354,2026-09-14 02:59:49,1789325989.268
61580,0.688,2017853440,3.0619,,1.69e-04,117374,2026-09-14 02:59:56,1789325996.359
61600,0.689,2018508800,3.0618,,1.68e-04,117364,2026-09-14 03:00:03,1789326003.448
61620,0.689,2019164160,3.0616,,1.68e-04,117343,2026-09-14 03:00:10,1789326010.539
61640,0.689,2019819520,3.0614,,1.68e-04,117321,2026-09-14 03:00:17,1789326017.632
61660,0.689,2020474880,3.0615,,1.68e-04,117296,2026-09-14 03:00:24,1789326024.855
61680,0.689,2021130240,3.0615,,1.68e-04,117278,2026-09-14 03:00:31,1789326031.948
61700,0.690,2021785600,3.0611,,1.67e-04,117249,2026-09-14 03:00:39,1789326039.045
61720,0.690,2022440960,3.0616,,1.67e-04,117257,2026-09-14 03:00:46,1789326046.139
61740,0.690,2023096320,3.0606,,1.67e-04,117239,2026-09-14 03:00:53,1789326053.235
61760,0.690,2023751680,3.0598,,1.67e-04,117258,2026-09-14 03:01:00,1789326060.330
61780,0.691,2024407040,3.0598,,1.67e-04,117271,2026-09-14 03:01:07,1789326067.425
61800,0.691,2025062400,3.0599,,1.67e-04,117274,2026-09-14 03:01:14,1789326074.519
61820,0.691,2025717760,3.0597,,1.66e-04,117260,2026-09-14 03:01:21,1789326081.613
61840,0.691,2026373120,3.0598,,1.66e-04,117243,2026-09-14 03:01:28,1789326088.708
61860,0.691,2027028480,3.0592,,1.66e-04,117241,2026-09-14 03:01:35,1789326095.802
61880,0.692,2027683840,3.0589,,1.66e-04,117265,2026-09-14 03:01:42,1789326102.895
61900,0.692,2028339200,3.0583,,1.66e-04,117257,2026-09-14 03:01:49,1789326109.987
61920,0.692,2028994560,3.0586,,1.66e-04,117287,2026-09-14 03:01:57,1789326117.078
61940,0.692,2029649920,3.0584,,1.65e-04,117335,2026-09-14 03:02:04,1789326124.170
61960,0.693,2030305280,3.0585,,1.65e-04,117315,2026-09-14 03:02:11,1789326131.261
61980,0.693,2030960640,3.0583,,1.65e-04,117272,2026-09-14 03:02:18,1789326138.352
62000,0.693,2031616000,3.0580,,1.65e-04,117300,2026-09-14 03:02:25,1789326145.445
62020,0.693,2032271360,3.0580,,1.65e-04,117319,2026-09-14 03:02:32,1789326152.535
62040,0.693,2032926720,3.0588,,1.65e-04,117324,2026-09-14 03:02:39,1789326159.626
62060,0.694,2033582080,3.0579,,1.64e-04,117306,2026-09-14 03:02:46,1789326166.720
62080,0.694,2034237440,3.0582,,1.64e-04,117309,2026-09-14 03:02:53,1789326173.810
62100,0.694,2034892800,3.0584,,1.64e-04,117309,2026-09-14 03:03:00,1789326180.900
62120,0.694,2035548160,3.0582,,1.64e-04,117323,2026-09-14 03:03:07,1789326187.992
62140,0.695,2036203520,3.0585,,1.64e-04,117307,2026-09-14 03:03:15,1789326195.085
62160,0.695,2036858880,3.0580,,1.64e-04,117308,2026-09-14 03:03:22,1789326202.178
62180,0.695,2037514240,3.0580,,1.63e-04,117283,2026-09-14 03:03:29,1789326209.271
62200,0.695,2038169600,3.0581,,1.63e-04,117291,2026-09-14 03:03:36,1789326216.365
62220,0.695,2038824960,3.0572,,1.63e-04,117316,2026-09-14 03:03:43,1789326223.460
62240,0.696,2039480320,3.0571,,1.63e-04,117306,2026-09-14 03:03:50,1789326230.558
62260,0.696,2040135680,3.0578,,1.63e-04,117342,2026-09-14 03:03:57,1789326237.651
62280,0.696,2040791040,3.0576,,1.63e-04,117309,2026-09-14 03:04:04,1789326244.744
62300,0.696,2041446400,3.0580,,1.62e-04,117328,2026-09-14 03:04:11,1789326251.837
62320,0.697,2042101760,3.0579,,1.62e-04,117320,2026-09-14 03:04:18,1789326258.928
62340,0.697,2042757120,3.0579,,1.62e-04,117332,2026-09-14 03:04:26,1789326266.021
62360,0.697,2043412480,3.0579,,1.62e-04,117329,2026-09-14 03:04:33,1789326273.111
62380,0.697,2044067840,3.0576,,1.62e-04,117314,2026-09-14 03:04:40,1789326280.202
62400,0.698,2044723200,3.0573,,1.62e-04,117319,2026-09-14 03:04:47,1789326287.295
62420,0.698,2045378560,3.0567,,1.61e-04,117310,2026-09-14 03:04:54,1789326294.386
62440,0.698,2046033920,3.0561,,1.61e-04,117324,2026-09-14 03:05:01,1789326301.479
62460,0.698,2046689280,3.0568,,1.61e-04,117394,2026-09-14 03:05:08,1789326308.570
62480,0.698,2047344640,3.0573,,1.61e-04,117365,2026-09-14 03:05:15,1789326315.662
62500,0.699,2048000000,3.0575,,1.61e-04,117329,2026-09-14 03:05:22,1789326322.752
62520,0.699,2048655360,3.0573,,1.61e-04,117323,2026-09-14 03:05:29,1789326329.842
62540,0.699,2049310720,3.0573,,1.60e-04,117326,2026-09-14 03:05:36,1789326336.932
62560,0.699,2049966080,3.0569,,1.60e-04,117343,2026-09-14 03:05:44,1789326344.022
62580,0.700,2050621440,3.0566,,1.60e-04,117379,2026-09-14 03:05:51,1789326351.114
62600,0.700,2051276800,3.0567,,1.60e-04,117414,2026-09-14 03:05:58,1789326358.550
62620,0.700,2051932160,3.0570,,1.60e-04,117342,2026-09-14 03:06:05,1789326365.642
62640,0.700,2052587520,3.0569,,1.60e-04,117338,2026-09-14 03:06:12,1789326372.736
62660,0.700,2053242880,3.0564,,1.59e-04,117265,2026-09-14 03:06:19,1789326379.832
62680,0.701,2053898240,3.0568,,1.59e-04,117270,2026-09-14 03:06:26,1789326386.927
62700,0.701,2054553600,3.0568,,1.59e-04,117316,2026-09-14 03:06:34,1789326394.021
62720,0.701,2055208960,3.0572,,1.59e-04,117303,2026-09-14 03:06:41,1789326401.115
62740,0.701,2055864320,3.0573,,1.59e-04,117308,2026-09-14 03:06:48,1789326408.209
62760,0.702,2056519680,3.0574,,1.59e-04,117321,2026-09-14 03:06:55,1789326415.303
62780,0.702,2057175040,3.0578,,1.58e-04,117324,2026-09-14 03:07:02,1789326422.397
62800,0.702,2057830400,3.0582,,1.58e-04,117321,2026-09-14 03:07:09,1789326429.491
62820,0.702,2058485760,3.0583,,1.58e-04,117304,2026-09-14 03:07:16,1789326436.582
62840,0.702,2059141120,3.0585,,1.58e-04,117302,2026-09-14 03:07:23,1789326443.674
62860,0.703,2059796480,3.0591,,1.58e-04,117324,2026-09-14 03:07:30,1789326450.765
62880,0.703,2060451840,3.0588,,1.58e-04,117323,2026-09-14 03:07:37,1789326457.859
62900,0.703,2061107200,3.0587,,1.57e-04,117278,2026-09-14 03:07:44,1789326464.953
62920,0.703,2061762560,3.0589,,1.57e-04,117263,2026-09-14 03:07:52,1789326472.045
62940,0.704,2062417920,3.0580,,1.57e-04,117305,2026-09-14 03:07:59,1789326479.135
62960,0.704,2063073280,3.0583,,1.57e-04,117284,2026-09-14 03:08:06,1789326486.231
62980,0.704,2063728640,3.0586,,1.57e-04,117281,2026-09-14 03:08:13,1789326493.323
63000,0.704,2064384000,3.0585,,1.57e-04,117303,2026-09-14 03:08:20,1789326500.415
63020,0.704,2065039360,3.0583,,1.56e-04,117283,2026-09-14 03:08:27,1789326507.509
63040,0.705,2065694720,3.0581,,1.56e-04,117312,2026-09-14 03:08:34,1789326514.599
63060,0.705,2066350080,3.0589,,1.56e-04,117341,2026-09-14 03:08:41,1789326521.691
63080,0.705,2067005440,3.0594,,1.56e-04,117315,2026-09-14 03:08:48,1789326528.784
63100,0.705,2067660800,3.0585,,1.56e-04,117315,2026-09-14 03:08:55,1789326535.878
63120,0.706,2068316160,3.0586,,1.56e-04,117313,2026-09-14 03:09:02,1789326542.971
63140,0.706,2068971520,3.0594,,1.55e-04,117327,2026-09-14 03:09:10,1789326550.063
63160,0.706,2069626880,3.0590,,1.55e-04,117328,2026-09-14 03:09:17,1789326557.289
63180,0.706,2070282240,3.0586,,1.55e-04,117292,2026-09-14 03:09:24,1789326564.381
63200,0.706,2070937600,3.0578,,1.55e-04,117314,2026-09-14 03:09:31,1789326571.474
63220,0.707,2071592960,3.0579,,1.55e-04,117389,2026-09-14 03:09:38,1789326578.568
63240,0.707,2072248320,3.0580,,1.55e-04,117374,2026-09-14 03:09:45,1789326585.660
63260,0.707,2072903680,3.0581,,1.54e-04,117349,2026-09-14 03:09:52,1789326592.752
63280,0.707,2073559040,3.0580,,1.54e-04,117364,2026-09-14 03:09:59,1789326599.843
63300,0.708,2074214400,3.0585,,1.54e-04,117368,2026-09-14 03:10:06,1789326606.934
63320,0.708,2074869760,3.0582,,1.54e-04,117351,2026-09-14 03:10:14,1789326614.024
63340,0.708,2075525120,3.0580,,1.54e-04,117359,2026-09-14 03:10:21,1789326621.112
63360,0.708,2076180480,3.0574,,1.54e-04,117349,2026-09-14 03:10:28,1789326628.202
63380,0.708,2076835840,3.0574,,1.53e-04,117376,2026-09-14 03:10:35,1789326635.293
63400,0.709,2077491200,3.0573,,1.53e-04,117379,2026-09-14 03:10:42,1789326642.383
63420,0.709,2078146560,3.0571,,1.53e-04,117354,2026-09-14 03:10:49,1789326649.474
63440,0.709,2078801920,3.0571,,1.53e-04,117345,2026-09-14 03:10:56,1789326656.567
63460,0.709,2079457280,3.0579,,1.53e-04,117348,2026-09-14 03:11:03,1789326663.659
63480,0.710,2080112640,3.0578,,1.53e-04,117370,2026-09-14 03:11:10,1789326670.752
63500,0.710,2080768000,3.0570,,1.52e-04,117403,2026-09-14 03:11:17,1789326677.844
63520,0.710,2081423360,3.0564,,1.52e-04,117388,2026-09-14 03:11:24,1789326684.936
63540,0.710,2082078720,3.0565,,1.52e-04,117348,2026-09-14 03:11:32,1789326692.025
63560,0.710,2082734080,3.0565,,1.52e-04,117346,2026-09-14 03:11:39,1789326699.114
63580,0.711,2083389440,3.0563,,1.52e-04,117313,2026-09-14 03:11:46,1789326706.204
63600,0.711,2084044800,3.0557,,1.52e-04,117305,2026-09-14 03:11:53,1789326713.294
63620,0.711,2084700160,3.0550,,1.51e-04,117346,2026-09-14 03:12:00,1789326720.382
63640,0.711,2085355520,3.0549,,1.51e-04,117364,2026-09-14 03:12:07,1789326727.471
63660,0.712,2086010880,3.0547,,1.51e-04,117320,2026-09-14 03:12:14,1789326734.562
63680,0.712,2086666240,3.0551,,1.51e-04,117324,2026-09-14 03:12:21,1789326741.654
63700,0.712,2087321600,3.0556,,1.51e-04,117307,2026-09-14 03:12:28,1789326748.743
63720,0.712,2087976960,3.0555,,1.51e-04,117322,2026-09-14 03:12:35,1789326755.833
63740,0.712,2088632320,3.0548,,1.50e-04,117330,2026-09-14 03:12:42,1789326762.924
63760,0.713,2089287680,3.0547,,1.50e-04,117319,2026-09-14 03:12:50,1789326770.014
63780,0.713,2089943040,3.0550,,1.50e-04,117354,2026-09-14 03:12:57,1789326777.103
63800,0.713,2090598400,3.0552,,1.50e-04,117332,2026-09-14 03:13:04,1789326784.192
63820,0.713,2091253760,3.0551,,1.50e-04,117320,2026-09-14 03:13:11,1789326791.282
63840,0.714,2091909120,3.0551,,1.50e-04,117319,2026-09-14 03:13:18,1789326798.371
63860,0.714,2092564480,3.0552,,1.49e-04,117310,2026-09-14 03:13:25,1789326805.463
63880,0.714,2093219840,3.0553,,1.49e-04,117317,2026-09-14 03:13:32,1789326812.553
63900,0.714,2093875200,3.0552,,1.49e-04,117306,2026-09-14 03:13:39,1789326819.645
63920,0.714,2094530560,3.0545,,1.49e-04,117327,2026-09-14 03:13:46,1789326826.734
63940,0.715,2095185920,3.0542,,1.49e-04,117414,2026-09-14 03:13:53,1789326833.826
63960,0.715,2095841280,3.0543,,1.49e-04,117391,2026-09-14 03:14:00,1789326840.914
63980,0.715,2096496640,3.0542,,1.48e-04,117372,2026-09-14 03:14:08,1789326848.004
64000,0.715,2097152000,3.0539,,1.48e-04,117372,2026-09-14 03:14:15,1789326855.093
64020,0.716,2097807360,3.0536,,1.48e-04,117372,2026-09-14 03:14:22,1789326862.183
64040,0.716,2098462720,3.0538,,1.48e-04,117380,2026-09-14 03:14:29,1789326869.273
64060,0.716,2099118080,3.0534,,1.48e-04,117410,2026-09-14 03:14:36,1789326876.361
64080,0.716,2099773440,3.0531,,1.48e-04,117386,2026-09-14 03:14:43,1789326883.449
64100,0.717,2100428800,3.0529,,1.48e-04,117344,2026-09-14 03:14:50,1789326890.540
64120,0.717,2101084160,3.0528,,1.47e-04,117366,2026-09-14 03:14:57,1789326897.630
64140,0.717,2101739520,3.0527,,1.47e-04,117553,2026-09-14 03:15:05,1789326905.059
64160,0.717,2102394880,3.0529,,1.47e-04,117480,2026-09-14 03:15:12,1789326912.147
64180,0.717,2103050240,3.0536,,1.47e-04,117358,2026-09-14 03:15:19,1789326919.237
64200,0.718,2103705600,3.0540,,1.47e-04,117363,2026-09-14 03:15:26,1789326926.324
64220,0.718,2104360960,3.0534,,1.47e-04,117345,2026-09-14 03:15:33,1789326933.412
64240,0.718,2105016320,3.0527,,1.46e-04,117379,2026-09-14 03:15:40,1789326940.498
64260,0.718,2105671680,3.0531,,1.46e-04,117410,2026-09-14 03:15:47,1789326947.585
64280,0.719,2106327040,3.0528,,1.46e-04,117391,2026-09-14 03:15:54,1789326954.673
64300,0.719,2106982400,3.0531,,1.46e-04,117391,2026-09-14 03:16:01,1789326961.759
64320,0.719,2107637760,3.0532,,1.46e-04,117394,2026-09-14 03:16:08,1789326968.846
64340,0.719,2108293120,3.0530,,1.46e-04,117419,2026-09-14 03:16:15,1789326975.933
64360,0.719,2108948480,3.0533,,1.45e-04,117423,2026-09-14 03:16:23,1789326983.021
64380,0.720,2109603840,3.0532,,1.45e-04,117385,2026-09-14 03:16:30,1789326990.108
64400,0.720,2110259200,3.0530,,1.45e-04,117377,2026-09-14 03:16:37,1789326997.196
64420,0.720,2110914560,3.0528,,1.45e-04,117402,2026-09-14 03:16:44,1789327004.284
64440,0.720,2111569920,3.0527,,1.45e-04,117404,2026-09-14 03:16:51,1789327011.370
64460,0.721,2112225280,3.0525,,1.45e-04,117402,2026-09-14 03:16:58,1789327018.459
64480,0.721,2112880640,3.0523,,1.44e-04,117407,2026-09-14 03:17:05,1789327025.544
64500,0.721,2113536000,3.0518,,1.44e-04,117392,2026-09-14 03:17:12,1789327032.630
64520,0.721,2114191360,3.0513,,1.44e-04,117388,2026-09-14 03:17:19,1789327039.716
64540,0.721,2114846720,3.0509,,1.44e-04,117390,2026-09-14 03:17:26,1789327046.803
64560,0.722,2115502080,3.0497,,1.44e-04,117379,2026-09-14 03:17:33,1789327053.889
64580,0.722,2116157440,3.0493,,1.44e-04,117371,2026-09-14 03:17:40,1789327060.977
64600,0.722,2116812800,3.0497,,1.44e-04,117392,2026-09-14 03:17:48,1789327068.064
64620,0.722,2117468160,3.0496,,1.43e-04,117418,2026-09-14 03:17:55,1789327075.151
64640,0.723,2118123520,3.0502,,1.43e-04,117420,2026-09-14 03:18:02,1789327082.237
64660,0.723,2118778880,3.0508,,1.43e-04,117421,2026-09-14 03:18:09,1789327089.461
64680,0.723,2119434240,3.0512,,1.43e-04,117394,2026-09-14 03:18:16,1789327096.549
64700,0.723,2120089600,3.0512,,1.43e-04,117413,2026-09-14 03:18:23,1789327103.637
64720,0.723,2120744960,3.0520,,1.43e-04,117385,2026-09-14 03:18:30,1789327110.725
64740,0.724,2121400320,3.0521,,1.42e-04,117352,2026-09-14 03:18:37,1789327117.820
64760,0.724,2122055680,3.0526,,1.42e-04,117368,2026-09-14 03:18:44,1789327124.911
64780,0.724,2122711040,3.0525,,1.42e-04,117315,2026-09-14 03:18:51,1789327132.003
64800,0.724,2123366400,3.0522,,1.42e-04,117281,2026-09-14 03:18:59,1789327139.097
64820,0.725,2124021760,3.0522,,1.42e-04,117291,2026-09-14 03:19:06,1789327146.190
64840,0.725,2124677120,3.0523,,1.42e-04,117285,2026-09-14 03:19:13,1789327153.284
64860,0.725,2125332480,3.0525,,1.41e-04,117314,2026-09-14 03:19:20,1789327160.378
64880,0.725,2125987840,3.0519,,1.41e-04,117296,2026-09-14 03:19:27,1789327167.470
64900,0.725,2126643200,3.0514,,1.41e-04,117310,2026-09-14 03:19:34,1789327174.565
64920,0.726,2127298560,3.0512,,1.41e-04,117262,2026-09-14 03:19:41,1789327181.661
64940,0.726,2127953920,3.0508,,1.41e-04,117271,2026-09-14 03:19:48,1789327188.753
64960,0.726,2128609280,3.0510,,1.41e-04,117267,2026-09-14 03:19:55,1789327195.845
64980,0.726,2129264640,3.0508,,1.41e-04,117328,2026-09-14 03:20:02,1789327202.940
65000,0.727,2129920000,3.0501,,1.40e-04,117309,2026-09-14 03:20:10,1789327210.033
65000,0.727,2129920000,3.0501,3.0228,1.40e-04,,2026-09-14 03:20:23,1789327223.426
65020,0.727,2130575360,3.0491,,1.40e-04,117473,2026-09-14 03:20:30,1789327230.511
65040,0.727,2131230720,3.0492,,1.40e-04,117430,2026-09-14 03:20:37,1789327237.595
65060,0.727,2131886080,3.0491,,1.40e-04,117398,2026-09-14 03:20:44,1789327244.681
65080,0.727,2132541440,3.0489,,1.40e-04,117394,2026-09-14 03:20:51,1789327251.769
65100,0.728,2133196800,3.0483,,1.40e-04,117379,2026-09-14 03:20:58,1789327258.857
65120,0.728,2133852160,3.0484,,1.39e-04,117381,2026-09-14 03:21:05,1789327265.944
65140,0.728,2134507520,3.0485,,1.39e-04,117396,2026-09-14 03:21:13,1789327273.033
65160,0.728,2135162880,3.0484,,1.39e-04,117390,2026-09-14 03:21:20,1789327280.122
65180,0.729,2135818240,3.0483,,1.39e-04,117424,2026-09-14 03:21:27,1789327287.213
65200,0.729,2136473600,3.0483,,1.39e-04,117390,2026-09-14 03:21:34,1789327294.303
65220,0.729,2137128960,3.0484,,1.39e-04,117400,2026-09-14 03:21:41,1789327301.393
65240,0.729,2137784320,3.0485,,1.38e-04,117383,2026-09-14 03:21:48,1789327308.480
65260,0.729,2138439680,3.0478,,1.38e-04,117355,2026-09-14 03:21:55,1789327315.571
65280,0.730,2139095040,3.0480,,1.38e-04,117347,2026-09-14 03:22:02,1789327322.661
65300,0.730,2139750400,3.0476,,1.38e-04,117351,2026-09-14 03:22:09,1789327329.750
65320,0.730,2140405760,3.0475,,1.38e-04,117348,2026-09-14 03:22:16,1789327336.837
65340,0.730,2141061120,3.0474,,1.38e-04,117361,2026-09-14 03:22:23,1789327343.926
65360,0.731,2141716480,3.0466,,1.38e-04,117367,2026-09-14 03:22:31,1789327351.014
65380,0.731,2142371840,3.0466,,1.37e-04,117337,2026-09-14 03:22:38,1789327358.103
65400,0.731,2143027200,3.0471,,1.37e-04,117321,2026-09-14 03:22:45,1789327365.193
65420,0.731,2143682560,3.0471,,1.37e-04,117370,2026-09-14 03:22:52,1789327372.281
65440,0.731,2144337920,3.0472,,1.37e-04,117370,2026-09-14 03:22:59,1789327379.370
65460,0.732,2144993280,3.0474,,1.37e-04,117322,2026-09-14 03:23:06,1789327386.462
65480,0.732,2145648640,3.0473,,1.37e-04,117363,2026-09-14 03:23:13,1789327393.550
65500,0.732,2146304000,3.0477,,1.36e-04,117302,2026-09-14 03:23:20,1789327400.640
65520,0.732,2146959360,3.0475,,1.36e-04,117319,2026-09-14 03:23:27,1789327407.731
65540,0.733,2147614720,3.0473,,1.36e-04,117337,2026-09-14 03:23:34,1789327414.821
65560,0.733,2148270080,3.0471,,1.36e-04,117339,2026-09-14 03:23:41,1789327421.911
65580,0.733,2148925440,3.0475,,1.36e-04,117313,2026-09-14 03:23:49,1789327429.004
65600,0.733,2149580800,3.0475,,1.36e-04,117321,2026-09-14 03:23:56,1789327436.099
65620,0.733,2150236160,3.0470,,1.36e-04,117349,2026-09-14 03:24:03,1789327443.191
65640,0.734,2150891520,3.0475,,1.35e-04,117351,2026-09-14 03:24:10,1789327450.279
65660,0.734,2151546880,3.0473,,1.35e-04,117381,2026-09-14 03:24:17,1789327457.367
65680,0.734,2152202240,3.0468,,1.35e-04,117414,2026-09-14 03:24:24,1789327464.456
65700,0.734,2152857600,3.0471,,1.35e-04,117378,2026-09-14 03:24:31,1789327471.544
65720,0.735,2153512960,3.0469,,1.35e-04,117359,2026-09-14 03:24:38,1789327478.635
65740,0.735,2154168320,3.0477,,1.35e-04,117361,2026-09-14 03:24:45,1789327485.725
65760,0.735,2154823680,3.0477,,1.34e-04,117371,2026-09-14 03:24:52,1789327492.816
65780,0.735,2155479040,3.0477,,1.34e-04,117359,2026-09-14 03:24:59,1789327499.906
65800,0.736,2156134400,3.0474,,1.34e-04,117389,2026-09-14 03:25:06,1789327506.995
65820,0.736,2156789760,3.0464,,1.34e-04,117360,2026-09-14 03:25:14,1789327514.086
65840,0.736,2157445120,3.0453,,1.34e-04,117354,2026-09-14 03:25:21,1789327521.178
65860,0.736,2158100480,3.0451,,1.34e-04,117375,2026-09-14 03:25:28,1789327528.268
65880,0.736,2158755840,3.0449,,1.34e-04,117339,2026-09-14 03:25:35,1789327535.360
65900,0.737,2159411200,3.0452,,1.33e-04,117317,2026-09-14 03:25:42,1789327542.452
65920,0.737,2160066560,3.0451,,1.33e-04,117288,2026-09-14 03:25:49,1789327549.544
65940,0.737,2160721920,3.0450,,1.33e-04,117312,2026-09-14 03:25:56,1789327556.637
65960,0.737,2161377280,3.0460,,1.33e-04,117332,2026-09-14 03:26:03,1789327563.728
65980,0.738,2162032640,3.0452,,1.33e-04,117331,2026-09-14 03:26:10,1789327570.819
66000,0.738,2162688000,3.0450,,1.33e-04,117326,2026-09-14 03:26:17,1789327577.910
66020,0.738,2163343360,3.0446,,1.32e-04,117350,2026-09-14 03:26:24,1789327585.000
66040,0.738,2163998720,3.0452,,1.32e-04,117321,2026-09-14 03:26:32,1789327592.091
66060,0.738,2164654080,3.0450,,1.32e-04,117323,2026-09-14 03:26:39,1789327599.183
66080,0.739,2165309440,3.0453,,1.32e-04,117336,2026-09-14 03:26:46,1789327606.405
66100,0.739,2165964800,3.0451,,1.32e-04,117376,2026-09-14 03:26:53,1789327613.494
66120,0.739,2166620160,3.0441,,1.32e-04,117345,2026-09-14 03:27:00,1789327620.584
66140,0.739,2167275520,3.0441,,1.32e-04,117319,2026-09-14 03:27:07,1789327627.675
66160,0.740,2167930880,3.0444,,1.31e-04,117285,2026-09-14 03:27:14,1789327634.769
66180,0.740,2168586240,3.0442,,1.31e-04,117246,2026-09-14 03:27:21,1789327641.864
66200,0.740,2169241600,3.0436,,1.31e-04,117265,2026-09-14 03:27:28,1789327648.957
66220,0.740,2169896960,3.0439,,1.31e-04,117283,2026-09-14 03:27:36,1789327656.050
66240,0.740,2170552320,3.0433,,1.31e-04,117308,2026-09-14 03:27:43,1789327663.142
66260,0.741,2171207680,3.0431,,1.31e-04,117285,2026-09-14 03:27:50,1789327670.234
66280,0.741,2171863040,3.0431,,1.31e-04,117307,2026-09-14 03:27:57,1789327677.327
66300,0.741,2172518400,3.0435,,1.30e-04,117296,2026-09-14 03:28:04,1789327684.417
66320,0.741,2173173760,3.0440,,1.30e-04,117309,2026-09-14 03:28:11,1789327691.507
66340,0.742,2173829120,3.0437,,1.30e-04,117416,2026-09-14 03:28:18,1789327698.596
66360,0.742,2174484480,3.0438,,1.30e-04,117386,2026-09-14 03:28:25,1789327705.684
66380,0.742,2175139840,3.0434,,1.30e-04,117342,2026-09-14 03:28:32,1789327712.776
66400,0.742,2175795200,3.0435,,1.30e-04,117360,2026-09-14 03:28:39,1789327719.864
66420,0.742,2176450560,3.0433,,1.29e-04,117304,2026-09-14 03:28:46,1789327726.955
66440,0.743,2177105920,3.0434,,1.29e-04,117298,2026-09-14 03:28:54,1789327734.046
66460,0.743,2177761280,3.0433,,1.29e-04,117326,2026-09-14 03:29:01,1789327741.137
66480,0.743,2178416640,3.0430,,1.29e-04,117327,2026-09-14 03:29:08,1789327748.227
66500,0.743,2179072000,3.0433,,1.29e-04,117362,2026-09-14 03:29:15,1789327755.320
66520,0.744,2179727360,3.0436,,1.29e-04,117345,2026-09-14 03:29:22,1789327762.410
66540,0.744,2180382720,3.0431,,1.29e-04,117379,2026-09-14 03:29:29,1789327769.501
66560,0.744,2181038080,3.0432,,1.28e-04,117364,2026-09-14 03:29:36,1789327776.594
66580,0.744,2181693440,3.0436,,1.28e-04,117272,2026-09-14 03:29:43,1789327783.685
66600,0.744,2182348800,3.0435,,1.28e-04,117318,2026-09-14 03:29:50,1789327790.778
66620,0.745,2183004160,3.0437,,1.28e-04,117426,2026-09-14 03:29:57,1789327797.869
66640,0.745,2183659520,3.0432,,1.28e-04,117421,2026-09-14 03:30:04,1789327804.960
66660,0.745,2184314880,3.0429,,1.28e-04,117384,2026-09-14 03:30:12,1789327812.051
66680,0.745,2184970240,3.0428,,1.28e-04,117387,2026-09-14 03:30:19,1789327819.145
66700,0.746,2185625600,3.0425,,1.27e-04,117338,2026-09-14 03:30:26,1789327826.238
66720,0.746,2186280960,3.0420,,1.27e-04,117381,2026-09-14 03:30:33,1789327833.329
66740,0.746,2186936320,3.0419,,1.27e-04,117348,2026-09-14 03:30:40,1789327840.421
66760,0.746,2187591680,3.0418,,1.27e-04,117340,2026-09-14 03:30:47,1789327847.511
66780,0.746,2188247040,3.0416,,1.27e-04,117350,2026-09-14 03:30:54,1789327854.604
66800,0.747,2188902400,3.0415,,1.27e-04,117358,2026-09-14 03:31:01,1789327861.694
66820,0.747,2189557760,3.0414,,1.26e-04,117346,2026-09-14 03:31:08,1789327868.785
66840,0.747,2190213120,3.0412,,1.26e-04,117357,2026-09-14 03:31:15,1789327875.876
66860,0.747,2190868480,3.0412,,1.26e-04,117371,2026-09-14 03:31:22,1789327882.967
66880,0.748,2191523840,3.0405,,1.26e-04,117352,2026-09-14 03:31:30,1789327890.055
66900,0.748,2192179200,3.0398,,1.26e-04,117382,2026-09-14 03:31:37,1789327897.144
66920,0.748,2192834560,3.0399,,1.26e-04,117367,2026-09-14 03:31:44,1789327904.234
66940,0.748,2193489920,3.0392,,1.26e-04,117375,2026-09-14 03:31:51,1789327911.324
66960,0.748,2194145280,3.0387,,1.25e-04,117364,2026-09-14 03:31:58,1789327918.415
66980,0.749,2194800640,3.0388,,1.25e-04,117324,2026-09-14 03:32:05,1789327925.505
67000,0.749,2195456000,3.0381,,1.25e-04,117328,2026-09-14 03:32:12,1789327932.595
67020,0.749,2196111360,3.0381,,1.25e-04,117355,2026-09-14 03:32:19,1789327939.684
67040,0.749,2196766720,3.0382,,1.25e-04,117340,2026-09-14 03:32:26,1789327946.775
67060,0.750,2197422080,3.0389,,1.25e-04,117520,2026-09-14 03:32:34,1789327954.207
67080,0.750,2198077440,3.0390,,1.25e-04,117449,2026-09-14 03:32:41,1789327961.296
67100,0.750,2198732800,3.0394,,1.24e-04,117422,2026-09-14 03:32:48,1789327968.381
67120,0.750,2199388160,3.0393,,1.24e-04,117395,2026-09-14 03:32:55,1789327975.470
67140,0.750,2200043520,3.0397,,1.24e-04,117391,2026-09-14 03:33:02,1789327982.558
67160,0.751,2200698880,3.0402,,1.24e-04,117368,2026-09-14 03:33:09,1789327989.647
67180,0.751,2201354240,3.0399,,1.24e-04,117355,2026-09-14 03:33:16,1789327996.737
67200,0.751,2202009600,3.0403,,1.24e-04,117347,2026-09-14 03:33:23,1789328003.825
67220,0.751,2202664960,3.0411,,1.24e-04,117336,2026-09-14 03:33:30,1789328010.913
67240,0.752,2203320320,3.0412,,1.23e-04,117363,2026-09-14 03:33:37,1789328018.001
67260,0.752,2203975680,3.0415,,1.23e-04,117424,2026-09-14 03:33:45,1789328025.089
67280,0.752,2204631040,3.0417,,1.23e-04,117384,2026-09-14 03:33:52,1789328032.178
67300,0.752,2205286400,3.0418,,1.23e-04,117372,2026-09-14 03:33:59,1789328039.266
67320,0.752,2205941760,3.0411,,1.23e-04,117369,2026-09-14 03:34:06,1789328046.355
67340,0.753,2206597120,3.0408,,1.23e-04,117379,2026-09-14 03:34:13,1789328053.446
67360,0.753,2207252480,3.0409,,1.22e-04,117363,2026-09-14 03:34:20,1789328060.535
67380,0.753,2207907840,3.0404,,1.22e-04,117368,2026-09-14 03:34:27,1789328067.623
67400,0.753,2208563200,3.0402,,1.22e-04,117368,2026-09-14 03:34:34,1789328074.712
67420,0.754,2209218560,3.0408,,1.22e-04,117372,2026-09-14 03:34:41,1789328081.799
67440,0.754,2209873920,3.0403,,1.22e-04,117364,2026-09-14 03:34:48,1789328088.888
67460,0.754,2210529280,3.0403,,1.22e-04,117361,2026-09-14 03:34:55,1789328095.977
67480,0.754,2211184640,3.0403,,1.22e-04,117349,2026-09-14 03:35:03,1789328103.067
67500,0.755,2211840000,3.0402,,1.21e-04,117331,2026-09-14 03:35:10,1789328110.154
67520,0.755,2212495360,3.0397,,1.21e-04,117347,2026-09-14 03:35:17,1789328117.243
67540,0.755,2213150720,3.0402,,1.21e-04,117412,2026-09-14 03:35:24,1789328124.332
67560,0.755,2213806080,3.0404,,1.21e-04,117402,2026-09-14 03:35:31,1789328131.425
67580,0.755,2214461440,3.0404,,1.21e-04,117359,2026-09-14 03:35:38,1789328138.515
67600,0.756,2215116800,3.0405,,1.21e-04,117364,2026-09-14 03:35:45,1789328145.737
67620,0.756,2215772160,3.0411,,1.21e-04,117377,2026-09-14 03:35:52,1789328152.827
67640,0.756,2216427520,3.0410,,1.20e-04,117390,2026-09-14 03:35:59,1789328159.919
67660,0.756,2217082880,3.0410,,1.20e-04,117351,2026-09-14 03:36:07,1789328167.010
67680,0.757,2217738240,3.0410,,1.20e-04,117366,2026-09-14 03:36:14,1789328174.100
67700,0.757,2218393600,3.0408,,1.20e-04,117376,2026-09-14 03:36:21,1789328181.189
67720,0.757,2219048960,3.0403,,1.20e-04,117391,2026-09-14 03:36:28,1789328188.278
67740,0.757,2219704320,3.0401,,1.20e-04,117367,2026-09-14 03:36:35,1789328195.366
67760,0.757,2220359680,3.0398,,1.20e-04,117367,2026-09-14 03:36:42,1789328202.457
67780,0.758,2221015040,3.0397,,1.19e-04,117404,2026-09-14 03:36:49,1789328209.550
67800,0.758,2221670400,3.0389,,1.19e-04,117371,2026-09-14 03:36:56,1789328216.641
67820,0.758,2222325760,3.0393,,1.19e-04,117354,2026-09-14 03:37:03,1789328223.733
67840,0.758,2222981120,3.0392,,1.19e-04,117373,2026-09-14 03:37:10,1789328230.822
67860,0.759,2223636480,3.0387,,1.19e-04,117318,2026-09-14 03:37:17,1789328237.912
67880,0.759,2224291840,3.0379,,1.19e-04,117329,2026-09-14 03:37:24,1789328245.001
67900,0.759,2224947200,3.0375,,1.19e-04,117306,2026-09-14 03:37:32,1789328252.092
67920,0.759,2225602560,3.0374,,1.18e-04,117316,2026-09-14 03:37:39,1789328259.183
67940,0.759,2226257920,3.0372,,1.18e-04,117314,2026-09-14 03:37:46,1789328266.274
67960,0.760,2226913280,3.0368,,1.18e-04,117303,2026-09-14 03:37:53,1789328273.367
67980,0.760,2227568640,3.0372,,1.18e-04,117360,2026-09-14 03:38:00,1789328280.457
68000,0.760,2228224000,3.0364,,1.18e-04,117347,2026-09-14 03:38:07,1789328287.546
68020,0.760,2228879360,3.0367,,1.18e-04,117312,2026-09-14 03:38:14,1789328294.636
68040,0.761,2229534720,3.0368,,1.18e-04,117355,2026-09-14 03:38:21,1789328301.723
68060,0.761,2230190080,3.0367,,1.17e-04,117359,2026-09-14 03:38:28,1789328308.812
68080,0.761,2230845440,3.0371,,1.17e-04,117350,2026-09-14 03:38:35,1789328315.902
68100,0.761,2231500800,3.0374,,1.17e-04,117353,2026-09-14 03:38:42,1789328322.992
68120,0.761,2232156160,3.0373,,1.17e-04,117327,2026-09-14 03:38:50,1789328330.083
68140,0.762,2232811520,3.0375,,1.17e-04,117320,2026-09-14 03:38:57,1789328337.175
68160,0.762,2233466880,3.0374,,1.17e-04,117335,2026-09-14 03:39:04,1789328344.265
68180,0.762,2234122240,3.0374,,1.17e-04,117321,2026-09-14 03:39:11,1789328351.358
68200,0.762,2234777600,3.0374,,1.16e-04,117344,2026-09-14 03:39:18,1789328358.451
68220,0.763,2235432960,3.0377,,1.16e-04,117394,2026-09-14 03:39:25,1789328365.542
68240,0.763,2236088320,3.0376,,1.16e-04,117410,2026-09-14 03:39:32,1789328372.634
68260,0.763,2236743680,3.0375,,1.16e-04,117377,2026-09-14 03:39:39,1789328379.727
68280,0.763,2237399040,3.0375,,1.16e-04,117345,2026-09-14 03:39:46,1789328386.819
68300,0.763,2238054400,3.0378,,1.16e-04,117292,2026-09-14 03:39:53,1789328393.912
68320,0.764,2238709760,3.0379,,1.16e-04,117304,2026-09-14 03:40:00,1789328401.003
68340,0.764,2239365120,3.0388,,1.15e-04,117318,2026-09-14 03:40:08,1789328408.093
68360,0.764,2240020480,3.0389,,1.15e-04,117355,2026-09-14 03:40:15,1789328415.182
68380,0.764,2240675840,3.0396,,1.15e-04,117354,2026-09-14 03:40:22,1789328422.270
68400,0.765,2241331200,3.0394,,1.15e-04,117355,2026-09-14 03:40:29,1789328429.359
68420,0.765,2241986560,3.0394,,1.15e-04,117357,2026-09-14 03:40:36,1789328436.448
68440,0.765,2242641920,3.0394,,1.15e-04,117369,2026-09-14 03:40:43,1789328443.537
68460,0.765,2243297280,3.0394,,1.15e-04,117321,2026-09-14 03:40:50,1789328450.628
68480,0.765,2243952640,3.0385,,1.15e-04,117340,2026-09-14 03:40:57,1789328457.717
68500,0.766,2244608000,3.0387,,1.14e-04,117338,2026-09-14 03:41:04,1789328464.808
68520,0.766,2245263360,3.0382,,1.14e-04,117373,2026-09-14 03:41:11,1789328471.899
68540,0.766,2245918720,3.0387,,1.14e-04,117358,2026-09-14 03:41:18,1789328478.990
68560,0.766,2246574080,3.0380,,1.14e-04,117322,2026-09-14 03:41:26,1789328486.082
68580,0.767,2247229440,3.0379,,1.14e-04,117301,2026-09-14 03:41:33,1789328493.174
68600,0.767,2247884800,3.0377,,1.14e-04,117310,2026-09-14 03:41:40,1789328500.267
68620,0.767,2248540160,3.0369,,1.14e-04,117367,2026-09-14 03:41:47,1789328507.360
68640,0.767,2249195520,3.0365,,1.13e-04,117383,2026-09-14 03:41:54,1789328514.453
68660,0.767,2249850880,3.0367,,1.13e-04,117361,2026-09-14 03:42:01,1789328521.544
68680,0.768,2250506240,3.0369,,1.13e-04,117357,2026-09-14 03:42:08,1789328528.635
68700,0.768,2251161600,3.0368,,1.13e-04,117334,2026-09-14 03:42:15,1789328535.726
68720,0.768,2251816960,3.0364,,1.13e-04,117339,2026-09-14 03:42:22,1789328542.819
68740,0.768,2252472320,3.0360,,1.13e-04,117317,2026-09-14 03:42:29,1789328549.909
68760,0.769,2253127680,3.0358,,1.13e-04,117321,2026-09-14 03:42:36,1789328556.999
68780,0.769,2253783040,3.0358,,1.12e-04,117339,2026-09-14 03:42:44,1789328564.090
68800,0.769,2254438400,3.0353,,1.12e-04,117318,2026-09-14 03:42:51,1789328571.181
68820,0.769,2255093760,3.0351,,1.12e-04,117337,2026-09-14 03:42:58,1789328578.270
68840,0.769,2255749120,3.0346,,1.12e-04,117352,2026-09-14 03:43:05,1789328585.360
68860,0.770,2256404480,3.0343,,1.12e-04,117356,2026-09-14 03:43:12,1789328592.450
68880,0.770,2257059840,3.0343,,1.12e-04,117341,2026-09-14 03:43:19,1789328599.540
68900,0.770,2257715200,3.0346,,1.12e-04,117338,2026-09-14 03:43:26,1789328606.629
68920,0.770,2258370560,3.0347,,1.11e-04,117322,2026-09-14 03:43:33,1789328613.721
68940,0.771,2259025920,3.0352,,1.11e-04,117318,2026-09-14 03:43:40,1789328620.812
68960,0.771,2259681280,3.0347,,1.11e-04,117319,2026-09-14 03:43:47,1789328627.901
68980,0.771,2260336640,3.0340,,1.11e-04,117336,2026-09-14 03:43:54,1789328634.992
69000,0.771,2260992000,3.0338,,1.11e-04,117320,2026-09-14 03:44:02,1789328642.084
69020,0.771,2261647360,3.0341,,1.11e-04,117302,2026-09-14 03:44:09,1789328649.176
69040,0.772,2262302720,3.0341,,1.11e-04,117333,2026-09-14 03:44:16,1789328656.265
69060,0.772,2262958080,3.0344,,1.11e-04,117405,2026-09-14 03:44:23,1789328663.358
69080,0.772,2263613440,3.0343,,1.10e-04,117374,2026-09-14 03:44:30,1789328670.451
69100,0.772,2264268800,3.0339,,1.10e-04,117347,2026-09-14 03:44:37,1789328677.544
69120,0.773,2264924160,3.0334,,1.10e-04,117374,2026-09-14 03:44:44,1789328684.773
69140,0.773,2265579520,3.0341,,1.10e-04,117346,2026-09-14 03:44:51,1789328691.866
69160,0.773,2266234880,3.0341,,1.10e-04,117343,2026-09-14 03:44:58,1789328698.958
69180,0.773,2266890240,3.0340,,1.10e-04,117290,2026-09-14 03:45:06,1789328706.050
69200,0.774,2267545600,3.0344,,1.10e-04,117291,2026-09-14 03:45:13,1789328713.143
69220,0.774,2268200960,3.0341,,1.09e-04,117223,2026-09-14 03:45:20,1789328720.238
69240,0.774,2268856320,3.0344,,1.09e-04,117258,2026-09-14 03:45:27,1789328727.330
69260,0.774,2269511680,3.0344,,1.09e-04,117267,2026-09-14 03:45:34,1789328734.423
69280,0.774,2270167040,3.0335,,1.09e-04,117285,2026-09-14 03:45:41,1789328741.517
69300,0.775,2270822400,3.0334,,1.09e-04,117259,2026-09-14 03:45:48,1789328748.609
69320,0.775,2271477760,3.0332,,1.09e-04,117259,2026-09-14 03:45:55,1789328755.701
69340,0.775,2272133120,3.0327,,1.09e-04,117249,2026-09-14 03:46:02,1789328762.794
69360,0.775,2272788480,3.0330,,1.08e-04,117279,2026-09-14 03:46:09,1789328769.886
69380,0.776,2273443840,3.0328,,1.08e-04,117320,2026-09-14 03:46:16,1789328776.976
69400,0.776,2274099200,3.0333,,1.08e-04,117295,2026-09-14 03:46:24,1789328784.070
69420,0.776,2274754560,3.0335,,1.08e-04,117337,2026-09-14 03:46:31,1789328791.162
69440,0.776,2275409920,3.0328,,1.08e-04,117318,2026-09-14 03:46:38,1789328798.254
69460,0.776,2276065280,3.0329,,1.08e-04,117344,2026-09-14 03:46:45,1789328805.349
69480,0.777,2276720640,3.0327,,1.08e-04,117334,2026-09-14 03:46:52,1789328812.441
69500,0.777,2277376000,3.0326,,1.08e-04,117331,2026-09-14 03:46:59,1789328819.534
69520,0.777,2278031360,3.0328,,1.07e-04,117345,2026-09-14 03:47:06,1789328826.627
69540,0.777,2278686720,3.0326,,1.07e-04,117373,2026-09-14 03:47:13,1789328833.720
69560,0.778,2279342080,3.0323,,1.07e-04,117372,2026-09-14 03:47:20,1789328840.812
69580,0.778,2279997440,3.0327,,1.07e-04,117339,2026-09-14 03:47:27,1789328847.903
69600,0.778,2280652800,3.0327,,1.07e-04,117337,2026-09-14 03:47:34,1789328854.994
69620,0.778,2281308160,3.0334,,1.07e-04,117280,2026-09-14 03:47:42,1789328862.085
69640,0.778,2281963520,3.0330,,1.07e-04,117311,2026-09-14 03:47:49,1789328869.176
69660,0.779,2282618880,3.0330,,1.06e-04,117340,2026-09-14 03:47:56,1789328876.265
69680,0.779,2283274240,3.0332,,1.06e-04,117345,2026-09-14 03:48:03,1789328883.356
69700,0.779,2283929600,3.0336,,1.06e-04,117344,2026-09-14 03:48:10,1789328890.447
69720,0.779,2284584960,3.0333,,1.06e-04,117334,2026-09-14 03:48:17,1789328897.537
69740,0.780,2285240320,3.0336,,1.06e-04,117328,2026-09-14 03:48:24,1789328904.628
69760,0.780,2285895680,3.0336,,1.06e-04,117330,2026-09-14 03:48:31,1789328911.719
69780,0.780,2286551040,3.0345,,1.06e-04,117277,2026-09-14 03:48:38,1789328918.812
69800,0.780,2287206400,3.0342,,1.06e-04,117281,2026-09-14 03:48:45,1789328925.905
69820,0.780,2287861760,3.0341,,1.05e-04,117328,2026-09-14 03:48:52,1789328932.998
69840,0.781,2288517120,3.0343,,1.05e-04,117317,2026-09-14 03:49:00,1789328940.091
69860,0.781,2289172480,3.0344,,1.05e-04,117337,2026-09-14 03:49:07,1789328947.183
69880,0.781,2289827840,3.0341,,1.05e-04,117323,2026-09-14 03:49:14,1789328954.275
69900,0.781,2290483200,3.0341,,1.05e-04,117358,2026-09-14 03:49:21,1789328961.366
69920,0.782,2291138560,3.0338,,1.05e-04,117344,2026-09-14 03:49:28,1789328968.457
69940,0.782,2291793920,3.0335,,1.05e-04,117436,2026-09-14 03:49:35,1789328975.548
69960,0.782,2292449280,3.0328,,1.04e-04,117376,2026-09-14 03:49:42,1789328982.639
69980,0.782,2293104640,3.0327,,1.04e-04,117298,2026-09-14 03:49:49,1789328989.729
70000,0.782,2293760000,3.0321,,1.04e-04,117342,2026-09-14 03:49:56,1789328996.820
70000,0.782,2293760000,3.0321,3.0050,1.04e-04,,2026-09-14 03:50:10,1789329010.194
70020,0.783,2294415360,3.0322,,1.04e-04,117484,2026-09-14 03:50:17,1789329017.277
70040,0.783,2295070720,3.0324,,1.04e-04,117475,2026-09-14 03:50:24,1789329024.359
70060,0.783,2295726080,3.0325,,1.04e-04,117458,2026-09-14 03:50:31,1789329031.442
70080,0.783,2296381440,3.0323,,1.04e-04,117472,2026-09-14 03:50:38,1789329038.525
70100,0.784,2297036800,3.0325,,1.04e-04,117449,2026-09-14 03:50:45,1789329045.608
70120,0.784,2297692160,3.0328,,1.03e-04,117450,2026-09-14 03:50:52,1789329052.691
70140,0.784,2298347520,3.0328,,1.03e-04,117446,2026-09-14 03:50:59,1789329059.775
70160,0.784,2299002880,3.0323,,1.03e-04,117473,2026-09-14 03:51:06,1789329066.860
70180,0.784,2299658240,3.0323,,1.03e-04,117441,2026-09-14 03:51:13,1789329073.946
70200,0.785,2300313600,3.0331,,1.03e-04,117431,2026-09-14 03:51:21,1789329081.031
70220,0.785,2300968960,3.0331,,1.03e-04,117447,2026-09-14 03:51:28,1789329088.117
70240,0.785,2301624320,3.0329,,1.03e-04,117459,2026-09-14 03:51:35,1789329095.202
70260,0.785,2302279680,3.0334,,1.03e-04,117422,2026-09-14 03:51:42,1789329102.289
70280,0.786,2302935040,3.0332,,1.02e-04,117434,2026-09-14 03:51:49,1789329109.373
70300,0.786,2303590400,3.0327,,1.02e-04,117438,2026-09-14 03:51:56,1789329116.459
70320,0.786,2304245760,3.0322,,1.02e-04,117449,2026-09-14 03:52:03,1789329123.543
70340,0.786,2304901120,3.0324,,1.02e-04,117441,2026-09-14 03:52:10,1789329130.628
70360,0.786,2305556480,3.0327,,1.02e-04,117406,2026-09-14 03:52:17,1789329137.715
70380,0.787,2306211840,3.0324,,1.02e-04,117444,2026-09-14 03:52:24,1789329144.803
70400,0.787,2306867200,3.0321,,1.02e-04,117445,2026-09-14 03:52:31,1789329151.889
70420,0.787,2307522560,3.0328,,1.01e-04,117464,2026-09-14 03:52:38,1789329158.977
70440,0.787,2308177920,3.0325,,1.01e-04,117423,2026-09-14 03:52:46,1789329166.063
70460,0.788,2308833280,3.0330,,1.01e-04,117423,2026-09-14 03:52:53,1789329173.150
70480,0.788,2309488640,3.0331,,1.01e-04,117429,2026-09-14 03:53:00,1789329180.236
70500,0.788,2310144000,3.0335,,1.01e-04,117368,2026-09-14 03:53:07,1789329187.324
70520,0.788,2310799360,3.0330,,1.01e-04,117400,2026-09-14 03:53:14,1789329194.411
70540,0.788,2311454720,3.0319,,1.01e-04,117432,2026-09-14 03:53:21,1789329201.636
70560,0.789,2312110080,3.0320,,1.01e-04,117389,2026-09-14 03:53:28,1789329208.725
70580,0.789,2312765440,3.0323,,1.00e-04,117316,2026-09-14 03:53:35,1789329215.816
70600,0.789,2313420800,3.0320,,1.00e-04,117313,2026-09-14 03:53:42,1789329222.907
70620,0.789,2314076160,3.0321,,1.00e-04,117344,2026-09-14 03:53:49,1789329229.998
70640,0.790,2314731520,3.0315,,1.00e-04,117334,2026-09-14 03:53:57,1789329237.089
70660,0.790,2315386880,3.0308,,9.99e-05,117450,2026-09-14 03:54:04,1789329244.524
70680,0.790,2316042240,3.0306,,9.98e-05,117401,2026-09-14 03:54:11,1789329251.614
70700,0.790,2316697600,3.0307,,9.97e-05,117357,2026-09-14 03:54:18,1789329258.703
70720,0.791,2317352960,3.0307,,9.95e-05,117362,2026-09-14 03:54:25,1789329265.794
70740,0.791,2318008320,3.0303,,9.94e-05,117340,2026-09-14 03:54:32,1789329272.884
70760,0.791,2318663680,3.0307,,9.93e-05,117348,2026-09-14 03:54:39,1789329279.973
70780,0.791,2319319040,3.0308,,9.92e-05,117419,2026-09-14 03:54:47,1789329287.062
70800,0.791,2319974400,3.0314,,9.90e-05,117400,2026-09-14 03:54:54,1789329294.149
70820,0.792,2320629760,3.0311,,9.89e-05,117383,2026-09-14 03:55:01,1789329301.235
70840,0.792,2321285120,3.0304,,9.88e-05,117389,2026-09-14 03:55:08,1789329308.323
70860,0.792,2321940480,3.0308,,9.87e-05,117430,2026-09-14 03:55:15,1789329315.411
70880,0.792,2322595840,3.0312,,9.85e-05,117425,2026-09-14 03:55:22,1789329322.498
70900,0.793,2323251200,3.0312,,9.84e-05,117395,2026-09-14 03:55:29,1789329329.586
70920,0.793,2323906560,3.0307,,9.83e-05,117370,2026-09-14 03:55:36,1789329336.674
70940,0.793,2324561920,3.0307,,9.82e-05,117384,2026-09-14 03:55:43,1789329343.763
70960,0.793,2325217280,3.0304,,9.80e-05,117386,2026-09-14 03:55:50,1789329350.852
70980,0.793,2325872640,3.0302,,9.79e-05,117432,2026-09-14 03:55:57,1789329357.938
71000,0.794,2326528000,3.0296,,9.78e-05,117440,2026-09-14 03:56:05,1789329365.026
71020,0.794,2327183360,3.0293,,9.76e-05,117382,2026-09-14 03:56:12,1789329372.112
71040,0.794,2327838720,3.0293,,9.75e-05,117390,2026-09-14 03:56:19,1789329379.198
71060,0.794,2328494080,3.0289,,9.74e-05,117407,2026-09-14 03:56:26,1789329386.284
71080,0.795,2329149440,3.0280,,9.73e-05,117399,2026-09-14 03:56:33,1789329393.370
71100,0.795,2329804800,3.0274,,9.71e-05,117351,2026-09-14 03:56:40,1789329400.459
71120,0.795,2330460160,3.0281,,9.70e-05,117331,2026-09-14 03:56:47,1789329407.550
71140,0.795,2331115520,3.0277,,9.69e-05,117353,2026-09-14 03:56:54,1789329414.640
71160,0.795,2331770880,3.0278,,9.68e-05,117343,2026-09-14 03:57:01,1789329421.732
71180,0.796,2332426240,3.0285,,9.66e-05,117368,2026-09-14 03:57:08,1789329428.822
71200,0.796,2333081600,3.0288,,9.65e-05,117352,2026-09-14 03:57:15,1789329435.911
71220,0.796,2333736960,3.0289,,9.64e-05,117349,2026-09-14 03:57:22,1789329443.002
71240,0.796,2334392320,3.0279,,9.63e-05,117348,2026-09-14 03:57:30,1789329450.092
71260,0.797,2335047680,3.0273,,9.62e-05,117311,2026-09-14 03:57:37,1789329457.184
71280,0.797,2335703040,3.0276,,9.60e-05,117348,2026-09-14 03:57:44,1789329464.275
71300,0.797,2336358400,3.0276,,9.59e-05,117307,2026-09-14 03:57:51,1789329471.368
71320,0.797,2337013760,3.0274,,9.58e-05,117326,2026-09-14 03:57:58,1789329478.462
71340,0.797,2337669120,3.0275,,9.57e-05,117347,2026-09-14 03:58:05,1789329485.555
71360,0.798,2338324480,3.0271,,9.55e-05,117333,2026-09-14 03:58:12,1789329492.647
71380,0.798,2338979840,3.0273,,9.54e-05,117304,2026-09-14 03:58:19,1789329499.738
71400,0.798,2339635200,3.0277,,9.53e-05,117313,2026-09-14 03:58:26,1789329506.829
71420,0.798,2340290560,3.0270,,9.52e-05,117328,2026-09-14 03:58:33,1789329513.922
71440,0.799,2340945920,3.0278,,9.50e-05,117320,2026-09-14 03:58:41,1789329521.014
71460,0.799,2341601280,3.0273,,9.49e-05,117313,2026-09-14 03:58:48,1789329528.104
71480,0.799,2342256640,3.0269,,9.48e-05,117333,2026-09-14 03:58:55,1789329535.195
71500,0.799,2342912000,3.0273,,9.47e-05,117302,2026-09-14 03:59:02,1789329542.288
71520,0.799,2343567360,3.0268,,9.45e-05,117298,2026-09-14 03:59:09,1789329549.381
71540,0.800,2344222720,3.0272,,9.44e-05,117373,2026-09-14 03:59:16,1789329556.474
71560,0.800,2344878080,3.0275,,9.43e-05,117348,2026-09-14 03:59:23,1789329563.565
71580,0.800,2345533440,3.0275,,9.42e-05,117339,2026-09-14 03:59:30,1789329570.657
71600,0.800,2346188800,3.0272,,9.41e-05,117342,2026-09-14 03:59:37,1789329577.746
71620,0.801,2346844160,3.0271,,9.39e-05,117386,2026-09-14 03:59:44,1789329584.835
71640,0.801,2347499520,3.0263,,9.38e-05,117372,2026-09-14 03:59:51,1789329591.924
71660,0.801,2348154880,3.0262,,9.37e-05,117346,2026-09-14 03:59:59,1789329599.013
71680,0.801,2348810240,3.0269,,9.36e-05,117353,2026-09-14 04:00:06,1789329606.103
71700,0.801,2349465600,3.0270,,9.34e-05,117344,2026-09-14 04:00:13,1789329613.194
71720,0.802,2350120960,3.0271,,9.33e-05,117311,2026-09-14 04:00:20,1789329620.287
71740,0.802,2350776320,3.0278,,9.32e-05,117278,2026-09-14 04:00:27,1789329627.381
71760,0.802,2351431680,3.0282,,9.31e-05,117302,2026-09-14 04:00:34,1789329634.472
71780,0.802,2352087040,3.0274,,9.30e-05,117318,2026-09-14 04:00:41,1789329641.565
71800,0.803,2352742400,3.0271,,9.28e-05,117305,2026-09-14 04:00:48,1789329648.658
71820,0.803,2353397760,3.0274,,9.27e-05,117265,2026-09-14 04:00:55,1789329655.752
71840,0.803,2354053120,3.0278,,9.26e-05,117278,2026-09-14 04:01:02,1789329662.846
71860,0.803,2354708480,3.0272,,9.25e-05,117279,2026-09-14 04:01:09,1789329669.940
71880,0.803,2355363840,3.0268,,9.24e-05,117285,2026-09-14 04:01:17,1789329677.035
71900,0.804,2356019200,3.0273,,9.22e-05,117299,2026-09-14 04:01:24,1789329684.127
71920,0.804,2356674560,3.0279,,9.21e-05,117281,2026-09-14 04:01:31,1789329691.220
71940,0.804,2357329920,3.0277,,9.20e-05,117290,2026-09-14 04:01:38,1789329698.314
71960,0.804,2357985280,3.0277,,9.19e-05,117318,2026-09-14 04:01:45,1789329705.407
71980,0.805,2358640640,3.0272,,9.18e-05,117338,2026-09-14 04:01:52,1789329712.497
72000,0.805,2359296000,3.0273,,9.16e-05,117373,2026-09-14 04:01:59,1789329719.586
72020,0.805,2359951360,3.0270,,9.15e-05,117434,2026-09-14 04:02:06,1789329726.672
72040,0.805,2360606720,3.0270,,9.14e-05,117429,2026-09-14 04:02:13,1789329733.888
72060,0.805,2361262080,3.0269,,9.13e-05,117388,2026-09-14 04:02:20,1789329740.975
72080,0.806,2361917440,3.0269,,9.12e-05,117394,2026-09-14 04:02:28,1789329748.064
72100,0.806,2362572800,3.0273,,9.10e-05,117405,2026-09-14 04:02:35,1789329755.151
72120,0.806,2363228160,3.0282,,9.09e-05,117406,2026-09-14 04:02:42,1789329762.239
72140,0.806,2363883520,3.0271,,9.08e-05,117399,2026-09-14 04:02:49,1789329769.324
72160,0.807,2364538880,3.0270,,9.07e-05,117409,2026-09-14 04:02:56,1789329776.412
72180,0.807,2365194240,3.0269,,9.06e-05,117383,2026-09-14 04:03:03,1789329783.500
72200,0.807,2365849600,3.0261,,9.04e-05,117358,2026-09-14 04:03:10,1789329790.588
72220,0.807,2366504960,3.0257,,9.03e-05,117353,2026-09-14 04:03:17,1789329797.676
72240,0.807,2367160320,3.0263,,9.02e-05,117333,2026-09-14 04:03:24,1789329804.765
72260,0.808,2367815680,3.0259,,9.01e-05,117337,2026-09-14 04:03:31,1789329811.856
72280,0.808,2368471040,3.0261,,9.00e-05,117361,2026-09-14 04:03:38,1789329818.946
72300,0.808,2369126400,3.0264,,8.99e-05,117384,2026-09-14 04:03:46,1789329826.035
72320,0.808,2369781760,3.0263,,8.97e-05,117377,2026-09-14 04:03:53,1789329833.124
72340,0.809,2370437120,3.0254,,8.96e-05,117387,2026-09-14 04:04:00,1789329840.213
72360,0.809,2371092480,3.0253,,8.95e-05,117376,2026-09-14 04:04:07,1789329847.304
72380,0.809,2371747840,3.0253,,8.94e-05,117424,2026-09-14 04:04:14,1789329854.394
72400,0.809,2372403200,3.0250,,8.93e-05,117399,2026-09-14 04:04:21,1789329861.481
72420,0.810,2373058560,3.0248,,8.91e-05,117379,2026-09-14 04:04:28,1789329868.570
72440,0.810,2373713920,3.0245,,8.90e-05,117388,2026-09-14 04:04:35,1789329875.658
72460,0.810,2374369280,3.0247,,8.89e-05,117368,2026-09-14 04:04:42,1789329882.747
72480,0.810,2375024640,3.0256,,8.88e-05,117361,2026-09-14 04:04:49,1789329889.836
72500,0.810,2375680000,3.0260,,8.87e-05,117369,2026-09-14 04:04:56,1789329896.924
72520,0.811,2376335360,3.0254,,8.86e-05,117376,2026-09-14 04:05:04,1789329904.012
72540,0.811,2376990720,3.0249,,8.84e-05,117354,2026-09-14 04:05:11,1789329911.100
72560,0.811,2377646080,3.0248,,8.83e-05,117359,2026-09-14 04:05:18,1789329918.189
72580,0.811,2378301440,3.0247,,8.82e-05,117379,2026-09-14 04:05:25,1789329925.278
72600,0.812,2378956800,3.0247,,8.81e-05,117354,2026-09-14 04:05:32,1789329932.366
72620,0.812,2379612160,3.0249,,8.80e-05,117362,2026-09-14 04:05:39,1789329939.454
72640,0.812,2380267520,3.0245,,8.79e-05,117357,2026-09-14 04:05:46,1789329946.543
72660,0.812,2380922880,3.0244,,8.77e-05,117345,2026-09-14 04:05:53,1789329953.632
72680,0.812,2381578240,3.0244,,8.76e-05,117318,2026-09-14 04:06:00,1789329960.725
72700,0.813,2382233600,3.0248,,8.75e-05,117325,2026-09-14 04:06:07,1789329967.817
72720,0.813,2382888960,3.0248,,8.74e-05,117324,2026-09-14 04:06:14,1789329974.907
72740,0.813,2383544320,3.0250,,8.73e-05,117369,2026-09-14 04:06:21,1789329981.997
72760,0.813,2384199680,3.0245,,8.72e-05,117339,2026-09-14 04:06:29,1789329989.089
72780,0.814,2384855040,3.0246,,8.71e-05,117342,2026-09-14 04:06:36,1789329996.179
72800,0.814,2385510400,3.0242,,8.69e-05,117331,2026-09-14 04:06:43,1789330003.271
72820,0.814,2386165760,3.0246,,8.68e-05,117251,2026-09-14 04:06:50,1789330010.366
72840,0.814,2386821120,3.0244,,8.67e-05,117281,2026-09-14 04:06:57,1789330017.456
72860,0.814,2387476480,3.0239,,8.66e-05,117388,2026-09-14 04:07:04,1789330024.548
72880,0.815,2388131840,3.0242,,8.65e-05,117341,2026-09-14 04:07:11,1789330031.640
72900,0.815,2388787200,3.0240,,8.64e-05,117309,2026-09-14 04:07:18,1789330038.732
72920,0.815,2389442560,3.0239,,8.62e-05,117321,2026-09-14 04:07:25,1789330045.825
72940,0.815,2390097920,3.0240,,8.61e-05,117284,2026-09-14 04:07:32,1789330052.917
72960,0.816,2390753280,3.0237,,8.60e-05,117294,2026-09-14 04:07:40,1789330060.009
72980,0.816,2391408640,3.0234,,8.59e-05,117332,2026-09-14 04:07:47,1789330067.102
73000,0.816,2392064000,3.0237,,8.58e-05,117324,2026-09-14 04:07:54,1789330074.194
73020,0.816,2392719360,3.0238,,8.57e-05,117341,2026-09-14 04:08:01,1789330081.286
73040,0.816,2393374720,3.0244,,8.56e-05,117313,2026-09-14 04:08:08,1789330088.379
73060,0.817,2394030080,3.0239,,8.55e-05,117238,2026-09-14 04:08:15,1789330095.473
73080,0.817,2394685440,3.0239,,8.53e-05,117240,2026-09-14 04:08:22,1789330102.569
73100,0.817,2395340800,3.0241,,8.52e-05,117254,2026-09-14 04:08:29,1789330109.664
73120,0.817,2395996160,3.0245,,8.51e-05,117273,2026-09-14 04:08:36,1789330116.755
73140,0.818,2396651520,3.0238,,8.50e-05,117330,2026-09-14 04:08:43,1789330123.847
73160,0.818,2397306880,3.0236,,8.49e-05,117296,2026-09-14 04:08:50,1789330130.941
73180,0.818,2397962240,3.0238,,8.48e-05,117261,2026-09-14 04:08:58,1789330138.036
73200,0.818,2398617600,3.0233,,8.47e-05,117290,2026-09-14 04:09:05,1789330145.130
73220,0.818,2399272960,3.0227,,8.45e-05,117323,2026-09-14 04:09:12,1789330152.223
73240,0.819,2399928320,3.0227,,8.44e-05,117288,2026-09-14 04:09:19,1789330159.318
73260,0.819,2400583680,3.0221,,8.43e-05,117275,2026-09-14 04:09:26,1789330166.411
73280,0.819,2401239040,3.0216,,8.42e-05,117262,2026-09-14 04:09:33,1789330173.502
73300,0.819,2401894400,3.0217,,8.41e-05,117266,2026-09-14 04:09:40,1789330180.595
73320,0.820,2402549760,3.0213,,8.40e-05,117275,2026-09-14 04:09:47,1789330187.687
73340,0.820,2403205120,3.0210,,8.39e-05,117459,2026-09-14 04:09:55,1789330195.123
73360,0.820,2403860480,3.0210,,8.38e-05,117390,2026-09-14 04:10:02,1789330202.215
73380,0.820,2404515840,3.0212,,8.37e-05,117307,2026-09-14 04:10:09,1789330209.306
73400,0.820,2405171200,3.0211,,8.35e-05,117306,2026-09-14 04:10:16,1789330216.395
73420,0.821,2405826560,3.0217,,8.34e-05,117372,2026-09-14 04:10:23,1789330223.485
73440,0.821,2406481920,3.0219,,8.33e-05,117377,2026-09-14 04:10:30,1789330230.574
73460,0.821,2407137280,3.0213,,8.32e-05,117346,2026-09-14 04:10:37,1789330237.662
73480,0.821,2407792640,3.0204,,8.31e-05,117392,2026-09-14 04:10:44,1789330244.750
73500,0.822,2408448000,3.0209,,8.30e-05,117356,2026-09-14 04:10:51,1789330251.840
73520,0.822,2409103360,3.0208,,8.29e-05,117348,2026-09-14 04:10:58,1789330258.930
73540,0.822,2409758720,3.0205,,8.28e-05,117307,2026-09-14 04:11:06,1789330266.152
73560,0.822,2410414080,3.0201,,8.27e-05,117317,2026-09-14 04:11:13,1789330273.241
73580,0.822,2411069440,3.0197,,8.25e-05,117360,2026-09-14 04:11:20,1789330280.331
73600,0.823,2411724800,3.0204,,8.24e-05,117361,2026-09-14 04:11:27,1789330287.421
73620,0.823,2412380160,3.0205,,8.23e-05,117281,2026-09-14 04:11:34,1789330294.511
73640,0.823,2413035520,3.0203,,8.22e-05,117316,2026-09-14 04:11:41,1789330301.604
73660,0.823,2413690880,3.0197,,8.21e-05,117313,2026-09-14 04:11:48,1789330308.696
73680,0.824,2414346240,3.0192,,8.20e-05,117290,2026-09-14 04:11:55,1789330315.787
73700,0.824,2415001600,3.0194,,8.19e-05,117275,2026-09-14 04:12:02,1789330322.878
73720,0.824,2415656960,3.0184,,8.18e-05,117282,2026-09-14 04:12:09,1789330329.970
73740,0.824,2416312320,3.0181,,8.17e-05,117285,2026-09-14 04:12:17,1789330337.061
73760,0.824,2416967680,3.0184,,8.16e-05,117309,2026-09-14 04:12:24,1789330344.154
73780,0.825,2417623040,3.0191,,8.14e-05,117335,2026-09-14 04:12:31,1789330351.245
73800,0.825,2418278400,3.0183,,8.13e-05,117360,2026-09-14 04:12:38,1789330358.335
73820,0.825,2418933760,3.0182,,8.12e-05,117299,2026-09-14 04:12:45,1789330365.426
73840,0.825,2419589120,3.0180,,8.11e-05,117303,2026-09-14 04:12:52,1789330372.518
73860,0.826,2420244480,3.0187,,8.10e-05,117362,2026-09-14 04:12:59,1789330379.609
73880,0.826,2420899840,3.0185,,8.09e-05,117373,2026-09-14 04:13:06,1789330386.698
73900,0.826,2421555200,3.0184,,8.08e-05,117347,2026-09-14 04:13:13,1789330393.788
73920,0.826,2422210560,3.0177,,8.07e-05,117338,2026-09-14 04:13:20,1789330400.878
73940,0.826,2422865920,3.0175,,8.06e-05,117352,2026-09-14 04:13:27,1789330407.967
73960,0.827,2423521280,3.0169,,8.05e-05,117347,2026-09-14 04:13:35,1789330415.058
73980,0.827,2424176640,3.0176,,8.04e-05,117320,2026-09-14 04:13:42,1789330422.148
74000,0.827,2424832000,3.0175,,8.03e-05,117337,2026-09-14 04:13:49,1789330429.239
74020,0.827,2425487360,3.0175,,8.01e-05,117352,2026-09-14 04:13:56,1789330436.328
74040,0.828,2426142720,3.0174,,8.00e-05,117332,2026-09-14 04:14:03,1789330443.417
74060,0.828,2426798080,3.0167,,7.99e-05,117323,2026-09-14 04:14:10,1789330450.507
74080,0.828,2427453440,3.0165,,7.98e-05,117320,2026-09-14 04:14:17,1789330457.595
74100,0.828,2428108800,3.0162,,7.97e-05,117299,2026-09-14 04:14:24,1789330464.685
74120,0.829,2428764160,3.0163,,7.96e-05,117325,2026-09-14 04:14:31,1789330471.774
74140,0.829,2429419520,3.0161,,7.95e-05,117337,2026-09-14 04:14:38,1789330478.864
74160,0.829,2430074880,3.0158,,7.94e-05,117347,2026-09-14 04:14:45,1789330485.956
74180,0.829,2430730240,3.0158,,7.93e-05,117341,2026-09-14 04:14:53,1789330493.048
74200,0.829,2431385600,3.0156,,7.92e-05,117355,2026-09-14 04:15:00,1789330500.138
74220,0.830,2432040960,3.0149,,7.91e-05,117306,2026-09-14 04:15:07,1789330507.233
74240,0.830,2432696320,3.0156,,7.90e-05,117322,2026-09-14 04:15:14,1789330514.325
74260,0.830,2433351680,3.0151,,7.89e-05,117318,2026-09-14 04:15:21,1789330521.417
74280,0.830,2434007040,3.0158,,7.88e-05,117327,2026-09-14 04:15:28,1789330528.509
74300,0.831,2434662400,3.0161,,7.87e-05,117334,2026-09-14 04:15:35,1789330535.599
74320,0.831,2435317760,3.0159,,7.85e-05,117311,2026-09-14 04:15:42,1789330542.692
74340,0.831,2435973120,3.0162,,7.84e-05,117287,2026-09-14 04:15:49,1789330549.785
74360,0.831,2436628480,3.0160,,7.83e-05,117297,2026-09-14 04:15:56,1789330556.877
74380,0.831,2437283840,3.0166,,7.82e-05,117345,2026-09-14 04:16:03,1789330563.967
74400,0.832,2437939200,3.0168,,7.81e-05,117342,2026-09-14 04:16:11,1789330571.056
74420,0.832,2438594560,3.0167,,7.80e-05,117344,2026-09-14 04:16:18,1789330578.146
74440,0.832,2439249920,3.0169,,7.79e-05,117340,2026-09-14 04:16:25,1789330585.236
74460,0.832,2439905280,3.0169,,7.78e-05,117397,2026-09-14 04:16:32,1789330592.328
74480,0.833,2440560640,3.0164,,7.77e-05,117383,2026-09-14 04:16:39,1789330599.421
74500,0.833,2441216000,3.0160,,7.76e-05,117312,2026-09-14 04:16:46,1789330606.513
74520,0.833,2441871360,3.0159,,7.75e-05,117313,2026-09-14 04:16:53,1789330613.603
74540,0.833,2442526720,3.0159,,7.74e-05,117295,2026-09-14 04:17:00,1789330620.694
74560,0.833,2443182080,3.0157,,7.73e-05,117315,2026-09-14 04:17:07,1789330627.785
74580,0.834,2443837440,3.0158,,7.72e-05,117347,2026-09-14 04:17:14,1789330634.874
74600,0.834,2444492800,3.0153,,7.71e-05,117336,2026-09-14 04:17:21,1789330641.966
74620,0.834,2445148160,3.0150,,7.70e-05,117283,2026-09-14 04:17:29,1789330649.058
74640,0.834,2445803520,3.0151,,7.69e-05,117309,2026-09-14 04:17:36,1789330656.149
74660,0.835,2446458880,3.0144,,7.68e-05,117295,2026-09-14 04:17:43,1789330663.240
74680,0.835,2447114240,3.0140,,7.67e-05,117290,2026-09-14 04:17:50,1789330670.331
74700,0.835,2447769600,3.0142,,7.66e-05,117320,2026-09-14 04:17:57,1789330677.425
74720,0.835,2448424960,3.0146,,7.65e-05,117307,2026-09-14 04:18:04,1789330684.516
74740,0.835,2449080320,3.0153,,7.64e-05,117290,2026-09-14 04:18:11,1789330691.610
74760,0.836,2449735680,3.0152,,7.62e-05,117283,2026-09-14 04:18:18,1789330698.703
74780,0.836,2450391040,3.0150,,7.61e-05,117328,2026-09-14 04:18:25,1789330705.794
74800,0.836,2451046400,3.0144,,7.60e-05,117324,2026-09-14 04:18:32,1789330712.884
74820,0.836,2451701760,3.0141,,7.59e-05,117339,2026-09-14 04:18:39,1789330719.975
74840,0.837,2452357120,3.0143,,7.58e-05,117350,2026-09-14 04:18:47,1789330727.065
74860,0.837,2453012480,3.0144,,7.57e-05,117357,2026-09-14 04:18:54,1789330734.155
74880,0.837,2453667840,3.0148,,7.56e-05,117351,2026-09-14 04:19:01,1789330741.246
74900,0.837,2454323200,3.0151,,7.55e-05,117354,2026-09-14 04:19:08,1789330748.337
74920,0.837,2454978560,3.0150,,7.54e-05,117351,2026-09-14 04:19:15,1789330755.428
74940,0.838,2455633920,3.0153,,7.53e-05,117403,2026-09-14 04:19:22,1789330762.517
74960,0.838,2456289280,3.0157,,7.52e-05,117370,2026-09-14 04:19:29,1789330769.607
74980,0.838,2456944640,3.0158,,7.51e-05,117413,2026-09-14 04:19:36,1789330776.696
75000,0.838,2457600000,3.0157,,7.50e-05,117391,2026-09-14 04:19:43,1789330783.784
75000,0.838,2457600000,3.0157,2.9905,7.50e-05,,2026-09-14 04:19:57,1789330797.220
75020,0.839,2458255360,3.0158,,7.49e-05,117477,2026-09-14 04:20:04,1789330804.431
75040,0.839,2458910720,3.0157,,7.48e-05,117523,2026-09-14 04:20:11,1789330811.510
75060,0.839,2459566080,3.0159,,7.47e-05,117539,2026-09-14 04:20:18,1789330818.590
75080,0.839,2460221440,3.0160,,7.46e-05,117541,2026-09-14 04:20:25,1789330825.671
75100,0.839,2460876800,3.0156,,7.45e-05,117442,2026-09-14 04:20:32,1789330832.755
75120,0.840,2461532160,3.0152,,7.44e-05,117418,2026-09-14 04:20:39,1789330839.840
75140,0.840,2462187520,3.0154,,7.43e-05,117468,2026-09-14 04:20:46,1789330846.923
75160,0.840,2462842880,3.0154,,7.42e-05,117453,2026-09-14 04:20:54,1789330854.009
75180,0.840,2463498240,3.0157,,7.41e-05,117376,2026-09-14 04:21:01,1789330861.093
75200,0.841,2464153600,3.0164,,7.40e-05,117406,2026-09-14 04:21:08,1789330868.177
75220,0.841,2464808960,3.0161,,7.39e-05,117454,2026-09-14 04:21:15,1789330875.262
75240,0.841,2465464320,3.0160,,7.38e-05,117439,2026-09-14 04:21:22,1789330882.346
75260,0.841,2466119680,3.0158,,7.37e-05,117449,2026-09-14 04:21:29,1789330889.428
75280,0.841,2466775040,3.0155,,7.36e-05,117460,2026-09-14 04:21:36,1789330896.511
75300,0.842,2467430400,3.0152,,7.35e-05,117428,2026-09-14 04:21:43,1789330903.597
75320,0.842,2468085760,3.0156,,7.34e-05,117429,2026-09-14 04:21:50,1789330910.680
75340,0.842,2468741120,3.0156,,7.33e-05,117384,2026-09-14 04:21:57,1789330917.764
75360,0.842,2469396480,3.0153,,7.32e-05,117388,2026-09-14 04:22:04,1789330924.853
75380,0.843,2470051840,3.0152,,7.31e-05,117366,2026-09-14 04:22:11,1789330931.940
75400,0.843,2470707200,3.0148,,7.30e-05,117367,2026-09-14 04:22:19,1789330939.027
75420,0.843,2471362560,3.0148,,7.29e-05,117340,2026-09-14 04:22:26,1789330946.115
75440,0.843,2472017920,3.0149,,7.28e-05,117362,2026-09-14 04:22:33,1789330953.203
75460,0.843,2472673280,3.0153,,7.27e-05,117371,2026-09-14 04:22:40,1789330960.291
75480,0.844,2473328640,3.0145,,7.26e-05,117389,2026-09-14 04:22:47,1789330967.378
75500,0.844,2473984000,3.0140,,7.25e-05,117424,2026-09-14 04:22:54,1789330974.469
75520,0.844,2474639360,3.0136,,7.24e-05,117474,2026-09-14 04:23:01,1789330981.559
75540,0.844,2475294720,3.0137,,7.23e-05,117422,2026-09-14 04:23:08,1789330988.646
75560,0.845,2475950080,3.0137,,7.22e-05,117428,2026-09-14 04:23:15,1789330995.734
75580,0.845,2476605440,3.0127,,7.21e-05,117463,2026-09-14 04:23:22,1789331002.822
75600,0.845,2477260800,3.0127,,7.20e-05,117423,2026-09-14 04:23:29,1789331009.908
75620,0.845,2477916160,3.0132,,7.19e-05,117448,2026-09-14 04:23:36,1789331016.994
75640,0.845,2478571520,3.0129,,7.18e-05,117399,2026-09-14 04:23:44,1789331024.082
75660,0.846,2479226880,3.0136,,7.17e-05,117374,2026-09-14 04:23:51,1789331031.169
75680,0.846,2479882240,3.0136,,7.16e-05,117385,2026-09-14 04:23:58,1789331038.256
75700,0.846,2480537600,3.0133,,7.16e-05,117407,2026-09-14 04:24:05,1789331045.344
75720,0.846,2481192960,3.0129,,7.15e-05,117422,2026-09-14 04:24:12,1789331052.436
75740,0.847,2481848320,3.0124,,7.14e-05,117405,2026-09-14 04:24:19,1789331059.528
75760,0.847,2482503680,3.0123,,7.13e-05,117399,2026-09-14 04:24:26,1789331066.617
75780,0.847,2483159040,3.0121,,7.12e-05,117407,2026-09-14 04:24:33,1789331073.706
75800,0.847,2483814400,3.0119,,7.11e-05,117409,2026-09-14 04:24:40,1789331080.793
75820,0.848,2484469760,3.0115,,7.10e-05,117368,2026-09-14 04:24:47,1789331087.882
75840,0.848,2485125120,3.0112,,7.09e-05,117363,2026-09-14 04:24:54,1789331094.972
75860,0.848,2485780480,3.0103,,7.08e-05,117537,2026-09-14 04:25:02,1789331102.403
75880,0.848,2486435840,3.0104,,7.07e-05,117470,2026-09-14 04:25:09,1789331109.489
75900,0.848,2487091200,3.0098,,7.06e-05,117455,2026-09-14 04:25:16,1789331116.575
75920,0.849,2487746560,3.0093,,7.05e-05,117442,2026-09-14 04:25:23,1789331123.661
75940,0.849,2488401920,3.0085,,7.04e-05,117431,2026-09-14 04:25:30,1789331130.746
75960,0.849,2489057280,3.0081,,7.03e-05,117463,2026-09-14 04:25:37,1789331137.829
75980,0.849,2489712640,3.0081,,7.02e-05,117484,2026-09-14 04:25:44,1789331144.913
76000,0.850,2490368000,3.0082,,7.01e-05,117464,2026-09-14 04:25:51,1789331152.000
76020,0.850,2491023360,3.0077,,7.00e-05,117480,2026-09-14 04:25:59,1789331159.084
76040,0.850,2491678720,3.0073,,6.99e-05,117454,2026-09-14 04:26:06,1789331166.171
76060,0.850,2492334080,3.0076,,6.98e-05,117416,2026-09-14 04:26:13,1789331173.255
76080,0.850,2492989440,3.0074,,6.97e-05,117426,2026-09-14 04:26:20,1789331180.341
76100,0.851,2493644800,3.0077,,6.96e-05,117485,2026-09-14 04:26:27,1789331187.424
76120,0.851,2494300160,3.0076,,6.95e-05,117454,2026-09-14 04:26:34,1789331194.511
76140,0.851,2494955520,3.0077,,6.95e-05,117423,2026-09-14 04:26:41,1789331201.594
76160,0.851,2495610880,3.0073,,6.94e-05,117432,2026-09-14 04:26:48,1789331208.681
76180,0.852,2496266240,3.0074,,6.93e-05,117443,2026-09-14 04:26:55,1789331215.763
76200,0.852,2496921600,3.0078,,6.92e-05,117435,2026-09-14 04:27:02,1789331222.848
76220,0.852,2497576960,3.0082,,6.91e-05,117485,2026-09-14 04:27:09,1789331229.930
76240,0.852,2498232320,3.0077,,6.90e-05,117474,2026-09-14 04:27:17,1789331237.015
76260,0.852,2498887680,3.0076,,6.89e-05,117408,2026-09-14 04:27:24,1789331244.099
76280,0.853,2499543040,3.0072,,6.88e-05,117421,2026-09-14 04:27:31,1789331251.183
76300,0.853,2500198400,3.0073,,6.87e-05,117460,2026-09-14 04:27:38,1789331258.267
76320,0.853,2500853760,3.0073,,6.86e-05,117440,2026-09-14 04:27:45,1789331265.353
76340,0.853,2501509120,3.0070,,6.85e-05,117396,2026-09-14 04:27:52,1789331272.439
76360,0.854,2502164480,3.0070,,6.84e-05,117394,2026-09-14 04:27:59,1789331279.525
76380,0.854,2502819840,3.0065,,6.83e-05,117404,2026-09-14 04:28:06,1789331286.610
76400,0.854,2503475200,3.0062,,6.82e-05,117407,2026-09-14 04:28:13,1789331293.696
76420,0.854,2504130560,3.0054,,6.81e-05,117399,2026-09-14 04:28:20,1789331300.785
76440,0.854,2504785920,3.0053,,6.81e-05,117379,2026-09-14 04:28:27,1789331307.873
76460,0.855,2505441280,3.0045,,6.80e-05,117463,2026-09-14 04:28:34,1789331314.961
76480,0.855,2506096640,3.0051,,6.79e-05,117406,2026-09-14 04:28:42,1789331322.049
76500,0.855,2506752000,3.0046,,6.78e-05,117372,2026-09-14 04:28:49,1789331329.136
76520,0.855,2507407360,3.0046,,6.77e-05,117391,2026-09-14 04:28:56,1789331336.354
76540,0.856,2508062720,3.0041,,6.76e-05,117328,2026-09-14 04:29:03,1789331343.444
76560,0.856,2508718080,3.0045,,6.75e-05,117329,2026-09-14 04:29:10,1789331350.535
76580,0.856,2509373440,3.0053,,6.74e-05,117371,2026-09-14 04:29:17,1789331357.625
76600,0.856,2510028800,3.0059,,6.73e-05,117339,2026-09-14 04:29:24,1789331364.716
76620,0.856,2510684160,3.0060,,6.72e-05,117334,2026-09-14 04:29:31,1789331371.807
76640,0.857,2511339520,3.0058,,6.71e-05,117341,2026-09-14 04:29:38,1789331378.896
76660,0.857,2511994880,3.0063,,6.71e-05,117364,2026-09-14 04:29:45,1789331385.985
76680,0.857,2512650240,3.0061,,6.70e-05,117344,2026-09-14 04:29:53,1789331393.077
76700,0.857,2513305600,3.0054,,6.69e-05,117308,2026-09-14 04:30:00,1789331400.167
76720,0.858,2513960960,3.0055,,6.68e-05,117322,2026-09-14 04:30:07,1789331407.258
76740,0.858,2514616320,3.0052,,6.67e-05,117349,2026-09-14 04:30:14,1789331414.349
76760,0.858,2515271680,3.0054,,6.66e-05,117353,2026-09-14 04:30:21,1789331421.438
76780,0.858,2515927040,3.0044,,6.65e-05,117350,2026-09-14 04:30:28,1789331428.527
76800,0.858,2516582400,3.0044,,6.64e-05,117373,2026-09-14 04:30:35,1789331435.618
76820,0.859,2517237760,3.0040,,6.63e-05,117387,2026-09-14 04:30:42,1789331442.708
76840,0.859,2517893120,3.0041,,6.62e-05,117346,2026-09-14 04:30:49,1789331449.799
76860,0.859,2518548480,3.0039,,6.62e-05,117335,2026-09-14 04:30:56,1789331456.890
76880,0.859,2519203840,3.0039,,6.61e-05,117328,2026-09-14 04:31:03,1789331463.982
76900,0.860,2519859200,3.0038,,6.60e-05,117358,2026-09-14 04:31:11,1789331471.072
76920,0.860,2520514560,3.0041,,6.59e-05,117346,2026-09-14 04:31:18,1789331478.164
76940,0.860,2521169920,3.0044,,6.58e-05,117351,2026-09-14 04:31:25,1789331485.256
76960,0.860,2521825280,3.0050,,6.57e-05,117346,2026-09-14 04:31:32,1789331492.347
76980,0.860,2522480640,3.0053,,6.56e-05,117350,2026-09-14 04:31:39,1789331499.437
77000,0.861,2523136000,3.0061,,6.55e-05,117368,2026-09-14 04:31:46,1789331506.525
77020,0.861,2523791360,3.0057,,6.54e-05,117396,2026-09-14 04:31:53,1789331513.613
77040,0.861,2524446720,3.0065,,6.54e-05,117380,2026-09-14 04:32:00,1789331520.702
77060,0.861,2525102080,3.0068,,6.53e-05,117391,2026-09-14 04:32:07,1789331527.791
77080,0.862,2525757440,3.0066,,6.52e-05,117394,2026-09-14 04:32:14,1789331534.878
77100,0.862,2526412800,3.0058,,6.51e-05,117366,2026-09-14 04:32:21,1789331541.967
77120,0.862,2527068160,3.0061,,6.50e-05,117361,2026-09-14 04:32:29,1789331549.054
77140,0.862,2527723520,3.0058,,6.49e-05,117385,2026-09-14 04:32:36,1789331556.140
77160,0.862,2528378880,3.0072,,6.48e-05,117402,2026-09-14 04:32:43,1789331563.225
77180,0.863,2529034240,3.0080,,6.47e-05,117433,2026-09-14 04:32:50,1789331570.311
77200,0.863,2529689600,3.0077,,6.47e-05,117419,2026-09-14 04:32:57,1789331577.399
77220,0.863,2530344960,3.0073,,6.46e-05,117376,2026-09-14 04:33:04,1789331584.487
77240,0.863,2531000320,3.0076,,6.45e-05,117424,2026-09-14 04:33:11,1789331591.577
77260,0.864,2531655680,3.0078,,6.44e-05,117387,2026-09-14 04:33:18,1789331598.665
77280,0.864,2532311040,3.0079,,6.43e-05,117408,2026-09-14 04:33:25,1789331605.752
77300,0.864,2532966400,3.0082,,6.42e-05,117386,2026-09-14 04:33:32,1789331612.839
77320,0.864,2533621760,3.0082,,6.41e-05,117406,2026-09-14 04:33:39,1789331619.925
77340,0.865,2534277120,3.0080,,6.40e-05,117396,2026-09-14 04:33:47,1789331627.015
77360,0.865,2534932480,3.0076,,6.40e-05,117380,2026-09-14 04:33:54,1789331634.103
77380,0.865,2535587840,3.0076,,6.39e-05,117396,2026-09-14 04:34:01,1789331641.190
77400,0.865,2536243200,3.0081,,6.38e-05,117401,2026-09-14 04:34:08,1789331648.279
77420,0.865,2536898560,3.0083,,6.37e-05,117417,2026-09-14 04:34:15,1789331655.366
77440,0.866,2537553920,3.0080,,6.36e-05,117413,2026-09-14 04:34:22,1789331662.454
77460,0.866,2538209280,3.0074,,6.35e-05,117468,2026-09-14 04:34:29,1789331669.542
77480,0.866,2538864640,3.0074,,6.34e-05,117425,2026-09-14 04:34:36,1789331676.632
77500,0.866,2539520000,3.0077,,6.34e-05,117399,2026-09-14 04:34:43,1789331683.718
77520,0.867,2540175360,3.0079,,6.33e-05,117406,2026-09-14 04:34:50,1789331690.806
77540,0.867,2540830720,3.0085,,6.32e-05,117439,2026-09-14 04:34:57,1789331697.892
77560,0.867,2541486080,3.0082,,6.31e-05,117431,2026-09-14 04:35:04,1789331704.979
77580,0.867,2542141440,3.0086,,6.30e-05,117414,2026-09-14 04:35:12,1789331712.064
77600,0.867,2542796800,3.0088,,6.29e-05,117451,2026-09-14 04:35:19,1789331719.147
77620,0.868,2543452160,3.0085,,6.29e-05,117414,2026-09-14 04:35:26,1789331726.234
77640,0.868,2544107520,3.0088,,6.28e-05,117445,2026-09-14 04:35:33,1789331733.319
77660,0.868,2544762880,3.0085,,6.27e-05,117464,2026-09-14 04:35:40,1789331740.404
77680,0.868,2545418240,3.0085,,6.26e-05,117461,2026-09-14 04:35:47,1789331747.490
77700,0.869,2546073600,3.0083,,6.25e-05,117532,2026-09-14 04:35:54,1789331754.577
77720,0.869,2546728960,3.0088,,6.24e-05,117467,2026-09-14 04:36:01,1789331761.663
77740,0.869,2547384320,3.0097,,6.23e-05,117440,2026-09-14 04:36:08,1789331768.749
77760,0.869,2548039680,3.0098,,6.23e-05,117454,2026-09-14 04:36:15,1789331775.835
77780,0.869,2548695040,3.0095,,6.22e-05,117467,2026-09-14 04:36:22,1789331782.920
77800,0.870,2549350400,3.0092,,6.21e-05,117463,2026-09-14 04:36:29,1789331790.003
77820,0.870,2550005760,3.0093,,6.20e-05,117434,2026-09-14 04:36:37,1789331797.088
77840,0.870,2550661120,3.0096,,6.19e-05,117469,2026-09-14 04:36:44,1789331804.175
77860,0.870,2551316480,3.0092,,6.18e-05,117387,2026-09-14 04:36:51,1789331811.262
77880,0.871,2551971840,3.0092,,6.18e-05,117396,2026-09-14 04:36:58,1789331818.348
77900,0.871,2552627200,3.0085,,6.17e-05,117359,2026-09-14 04:37:05,1789331825.437
77920,0.871,2553282560,3.0079,,6.16e-05,117371,2026-09-14 04:37:12,1789331832.526
77940,0.871,2553937920,3.0073,,6.15e-05,117413,2026-09-14 04:37:19,1789331839.615
77960,0.871,2554593280,3.0075,,6.14e-05,117375,2026-09-14 04:37:26,1789331846.704
77980,0.872,2555248640,3.0076,,6.14e-05,117393,2026-09-14 04:37:33,1789331853.793
78000,0.872,2555904000,3.0074,,6.13e-05,117396,2026-09-14 04:37:40,1789331860.881
78020,0.872,2556559360,3.0068,,6.12e-05,117322,2026-09-14 04:37:47,1789331867.970
78040,0.872,2557214720,3.0067,,6.11e-05,117363,2026-09-14 04:37:55,1789331875.195
78060,0.873,2557870080,3.0058,,6.10e-05,117354,2026-09-14 04:38:02,1789331882.284
78080,0.873,2558525440,3.0051,,6.09e-05,117360,2026-09-14 04:38:09,1789331889.373
78100,0.873,2559180800,3.0050,,6.09e-05,117412,2026-09-14 04:38:16,1789331896.464
78120,0.873,2559836160,3.0044,,6.08e-05,117412,2026-09-14 04:38:23,1789331903.557
78140,0.873,2560491520,3.0044,,6.07e-05,117365,2026-09-14 04:38:30,1789331910.647
78160,0.874,2561146880,3.0048,,6.06e-05,117367,2026-09-14 04:38:37,1789331917.739
78180,0.874,2561802240,3.0053,,6.05e-05,117454,2026-09-14 04:38:44,1789331924.831
78200,0.874,2562457600,3.0047,,6.05e-05,117407,2026-09-14 04:38:51,1789331931.921
78220,0.874,2563112960,3.0051,,6.04e-05,117344,2026-09-14 04:38:59,1789331939.010
78240,0.875,2563768320,3.0052,,6.03e-05,117344,2026-09-14 04:39:06,1789331946.099
78260,0.875,2564423680,3.0054,,6.02e-05,117342,2026-09-14 04:39:13,1789331953.188
78280,0.875,2565079040,3.0058,,6.01e-05,117344,2026-09-14 04:39:20,1789331960.276
78300,0.875,2565734400,3.0064,,6.01e-05,117314,2026-09-14 04:39:27,1789331967.365
78320,0.875,2566389760,3.0065,,6.00e-05,117302,2026-09-14 04:39:34,1789331974.456
78340,0.876,2567045120,3.0068,,5.99e-05,117316,2026-09-14 04:39:41,1789331981.546
78360,0.876,2567700480,3.0071,,5.98e-05,117325,2026-09-14 04:39:48,1789331988.635
78380,0.876,2568355840,3.0075,,5.97e-05,117320,2026-09-14 04:39:55,1789331995.724
78400,0.876,2569011200,3.0073,,5.97e-05,117326,2026-09-14 04:40:02,1789332002.813
78420,0.877,2569666560,3.0069,,5.96e-05,117301,2026-09-14 04:40:09,1789332009.904
78440,0.877,2570321920,3.0070,,5.95e-05,117330,2026-09-14 04:40:16,1789332016.993
78460,0.877,2570977280,3.0070,,5.94e-05,117341,2026-09-14 04:40:24,1789332024.083
78480,0.877,2571632640,3.0069,,5.93e-05,117357,2026-09-14 04:40:31,1789332031.170
78500,0.877,2572288000,3.0072,,5.93e-05,117330,2026-09-14 04:40:38,1789332038.260
78520,0.878,2572943360,3.0071,,5.92e-05,117317,2026-09-14 04:40:45,1789332045.350
78540,0.878,2573598720,3.0074,,5.91e-05,117322,2026-09-14 04:40:52,1789332052.441
78560,0.878,2574254080,3.0070,,5.90e-05,117304,2026-09-14 04:40:59,1789332059.533
78580,0.878,2574909440,3.0075,,5.90e-05,117296,2026-09-14 04:41:06,1789332066.624
78600,0.879,2575564800,3.0078,,5.89e-05,117307,2026-09-14 04:41:13,1789332073.716
78620,0.879,2576220160,3.0080,,5.88e-05,117336,2026-09-14 04:41:20,1789332080.807
78640,0.879,2576875520,3.0084,,5.87e-05,117314,2026-09-14 04:41:27,1789332087.897
78660,0.879,2577530880,3.0079,,5.86e-05,117307,2026-09-14 04:41:34,1789332094.989
78680,0.879,2578186240,3.0073,,5.86e-05,117303,2026-09-14 04:41:42,1789332102.079
78700,0.880,2578841600,3.0075,,5.85e-05,117302,2026-09-14 04:41:49,1789332109.170
78720,0.880,2579496960,3.0076,,5.84e-05,117303,2026-09-14 04:41:56,1789332116.262
78740,0.880,2580152320,3.0075,,5.83e-05,117320,2026-09-14 04:42:03,1789332123.352
78760,0.880,2580807680,3.0069,,5.83e-05,117324,2026-09-14 04:42:10,1789332130.442
78780,0.881,2581463040,3.0075,,5.82e-05,117304,2026-09-14 04:42:17,1789332137.534
78800,0.881,2582118400,3.0080,,5.81e-05,117284,2026-09-14 04:42:24,1789332144.626
78820,0.881,2582773760,3.0074,,5.80e-05,117305,2026-09-14 04:42:31,1789332151.716
78840,0.881,2583429120,3.0079,,5.80e-05,117306,2026-09-14 04:42:38,1789332158.806
78860,0.881,2584084480,3.0077,,5.79e-05,117283,2026-09-14 04:42:45,1789332165.898
78880,0.882,2584739840,3.0076,,5.78e-05,117289,2026-09-14 04:42:52,1789332172.988
78900,0.882,2585395200,3.0065,,5.77e-05,117291,2026-09-14 04:43:00,1789332180.080
78920,0.882,2586050560,3.0068,,5.77e-05,117298,2026-09-14 04:43:07,1789332187.172
78940,0.882,2586705920,3.0068,,5.76e-05,117368,2026-09-14 04:43:14,1789332194.263
78960,0.883,2587361280,3.0067,,5.75e-05,117348,2026-09-14 04:43:21,1789332201.355
78980,0.883,2588016640,3.0070,,5.74e-05,117360,2026-09-14 04:43:28,1789332208.451
79000,0.883,2588672000,3.0074,,5.74e-05,117335,2026-09-14 04:43:35,1789332215.543
79020,0.883,2589327360,3.0074,,5.73e-05,117302,2026-09-14 04:43:42,1789332222.636
79040,0.884,2589982720,3.0074,,5.72e-05,117331,2026-09-14 04:43:49,1789332229.727
79060,0.884,2590638080,3.0067,,5.71e-05,117400,2026-09-14 04:43:56,1789332236.818
79080,0.884,2591293440,3.0071,,5.71e-05,117368,2026-09-14 04:44:03,1789332243.909
79100,0.884,2591948800,3.0066,,5.70e-05,117332,2026-09-14 04:44:10,1789332251.001
79120,0.884,2592604160,3.0069,,5.69e-05,117311,2026-09-14 04:44:18,1789332258.094
79140,0.885,2593259520,3.0070,,5.68e-05,117328,2026-09-14 04:44:25,1789332265.187
79160,0.885,2593914880,3.0071,,5.68e-05,117344,2026-09-14 04:44:32,1789332272.278
79180,0.885,2594570240,3.0066,,5.67e-05,117390,2026-09-14 04:44:39,1789332279.366
79200,0.885,2595225600,3.0064,,5.66e-05,117366,2026-09-14 04:44:46,1789332286.457
79220,0.886,2595880960,3.0073,,5.65e-05,117371,2026-09-14 04:44:53,1789332293.547
79240,0.886,2596536320,3.0073,,5.65e-05,117357,2026-09-14 04:45:00,1789332300.637
79260,0.886,2597191680,3.0067,,5.64e-05,117332,2026-09-14 04:45:07,1789332307.729
79280,0.886,2597847040,3.0065,,5.63e-05,117357,2026-09-14 04:45:14,1789332314.819
79300,0.886,2598502400,3.0066,,5.62e-05,117357,2026-09-14 04:45:21,1789332321.909
79320,0.887,2599157760,3.0068,,5.62e-05,117384,2026-09-14 04:45:28,1789332329.000
79340,0.887,2599813120,3.0065,,5.61e-05,117353,2026-09-14 04:45:36,1789332336.091
79360,0.887,2600468480,3.0067,,5.60e-05,117344,2026-09-14 04:45:43,1789332343.181
79380,0.887,2601123840,3.0070,,5.60e-05,117328,2026-09-14 04:45:50,1789332350.273
79400,0.888,2601779200,3.0074,,5.59e-05,117353,2026-09-14 04:45:57,1789332357.368
79420,0.888,2602434560,3.0079,,5.58e-05,117321,2026-09-14 04:46:04,1789332364.461
79440,0.888,2603089920,3.0084,,5.57e-05,117331,2026-09-14 04:46:11,1789332371.554
79460,0.888,2603745280,3.0078,,5.57e-05,117279,2026-09-14 04:46:18,1789332378.648
79480,0.888,2604400640,3.0074,,5.56e-05,117294,2026-09-14 04:46:25,1789332385.740
79500,0.889,2605056000,3.0080,,5.55e-05,117323,2026-09-14 04:46:32,1789332392.831
79520,0.889,2605711360,3.0078,,5.54e-05,117339,2026-09-14 04:46:39,1789332399.924
79540,0.889,2606366720,3.0078,,5.54e-05,117319,2026-09-14 04:46:47,1789332407.149
79560,0.889,2607022080,3.0081,,5.53e-05,117332,2026-09-14 04:46:54,1789332414.238
79580,0.890,2607677440,3.0074,,5.52e-05,117369,2026-09-14 04:47:01,1789332421.328
79600,0.890,2608332800,3.0075,,5.52e-05,117344,2026-09-14 04:47:08,1789332428.418
79620,0.890,2608988160,3.0070,,5.51e-05,117330,2026-09-14 04:47:15,1789332435.507
79640,0.890,2609643520,3.0065,,5.50e-05,117340,2026-09-14 04:47:22,1789332442.595
79660,0.890,2610298880,3.0068,,5.50e-05,117340,2026-09-14 04:47:29,1789332449.685
79680,0.891,2610954240,3.0061,,5.49e-05,117334,2026-09-14 04:47:36,1789332456.774
79700,0.891,2611609600,3.0055,,5.48e-05,117358,2026-09-14 04:47:43,1789332463.864
79720,0.891,2612264960,3.0052,,5.47e-05,117338,2026-09-14 04:47:50,1789332470.953
79740,0.891,2612920320,3.0050,,5.47e-05,117312,2026-09-14 04:47:58,1789332478.043
79760,0.892,2613575680,3.0048,,5.46e-05,117323,2026-09-14 04:48:05,1789332485.134
79780,0.892,2614231040,3.0038,,5.45e-05,117362,2026-09-14 04:48:12,1789332492.223
79800,0.892,2614886400,3.0037,,5.45e-05,117362,2026-09-14 04:48:19,1789332499.312
79820,0.892,2615541760,3.0036,,5.44e-05,117352,2026-09-14 04:48:26,1789332506.403
79840,0.892,2616197120,3.0029,,5.43e-05,117368,2026-09-14 04:48:33,1789332513.494
79860,0.893,2616852480,3.0021,,5.43e-05,117481,2026-09-14 04:48:40,1789332520.927
79880,0.893,2617507840,3.0021,,5.42e-05,117403,2026-09-14 04:48:48,1789332528.016
79900,0.893,2618163200,3.0015,,5.41e-05,117313,2026-09-14 04:48:55,1789332535.108
79920,0.893,2618818560,3.0003,,5.40e-05,117323,2026-09-14 04:49:02,1789332542.199
79940,0.894,2619473920,3.0004,,5.40e-05,117311,2026-09-14 04:49:09,1789332549.290
79960,0.894,2620129280,3.0000,,5.39e-05,117311,2026-09-14 04:49:16,1789332556.381
79980,0.894,2620784640,3.0000,,5.38e-05,117322,2026-09-14 04:49:23,1789332563.470
80000,0.894,2621440000,2.9996,,5.38e-05,117340,2026-09-14 04:49:30,1789332570.560
80000,0.894,2621440000,2.9996,2.9798,5.38e-05,,2026-09-14 04:49:43,1789332583.912
80020,0.894,2622095360,2.9994,,5.37e-05,117522,2026-09-14 04:49:50,1789332590.991
80040,0.895,2622750720,2.9991,,5.36e-05,117516,2026-09-14 04:49:58,1789332598.070
80060,0.895,2623406080,2.9986,,5.36e-05,117563,2026-09-14 04:50:05,1789332605.149
80080,0.895,2624061440,2.9985,,5.35e-05,117541,2026-09-14 04:50:12,1789332612.232
80100,0.895,2624716800,2.9984,,5.34e-05,117353,2026-09-14 04:50:19,1789332619.319
80120,0.896,2625372160,2.9987,,5.34e-05,117349,2026-09-14 04:50:26,1789332626.408
80140,0.896,2626027520,2.9980,,5.33e-05,117374,2026-09-14 04:50:33,1789332633.497
80160,0.896,2626682880,2.9973,,5.32e-05,117384,2026-09-14 04:50:40,1789332640.586
80180,0.896,2627338240,2.9973,,5.32e-05,117345,2026-09-14 04:50:47,1789332647.676
80200,0.896,2627993600,2.9976,,5.31e-05,117353,2026-09-14 04:50:54,1789332654.767
80220,0.897,2628648960,2.9971,,5.30e-05,117315,2026-09-14 04:51:01,1789332661.857
80240,0.897,2629304320,2.9969,,5.30e-05,117321,2026-09-14 04:51:08,1789332668.946
80260,0.897,2629959680,2.9969,,5.29e-05,117327,2026-09-14 04:51:16,1789332676.036
80280,0.897,2630615040,2.9972,,5.28e-05,117327,2026-09-14 04:51:23,1789332683.127
80300,0.898,2631270400,2.9971,,5.28e-05,117381,2026-09-14 04:51:30,1789332690.216
80320,0.898,2631925760,2.9976,,5.27e-05,117364,2026-09-14 04:51:37,1789332697.304
80340,0.898,2632581120,2.9970,,5.26e-05,117356,2026-09-14 04:51:44,1789332704.393
80360,0.898,2633236480,2.9973,,5.26e-05,117352,2026-09-14 04:51:51,1789332711.482
80380,0.898,2633891840,2.9972,,5.25e-05,117324,2026-09-14 04:51:58,1789332718.571
80400,0.899,2634547200,2.9974,,5.24e-05,117356,2026-09-14 04:52:05,1789332725.659
80420,0.899,2635202560,2.9975,,5.24e-05,117385,2026-09-14 04:52:12,1789332732.748
80440,0.899,2635857920,2.9973,,5.23e-05,117450,2026-09-14 04:52:20,1789332740.177
80460,0.899,2636513280,2.9971,,5.22e-05,117418,2026-09-14 04:52:27,1789332747.264
80480,0.900,2637168640,2.9975,,5.22e-05,117427,2026-09-14 04:52:34,1789332754.350
80500,0.900,2637824000,2.9975,,5.21e-05,117378,2026-09-14 04:52:41,1789332761.435
80520,0.900,2638479360,2.9974,,5.21e-05,117390,2026-09-14 04:52:48,1789332768.521
80540,0.900,2639134720,2.9974,,5.20e-05,117415,2026-09-14 04:52:55,1789332775.605
80560,0.900,2639790080,2.9975,,5.19e-05,117396,2026-09-14 04:53:02,1789332782.691
80580,0.901,2640445440,2.9973,,5.19e-05,117399,2026-09-14 04:53:09,1789332789.776
80600,0.901,2641100800,2.9965,,5.18e-05,117401,2026-09-14 04:53:16,1789332796.861
80620,0.901,2641756160,2.9962,,5.17e-05,117416,2026-09-14 04:53:23,1789332803.945
80640,0.901,2642411520,2.9966,,5.17e-05,117410,2026-09-14 04:53:31,1789332811.030
80660,0.902,2643066880,2.9971,,5.16e-05,117416,2026-09-14 04:53:38,1789332818.114
80680,0.902,2643722240,2.9974,,5.15e-05,117423,2026-09-14 04:53:45,1789332825.198
80700,0.902,2644377600,2.9972,,5.15e-05,117440,2026-09-14 04:53:52,1789332832.282
80720,0.902,2645032960,2.9982,,5.14e-05,117433,2026-09-14 04:53:59,1789332839.367
80740,0.903,2645688320,2.9983,,5.13e-05,117440,2026-09-14 04:54:06,1789332846.453
80760,0.903,2646343680,2.9985,,5.13e-05,117410,2026-09-14 04:54:13,1789332853.539
80780,0.903,2646999040,2.9990,,5.12e-05,117394,2026-09-14 04:54:20,1789332860.625
80800,0.903,2647654400,2.9987,,5.12e-05,117400,2026-09-14 04:54:27,1789332867.711
80820,0.903,2648309760,2.9987,,5.11e-05,117447,2026-09-14 04:54:34,1789332874.797
80840,0.904,2648965120,2.9982,,5.10e-05,117446,2026-09-14 04:54:41,1789332881.880
80860,0.904,2649620480,2.9987,,5.10e-05,117417,2026-09-14 04:54:48,1789332888.964
80880,0.904,2650275840,2.9988,,5.09e-05,117444,2026-09-14 04:54:56,1789332896.049
80900,0.904,2650931200,2.9994,,5.08e-05,117427,2026-09-14 04:55:03,1789332903.133
80920,0.905,2651586560,2.9993,,5.08e-05,117462,2026-09-14 04:55:10,1789332910.218
80940,0.905,2652241920,2.9988,,5.07e-05,117493,2026-09-14 04:55:17,1789332917.303
80960,0.905,2652897280,2.9992,,5.07e-05,117465,2026-09-14 04:55:24,1789332924.524
80980,0.905,2653552640,2.9989,,5.06e-05,117500,2026-09-14 04:55:31,1789332931.605
81000,0.905,2654208000,2.9989,,5.05e-05,117489,2026-09-14 04:55:38,1789332938.685
81020,0.906,2654863360,2.9989,,5.05e-05,117479,2026-09-14 04:55:45,1789332945.765
81040,0.906,2655518720,2.9985,,5.04e-05,117467,2026-09-14 04:55:52,1789332952.847
81060,0.906,2656174080,2.9985,,5.04e-05,117426,2026-09-14 04:55:59,1789332959.931
81080,0.906,2656829440,2.9989,,5.03e-05,117404,2026-09-14 04:56:07,1789332967.016
81100,0.907,2657484800,2.9991,,5.02e-05,117361,2026-09-14 04:56:14,1789332974.101
81120,0.907,2658140160,2.9994,,5.02e-05,117377,2026-09-14 04:56:21,1789332981.185
81140,0.907,2658795520,3.0001,,5.01e-05,117476,2026-09-14 04:56:28,1789332988.266
81160,0.907,2659450880,3.0001,,5.01e-05,117467,2026-09-14 04:56:35,1789332995.350
81180,0.907,2660106240,2.9999,,5.00e-05,117499,2026-09-14 04:56:42,1789333002.432
81200,0.908,2660761600,2.9996,,4.99e-05,117480,2026-09-14 04:56:49,1789333009.513
81220,0.908,2661416960,2.9997,,4.99e-05,117458,2026-09-14 04:56:56,1789333016.595
81240,0.908,2662072320,2.9997,,4.98e-05,117461,2026-09-14 04:57:03,1789333023.677
81260,0.908,2662727680,3.0001,,4.98e-05,117467,2026-09-14 04:57:10,1789333030.759
81280,0.909,2663383040,2.9999,,4.97e-05,117457,2026-09-14 04:57:17,1789333037.842
81300,0.909,2664038400,3.0002,,4.96e-05,117425,2026-09-14 04:57:24,1789333044.926
81320,0.909,2664693760,2.9998,,4.96e-05,117421,2026-09-14 04:57:32,1789333052.009
81340,0.909,2665349120,2.9997,,4.95e-05,117467,2026-09-14 04:57:39,1789333059.094
81360,0.909,2666004480,3.0003,,4.95e-05,117450,2026-09-14 04:57:46,1789333066.179
81380,0.910,2666659840,3.0005,,4.94e-05,117387,2026-09-14 04:57:53,1789333073.264
81400,0.910,2667315200,3.0002,,4.93e-05,117410,2026-09-14 04:58:00,1789333080.350
81420,0.910,2667970560,3.0005,,4.93e-05,117423,2026-09-14 04:58:07,1789333087.434
81440,0.910,2668625920,3.0010,,4.92e-05,117419,2026-09-14 04:58:14,1789333094.521
81460,0.911,2669281280,3.0008,,4.92e-05,117371,2026-09-14 04:58:21,1789333101.608
81480,0.911,2669936640,2.9999,,4.91e-05,117379,2026-09-14 04:58:28,1789333108.693
81500,0.911,2670592000,2.9996,,4.91e-05,117427,2026-09-14 04:58:35,1789333115.778
81520,0.911,2671247360,2.9998,,4.90e-05,117441,2026-09-14 04:58:42,1789333122.864
81540,0.911,2671902720,2.9994,,4.89e-05,117415,2026-09-14 04:58:49,1789333129.948
81560,0.912,2672558080,2.9989,,4.89e-05,117410,2026-09-14 04:58:57,1789333137.036
81580,0.912,2673213440,2.9995,,4.88e-05,117434,2026-09-14 04:59:04,1789333144.123
81600,0.912,2673868800,2.9994,,4.88e-05,117507,2026-09-14 04:59:11,1789333151.551
81620,0.912,2674524160,2.9993,,4.87e-05,117422,2026-09-14 04:59:18,1789333158.636
81640,0.913,2675179520,2.9998,,4.87e-05,117424,2026-09-14 04:59:25,1789333165.719
81660,0.913,2675834880,2.9999,,4.86e-05,117434,2026-09-14 04:59:32,1789333172.801
81680,0.913,2676490240,2.9996,,4.85e-05,117461,2026-09-14 04:59:39,1789333179.883
81700,0.913,2677145600,2.9993,,4.85e-05,117458,2026-09-14 04:59:46,1789333186.965
81720,0.913,2677800960,2.9982,,4.84e-05,117459,2026-09-14 04:59:54,1789333194.047
81740,0.914,2678456320,2.9984,,4.84e-05,117452,2026-09-14 05:00:01,1789333201.131
81760,0.914,2679111680,2.9987,,4.83e-05,117450,2026-09-14 05:00:08,1789333208.215
81780,0.914,2679767040,2.9987,,4.83e-05,117449,2026-09-14 05:00:15,1789333215.300
81800,0.914,2680422400,2.9984,,4.82e-05,117445,2026-09-14 05:00:22,1789333222.385
81820,0.915,2681077760,2.9981,,4.82e-05,117455,2026-09-14 05:00:29,1789333229.467
81840,0.915,2681733120,2.9970,,4.81e-05,117461,2026-09-14 05:00:36,1789333236.551
81860,0.915,2682388480,2.9969,,4.80e-05,117443,2026-09-14 05:00:43,1789333243.635
81880,0.915,2683043840,2.9967,,4.80e-05,117439,2026-09-14 05:00:50,1789333250.719
81900,0.915,2683699200,2.9972,,4.79e-05,117419,2026-09-14 05:00:57,1789333257.804
81920,0.916,2684354560,2.9974,,4.79e-05,117425,2026-09-14 05:01:04,1789333264.889
81940,0.916,2685009920,2.9968,,4.78e-05,117421,2026-09-14 05:01:11,1789333271.975
81960,0.916,2685665280,2.9968,,4.78e-05,117423,2026-09-14 05:01:19,1789333279.058
81980,0.916,2686320640,2.9971,,4.77e-05,117466,2026-09-14 05:01:26,1789333286.140
82000,0.917,2686976000,2.9978,,4.77e-05,117463,2026-09-14 05:01:33,1789333293.223
82020,0.917,2687631360,2.9981,,4.76e-05,117444,2026-09-14 05:01:40,1789333300.308
82040,0.917,2688286720,2.9983,,4.76e-05,117446,2026-09-14 05:01:47,1789333307.391
82060,0.917,2688942080,2.9976,,4.75e-05,117445,2026-09-14 05:01:54,1789333314.473
82080,0.917,2689597440,2.9975,,4.74e-05,117444,2026-09-14 05:02:01,1789333321.556
82100,0.918,2690252800,2.9978,,4.74e-05,117422,2026-09-14 05:02:08,1789333328.639
82120,0.918,2690908160,2.9976,,4.73e-05,117428,2026-09-14 05:02:15,1789333335.723
82140,0.918,2691563520,2.9974,,4.73e-05,117430,2026-09-14 05:02:22,1789333342.808
82160,0.918,2692218880,2.9966,,4.72e-05,117413,2026-09-14 05:02:29,1789333349.895
82180,0.919,2692874240,2.9967,,4.72e-05,117411,2026-09-14 05:02:36,1789333356.980
82200,0.919,2693529600,2.9972,,4.71e-05,117425,2026-09-14 05:02:44,1789333364.065
82220,0.919,2694184960,2.9974,,4.71e-05,117430,2026-09-14 05:02:51,1789333371.151
82240,0.919,2694840320,2.9971,,4.70e-05,117413,2026-09-14 05:02:58,1789333378.238
82260,0.919,2695495680,2.9973,,4.70e-05,117398,2026-09-14 05:03:05,1789333385.325
82280,0.920,2696151040,2.9969,,4.69e-05,117407,2026-09-14 05:03:12,1789333392.412
82300,0.920,2696806400,2.9964,,4.69e-05,117428,2026-09-14 05:03:19,1789333399.498
82320,0.920,2697461760,2.9961,,4.68e-05,117427,2026-09-14 05:03:26,1789333406.583
82340,0.920,2698117120,2.9959,,4.68e-05,117405,2026-09-14 05:03:33,1789333413.670
82360,0.921,2698772480,2.9960,,4.67e-05,117411,2026-09-14 05:03:40,1789333420.757
82380,0.921,2699427840,2.9956,,4.67e-05,117443,2026-09-14 05:03:47,1789333427.842
82400,0.921,2700083200,2.9954,,4.66e-05,117441,2026-09-14 05:03:54,1789333434.927
82420,0.921,2700738560,2.9959,,4.66e-05,117367,2026-09-14 05:04:02,1789333442.014
82440,0.922,2701393920,2.9957,,4.65e-05,117393,2026-09-14 05:04:09,1789333449.101
82460,0.922,2702049280,2.9960,,4.65e-05,117485,2026-09-14 05:04:16,1789333456.318
82480,0.922,2702704640,2.9959,,4.64e-05,117406,2026-09-14 05:04:23,1789333463.408
82500,0.922,2703360000,2.9963,,4.64e-05,117324,2026-09-14 05:04:30,1789333470.500
82520,0.922,2704015360,2.9954,,4.63e-05,117344,2026-09-14 05:04:37,1789333477.590
82540,0.923,2704670720,2.9957,,4.63e-05,117351,2026-09-14 05:04:44,1789333484.677
82560,0.923,2705326080,2.9958,,4.62e-05,117380,2026-09-14 05:04:51,1789333491.764
82580,0.923,2705981440,2.9958,,4.61e-05,117403,2026-09-14 05:04:58,1789333498.852
82600,0.923,2706636800,2.9955,,4.61e-05,117390,2026-09-14 05:05:05,1789333505.938
82620,0.924,2707292160,2.9955,,4.61e-05,117377,2026-09-14 05:05:13,1789333513.026
82640,0.924,2707947520,2.9951,,4.60e-05,117379,2026-09-14 05:05:20,1789333520.116
82660,0.924,2708602880,2.9952,,4.60e-05,117365,2026-09-14 05:05:27,1789333527.204
82680,0.924,2709258240,2.9950,,4.59e-05,117343,2026-09-14 05:05:34,1789333534.293
82700,0.924,2709913600,2.9953,,4.59e-05,117372,2026-09-14 05:05:41,1789333541.381
82720,0.925,2710568960,2.9950,,4.58e-05,117365,2026-09-14 05:05:48,1789333548.469
82740,0.925,2711224320,2.9947,,4.58e-05,117421,2026-09-14 05:05:55,1789333555.556
82760,0.925,2711879680,2.9947,,4.57e-05,117424,2026-09-14 05:06:02,1789333562.642
82780,0.925,2712535040,2.9947,,4.57e-05,117363,2026-09-14 05:06:09,1789333569.729
82800,0.926,2713190400,2.9941,,4.56e-05,117368,2026-09-14 05:06:16,1789333576.817
82820,0.926,2713845760,2.9936,,4.56e-05,117409,2026-09-14 05:06:23,1789333583.905
82840,0.926,2714501120,2.9938,,4.55e-05,117402,2026-09-14 05:06:30,1789333590.994
82860,0.926,2715156480,2.9939,,4.55e-05,117410,2026-09-14 05:06:38,1789333598.080
82880,0.926,2715811840,2.9938,,4.54e-05,117406,2026-09-14 05:06:45,1789333605.168
82900,0.927,2716467200,2.9934,,4.54e-05,117371,2026-09-14 05:06:52,1789333612.254
82920,0.927,2717122560,2.9940,,4.53e-05,117381,2026-09-14 05:06:59,1789333619.341
82940,0.927,2717777920,2.9943,,4.53e-05,117378,2026-09-14 05:07:06,1789333626.429
82960,0.927,2718433280,2.9944,,4.52e-05,117392,2026-09-14 05:07:13,1789333633.516
82980,0.928,2719088640,2.9949,,4.52e-05,117367,2026-09-14 05:07:20,1789333640.602
83000,0.928,2719744000,2.9945,,4.51e-05,117360,2026-09-14 05:07:27,1789333647.689
83020,0.928,2720399360,2.9940,,4.51e-05,117386,2026-09-14 05:07:34,1789333654.777
83040,0.928,2721054720,2.9942,,4.50e-05,117381,2026-09-14 05:07:41,1789333661.864
83060,0.928,2721710080,2.9941,,4.50e-05,117409,2026-09-14 05:07:48,1789333668.949
83080,0.929,2722365440,2.9937,,4.49e-05,117407,2026-09-14 05:07:56,1789333676.035
83100,0.929,2723020800,2.9939,,4.49e-05,117364,2026-09-14 05:08:03,1789333683.121
83120,0.929,2723676160,2.9946,,4.49e-05,117378,2026-09-14 05:08:10,1789333690.207
83140,0.929,2724331520,2.9943,,4.48e-05,117380,2026-09-14 05:08:17,1789333697.294
83160,0.930,2724986880,2.9942,,4.48e-05,117375,2026-09-14 05:08:24,1789333704.383
83180,0.930,2725642240,2.9942,,4.47e-05,117369,2026-09-14 05:08:31,1789333711.471
83200,0.930,2726297600,2.9942,,4.47e-05,117390,2026-09-14 05:08:38,1789333718.557
83220,0.930,2726952960,2.9941,,4.46e-05,117358,2026-09-14 05:08:45,1789333725.643
83240,0.930,2727608320,2.9949,,4.46e-05,117347,2026-09-14 05:08:52,1789333732.730
83260,0.931,2728263680,2.9940,,4.45e-05,117404,2026-09-14 05:08:59,1789333739.818
83280,0.931,2728919040,2.9940,,4.45e-05,117378,2026-09-14 05:09:06,1789333746.908
83300,0.931,2729574400,2.9950,,4.44e-05,117418,2026-09-14 05:09:13,1789333753.995
83320,0.931,2730229760,2.9942,,4.44e-05,117409,2026-09-14 05:09:21,1789333761.082
83340,0.932,2730885120,2.9938,,4.44e-05,117421,2026-09-14 05:09:28,1789333768.169
83360,0.932,2731540480,2.9929,,4.43e-05,117428,2026-09-14 05:09:35,1789333775.256
83380,0.932,2732195840,2.9930,,4.43e-05,117437,2026-09-14 05:09:42,1789333782.341
83400,0.932,2732851200,2.9933,,4.42e-05,117416,2026-09-14 05:09:49,1789333789.426
83420,0.932,2733506560,2.9927,,4.42e-05,117392,2026-09-14 05:09:56,1789333796.511
83440,0.933,2734161920,2.9929,,4.41e-05,117387,2026-09-14 05:10:03,1789333803.597
83460,0.933,2734817280,2.9925,,4.41e-05,117431,2026-09-14 05:10:10,1789333810.681
83480,0.933,2735472640,2.9920,,4.40e-05,117409,2026-09-14 05:10:17,1789333817.766
83500,0.933,2736128000,2.9916,,4.40e-05,117411,2026-09-14 05:10:24,1789333824.849
83520,0.934,2736783360,2.9912,,4.40e-05,117415,2026-09-14 05:10:31,1789333831.933
83540,0.934,2737438720,2.9914,,4.39e-05,117437,2026-09-14 05:10:39,1789333839.016
83560,0.934,2738094080,2.9911,,4.39e-05,117460,2026-09-14 05:10:46,1789333846.098
83580,0.934,2738749440,2.9907,,4.38e-05,117441,2026-09-14 05:10:53,1789333853.182
83600,0.934,2739404800,2.9911,,4.38e-05,117427,2026-09-14 05:11:00,1789333860.267
83620,0.935,2740060160,2.9911,,4.37e-05,117404,2026-09-14 05:11:07,1789333867.354
83640,0.935,2740715520,2.9911,,4.37e-05,117391,2026-09-14 05:11:14,1789333874.441
83660,0.935,2741370880,2.9916,,4.37e-05,117363,2026-09-14 05:11:21,1789333881.529
83680,0.935,2742026240,2.9917,,4.36e-05,117375,2026-09-14 05:11:28,1789333888.617
83700,0.936,2742681600,2.9911,,4.36e-05,117335,2026-09-14 05:11:35,1789333895.705
83720,0.936,2743336960,2.9913,,4.35e-05,117344,2026-09-14 05:11:42,1789333902.794
83740,0.936,2743992320,2.9911,,4.35e-05,117331,2026-09-14 05:11:49,1789333909.884
83760,0.936,2744647680,2.9914,,4.34e-05,117351,2026-09-14 05:11:56,1789333916.972
83780,0.936,2745303040,2.9919,,4.34e-05,117374,2026-09-14 05:12:04,1789333924.059
83800,0.937,2745958400,2.9922,,4.34e-05,117397,2026-09-14 05:12:11,1789333931.146
83820,0.937,2746613760,2.9922,,4.33e-05,117419,2026-09-14 05:12:18,1789333938.230
83840,0.937,2747269120,2.9922,,4.33e-05,117424,2026-09-14 05:12:25,1789333945.314
83860,0.937,2747924480,2.9922,,4.32e-05,117373,2026-09-14 05:12:32,1789333952.401
83880,0.938,2748579840,2.9921,,4.32e-05,117364,2026-09-14 05:12:39,1789333959.488
83900,0.938,2749235200,2.9928,,4.32e-05,117441,2026-09-14 05:12:46,1789333966.573
83920,0.938,2749890560,2.9930,,4.31e-05,117409,2026-09-14 05:12:53,1789333973.661
83940,0.938,2750545920,2.9934,,4.31e-05,117392,2026-09-14 05:13:00,1789333980.749
83960,0.938,2751201280,2.9936,,4.30e-05,117385,2026-09-14 05:13:07,1789333987.972
83980,0.939,2751856640,2.9937,,4.30e-05,117380,2026-09-14 05:13:15,1789333995.060
84000,0.939,2752512000,2.9937,,4.30e-05,117379,2026-09-14 05:13:22,1789334002.149
84020,0.939,2753167360,2.9931,,4.29e-05,117352,2026-09-14 05:13:29,1789334009.237
84040,0.939,2753822720,2.9926,,4.29e-05,117357,2026-09-14 05:13:36,1789334016.324
84060,0.940,2754478080,2.9921,,4.28e-05,117378,2026-09-14 05:13:43,1789334023.413
84080,0.940,2755133440,2.9923,,4.28e-05,117415,2026-09-14 05:13:50,1789334030.502
84100,0.940,2755788800,2.9933,,4.28e-05,117396,2026-09-14 05:13:57,1789334037.588
84120,0.940,2756444160,2.9931,,4.27e-05,117386,2026-09-14 05:14:04,1789334044.675
84140,0.941,2757099520,2.9929,,4.27e-05,117368,2026-09-14 05:14:11,1789334051.762
84160,0.941,2757754880,2.9928,,4.26e-05,117369,2026-09-14 05:14:18,1789334058.850
84180,0.941,2758410240,2.9924,,4.26e-05,117392,2026-09-14 05:14:25,1789334065.937
84200,0.941,2759065600,2.9919,,4.26e-05,117395,2026-09-14 05:14:33,1789334073.026
84220,0.941,2759720960,2.9916,,4.25e-05,117390,2026-09-14 05:14:40,1789334080.112
84240,0.942,2760376320,2.9919,,4.25e-05,117359,2026-09-14 05:14:47,1789334087.200
84260,0.942,2761031680,2.9918,,4.25e-05,117309,2026-09-14 05:14:54,1789334094.289
84280,0.942,2761687040,2.9915,,4.24e-05,117331,2026-09-14 05:15:01,1789334101.377
84300,0.942,2762342400,2.9921,,4.24e-05,117393,2026-09-14 05:15:08,1789334108.465
84320,0.943,2762997760,2.9918,,4.23e-05,117402,2026-09-14 05:15:15,1789334115.554
84340,0.943,2763653120,2.9922,,4.23e-05,117352,2026-09-14 05:15:22,1789334122.643
84360,0.943,2764308480,2.9922,,4.23e-05,117375,2026-09-14 05:15:29,1789334129.733
84380,0.943,2764963840,2.9923,,4.22e-05,117384,2026-09-14 05:15:36,1789334136.824
84400,0.943,2765619200,2.9923,,4.22e-05,117377,2026-09-14 05:15:43,1789334143.917
84420,0.944,2766274560,2.9920,,4.22e-05,117383,2026-09-14 05:15:50,1789334151.007
84440,0.944,2766929920,2.9920,,4.21e-05,117397,2026-09-14 05:15:58,1789334158.098
84460,0.944,2767585280,2.9920,,4.21e-05,117409,2026-09-14 05:16:05,1789334165.190
84480,0.944,2768240640,2.9921,,4.20e-05,117388,2026-09-14 05:16:12,1789334172.279
84500,0.945,2768896000,2.9923,,4.20e-05,117322,2026-09-14 05:16:19,1789334179.368
84520,0.945,2769551360,2.9916,,4.20e-05,117322,2026-09-14 05:16:26,1789334186.458
84540,0.945,2770206720,2.9920,,4.19e-05,117370,2026-09-14 05:16:33,1789334193.548
84560,0.945,2770862080,2.9915,,4.19e-05,117357,2026-09-14 05:16:40,1789334200.638
84580,0.945,2771517440,2.9923,,4.19e-05,117344,2026-09-14 05:16:47,1789334207.726
84600,0.946,2772172800,2.9916,,4.18e-05,117352,2026-09-14 05:16:54,1789334214.817
84620,0.946,2772828160,2.9920,,4.18e-05,117359,2026-09-14 05:17:01,1789334221.904
84640,0.946,2773483520,2.9916,,4.18e-05,117356,2026-09-14 05:17:08,1789334228.992
84660,0.946,2774138880,2.9922,,4.17e-05,117394,2026-09-14 05:17:16,1789334236.080
84680,0.947,2774794240,2.9925,,4.17e-05,117377,2026-09-14 05:17:23,1789334243.169
84700,0.947,2775449600,2.9928,,4.17e-05,117342,2026-09-14 05:17:30,1789334250.257
84720,0.947,2776104960,2.9928,,4.16e-05,117353,2026-09-14 05:17:37,1789334257.346
84740,0.947,2776760320,2.9921,,4.16e-05,117365,2026-09-14 05:17:44,1789334264.435
84760,0.947,2777415680,2.9918,,4.15e-05,117354,2026-09-14 05:17:51,1789334271.523
84780,0.948,2778071040,2.9919,,4.15e-05,117302,2026-09-14 05:17:58,1789334278.614
84800,0.948,2778726400,2.9920,,4.15e-05,117304,2026-09-14 05:18:05,1789334285.705
84820,0.948,2779381760,2.9914,,4.14e-05,117369,2026-09-14 05:18:12,1789334292.795
84840,0.948,2780037120,2.9919,,4.14e-05,117357,2026-09-14 05:18:19,1789334299.885
84860,0.949,2780692480,2.9921,,4.14e-05,117366,2026-09-14 05:18:26,1789334306.975
84880,0.949,2781347840,2.9920,,4.13e-05,117368,2026-09-14 05:18:34,1789334314.064
84900,0.949,2782003200,2.9923,,4.13e-05,117558,2026-09-14 05:18:41,1789334321.494
84920,0.949,2782658560,2.9919,,4.13e-05,117473,2026-09-14 05:18:48,1789334328.582
84940,0.949,2783313920,2.9912,,4.12e-05,117443,2026-09-14 05:18:55,1789334335.670
84960,0.950,2783969280,2.9912,,4.12e-05,117408,2026-09-14 05:19:02,1789334342.756
84980,0.950,2784624640,2.9909,,4.12e-05,117321,2026-09-14 05:19:09,1789334349.844
85000,0.950,2785280000,2.9905,,4.11e-05,117371,2026-09-14 05:19:16,1789334356.929
85000,0.950,2785280000,2.9905,2.9717,4.11e-05,,2026-09-14 05:19:30,1789334370.303
85020,0.950,2785935360,2.9904,,4.11e-05,117465,2026-09-14 05:19:37,1789334377.383
85040,0.951,2786590720,2.9909,,4.11e-05,117514,2026-09-14 05:19:44,1789334384.458
85060,0.951,2787246080,2.9913,,4.11e-05,117549,2026-09-14 05:19:51,1789334391.534
85080,0.951,2787901440,2.9908,,4.10e-05,117512,2026-09-14 05:19:58,1789334398.612
85100,0.951,2788556800,2.9906,,4.10e-05,117504,2026-09-14 05:20:05,1789334405.691
85120,0.951,2789212160,2.9901,,4.10e-05,117499,2026-09-14 05:20:12,1789334412.770
85140,0.952,2789867520,2.9905,,4.09e-05,117403,2026-09-14 05:20:19,1789334419.857
85160,0.952,2790522880,2.9902,,4.09e-05,117387,2026-09-14 05:20:26,1789334426.945
85180,0.952,2791178240,2.9907,,4.09e-05,117355,2026-09-14 05:20:34,1789334434.033
85200,0.952,2791833600,2.9909,,4.08e-05,117367,2026-09-14 05:20:41,1789334441.120
85220,0.953,2792488960,2.9911,,4.08e-05,117365,2026-09-14 05:20:48,1789334448.208
85240,0.953,2793144320,2.9908,,4.08e-05,117361,2026-09-14 05:20:55,1789334455.297
85260,0.953,2793799680,2.9908,,4.07e-05,117404,2026-09-14 05:21:02,1789334462.382
85280,0.953,2794455040,2.9910,,4.07e-05,117431,2026-09-14 05:21:09,1789334469.467
85300,0.953,2795110400,2.9903,,4.07e-05,117409,2026-09-14 05:21:16,1789334476.552
85320,0.954,2795765760,2.9904,,4.06e-05,117420,2026-09-14 05:21:23,1789334483.635
85340,0.954,2796421120,2.9905,,4.06e-05,117385,2026-09-14 05:21:30,1789334490.722
85360,0.954,2797076480,2.9903,,4.06e-05,117395,2026-09-14 05:21:37,1789334497.807
85380,0.954,2797731840,2.9900,,4.06e-05,117367,2026-09-14 05:21:44,1789334504.892
85400,0.955,2798387200,2.9906,,4.05e-05,117406,2026-09-14 05:21:52,1789334512.111
85420,0.955,2799042560,2.9912,,4.05e-05,117487,2026-09-14 05:21:59,1789334519.196
85440,0.955,2799697920,2.9916,,4.05e-05,117444,2026-09-14 05:22:06,1789334526.281
85460,0.955,2800353280,2.9913,,4.04e-05,117446,2026-09-14 05:22:13,1789334533.365
85480,0.955,2801008640,2.9909,,4.04e-05,117401,2026-09-14 05:22:20,1789334540.452
85500,0.956,2801664000,2.9913,,4.04e-05,117373,2026-09-14 05:22:27,1789334547.539
85520,0.956,2802319360,2.9912,,4.03e-05,117374,2026-09-14 05:22:34,1789334554.624
85540,0.956,2802974720,2.9918,,4.03e-05,117408,2026-09-14 05:22:41,1789334561.709
85560,0.956,2803630080,2.9917,,4.03e-05,117395,2026-09-14 05:22:48,1789334568.795
85580,0.957,2804285440,2.9916,,4.03e-05,117362,2026-09-14 05:22:55,1789334575.881
85600,0.957,2804940800,2.9916,,4.02e-05,117377,2026-09-14 05:23:02,1789334582.965
85620,0.957,2805596160,2.9915,,4.02e-05,117393,2026-09-14 05:23:10,1789334590.049
85640,0.957,2806251520,2.9915,,4.02e-05,117408,2026-09-14 05:23:17,1789334597.135
85660,0.958,2806906880,2.9913,,4.02e-05,117397,2026-09-14 05:23:24,1789334604.222
85680,0.958,2807562240,2.9905,,4.01e-05,117418,2026-09-14 05:23:31,1789334611.305
85700,0.958,2808217600,2.9913,,4.01e-05,117437,2026-09-14 05:23:38,1789334618.388
85720,0.958,2808872960,2.9906,,4.01e-05,117418,2026-09-14 05:23:45,1789334625.472
85740,0.958,2809528320,2.9908,,4.00e-05,117391,2026-09-14 05:23:52,1789334632.557
85760,0.959,2810183680,2.9916,,4.00e-05,117380,2026-09-14 05:23:59,1789334639.644
85780,0.959,2810839040,2.9919,,4.00e-05,117356,2026-09-14 05:24:06,1789334646.730
85800,0.959,2811494400,2.9926,,4.00e-05,117398,2026-09-14 05:24:13,1789334653.816
85820,0.959,2812149760,2.9928,,3.99e-05,117444,2026-09-14 05:24:20,1789334660.899
85840,0.960,2812805120,2.9928,,3.99e-05,117402,2026-09-14 05:24:27,1789334667.985
85860,0.960,2813460480,2.9929,,3.99e-05,117370,2026-09-14 05:24:35,1789334675.072
85880,0.960,2814115840,2.9933,,3.99e-05,117403,2026-09-14 05:24:42,1789334682.157
85900,0.960,2814771200,2.9932,,3.98e-05,117439,2026-09-14 05:24:49,1789334689.245
85920,0.960,2815426560,2.9931,,3.98e-05,117419,2026-09-14 05:24:56,1789334696.331
85940,0.961,2816081920,2.9927,,3.98e-05,117359,2026-09-14 05:25:03,1789334703.417
85960,0.961,2816737280,2.9929,,3.97e-05,117380,2026-09-14 05:25:10,1789334710.504
85980,0.961,2817392640,2.9927,,3.97e-05,117360,2026-09-14 05:25:17,1789334717.591
86000,0.961,2818048000,2.9930,,3.97e-05,117325,2026-09-14 05:25:24,1789334724.679
86020,0.962,2818703360,2.9924,,3.97e-05,117356,2026-09-14 05:25:31,1789334731.768
86040,0.962,2819358720,2.9926,,3.96e-05,117363,2026-09-14 05:25:38,1789334738.853
86060,0.962,2820014080,2.9932,,3.96e-05,117339,2026-09-14 05:25:45,1789334745.940
86080,0.962,2820669440,2.9927,,3.96e-05,117353,2026-09-14 05:25:53,1789334753.027
86100,0.962,2821324800,2.9930,,3.96e-05,117389,2026-09-14 05:26:00,1789334760.113
86120,0.963,2821980160,2.9938,,3.95e-05,117406,2026-09-14 05:26:07,1789334767.200
86140,0.963,2822635520,2.9940,,3.95e-05,117481,2026-09-14 05:26:14,1789334774.284
86160,0.963,2823290880,2.9944,,3.95e-05,117433,2026-09-14 05:26:21,1789334781.369
86180,0.963,2823946240,2.9944,,3.95e-05,117456,2026-09-14 05:26:28,1789334788.452
86200,0.964,2824601600,2.9940,,3.95e-05,117424,2026-09-14 05:26:35,1789334795.537
86220,0.964,2825256960,2.9935,,3.94e-05,117403,2026-09-14 05:26:42,1789334802.623
86240,0.964,2825912320,2.9933,,3.94e-05,117408,2026-09-14 05:26:49,1789334809.709
86260,0.964,2826567680,2.9935,,3.94e-05,117447,2026-09-14 05:26:56,1789334816.793
86280,0.964,2827223040,2.9935,,3.94e-05,117424,2026-09-14 05:27:03,1789334823.878
86300,0.965,2827878400,2.9932,,3.93e-05,117403,2026-09-14 05:27:10,1789334830.964
86320,0.965,2828533760,2.9933,,3.93e-05,117378,2026-09-14 05:27:18,1789334838.050
86340,0.965,2829189120,2.9937,,3.93e-05,117365,2026-09-14 05:27:25,1789334845.136
86360,0.965,2829844480,2.9943,,3.93e-05,117383,2026-09-14 05:27:32,1789334852.223
86380,0.966,2830499840,2.9945,,3.92e-05,117423,2026-09-14 05:27:39,1789334859.307
86400,0.966,2831155200,2.9947,,3.92e-05,117405,2026-09-14 05:27:46,1789334866.393
86420,0.966,2831810560,2.9944,,3.92e-05,117419,2026-09-14 05:27:53,1789334873.478
86440,0.966,2832465920,2.9945,,3.92e-05,117421,2026-09-14 05:28:00,1789334880.563
86460,0.966,2833121280,2.9946,,3.92e-05,117404,2026-09-14 05:28:07,1789334887.648
86480,0.967,2833776640,2.9947,,3.91e-05,117396,2026-09-14 05:28:14,1789334894.734
86500,0.967,2834432000,2.9950,,3.91e-05,117374,2026-09-14 05:28:21,1789334901.820
86520,0.967,2835087360,2.9956,,3.91e-05,117373,2026-09-14 05:28:28,1789334908.908
86540,0.967,2835742720,2.9958,,3.91e-05,117371,2026-09-14 05:28:35,1789334915.994
86560,0.968,2836398080,2.9958,,3.90e-05,117375,2026-09-14 05:28:43,1789334923.080
86580,0.968,2837053440,2.9960,,3.90e-05,117365,2026-09-14 05:28:50,1789334930.168
86600,0.968,2837708800,2.9963,,3.90e-05,117348,2026-09-14 05:28:57,1789334937.256
86620,0.968,2838364160,2.9964,,3.90e-05,117325,2026-09-14 05:29:04,1789334944.344
86640,0.968,2839019520,2.9974,,3.90e-05,117330,2026-09-14 05:29:11,1789334951.431
86660,0.969,2839674880,2.9969,,3.89e-05,117377,2026-09-14 05:29:18,1789334958.518
86680,0.969,2840330240,2.9972,,3.89e-05,117388,2026-09-14 05:29:25,1789334965.604
86700,0.969,2840985600,2.9970,,3.89e-05,117352,2026-09-14 05:29:32,1789334972.691
86720,0.969,2841640960,2.9976,,3.89e-05,117371,2026-09-14 05:29:39,1789334979.779
86740,0.970,2842296320,2.9970,,3.89e-05,117421,2026-09-14 05:29:46,1789334986.867
86760,0.970,2842951680,2.9968,,3.88e-05,117429,2026-09-14 05:29:53,1789334993.953
86780,0.970,2843607040,2.9969,,3.88e-05,117381,2026-09-14 05:30:01,1789335001.038
86800,0.970,2844262400,2.9972,,3.88e-05,117364,2026-09-14 05:30:08,1789335008.126
86820,0.970,2844917760,2.9966,,3.88e-05,117365,2026-09-14 05:30:15,1789335015.213
86840,0.971,2845573120,2.9968,,3.88e-05,117385,2026-09-14 05:30:22,1789335022.300
86860,0.971,2846228480,2.9965,,3.87e-05,117390,2026-09-14 05:30:29,1789335029.385
86880,0.971,2846883840,2.9959,,3.87e-05,117382,2026-09-14 05:30:36,1789335036.471
86900,0.971,2847539200,2.9959,,3.87e-05,117395,2026-09-14 05:30:43,1789335043.557
86920,0.972,2848194560,2.9949,,3.87e-05,117405,2026-09-14 05:30:50,1789335050.771
86940,0.972,2848849920,2.9955,,3.87e-05,117403,2026-09-14 05:30:57,1789335057.856
86960,0.972,2849505280,2.9948,,3.86e-05,117389,2026-09-14 05:31:04,1789335064.942
86980,0.972,2850160640,2.9948,,3.86e-05,117384,2026-09-14 05:31:12,1789335072.029
87000,0.972,2850816000,2.9956,,3.86e-05,117385,2026-09-14 05:31:19,1789335079.116
87020,0.973,2851471360,2.9954,,3.86e-05,117404,2026-09-14 05:31:26,1789335086.204
87040,0.973,2852126720,2.9960,,3.86e-05,117399,2026-09-14 05:31:33,1789335093.291
87060,0.973,2852782080,2.9963,,3.86e-05,117360,2026-09-14 05:31:40,1789335100.380
87080,0.973,2853437440,2.9952,,3.85e-05,117347,2026-09-14 05:31:47,1789335107.469
87100,0.974,2854092800,2.9954,,3.85e-05,117341,2026-09-14 05:31:54,1789335114.557
87120,0.974,2854748160,2.9950,,3.85e-05,117364,2026-09-14 05:32:01,1789335121.645
87140,0.974,2855403520,2.9949,,3.85e-05,117424,2026-09-14 05:32:08,1789335128.732
87160,0.974,2856058880,2.9947,,3.85e-05,117394,2026-09-14 05:32:15,1789335135.819
87180,0.974,2856714240,2.9943,,3.85e-05,117427,2026-09-14 05:32:22,1789335142.908
87200,0.975,2857369600,2.9942,,3.84e-05,117431,2026-09-14 05:32:29,1789335149.997
87220,0.975,2858024960,2.9944,,3.84e-05,117372,2026-09-14 05:32:37,1789335157.083
87240,0.975,2858680320,2.9949,,3.84e-05,117372,2026-09-14 05:32:44,1789335164.169
87260,0.975,2859335680,2.9949,,3.84e-05,117347,2026-09-14 05:32:51,1789335171.258
87280,0.976,2859991040,2.9948,,3.84e-05,117353,2026-09-14 05:32:58,1789335178.347
87300,0.976,2860646400,2.9950,,3.84e-05,117367,2026-09-14 05:33:05,1789335185.435
87320,0.976,2861301760,2.9955,,3.83e-05,117353,2026-09-14 05:33:12,1789335192.525
87340,0.976,2861957120,2.9956,,3.83e-05,117360,2026-09-14 05:33:19,1789335199.612
87360,0.977,2862612480,2.9952,,3.83e-05,117392,2026-09-14 05:33:26,1789335206.697
87380,0.977,2863267840,2.9956,,3.83e-05,117421,2026-09-14 05:33:33,1789335213.785
87400,0.977,2863923200,2.9960,,3.83e-05,117408,2026-09-14 05:33:40,1789335220.873
87420,0.977,2864578560,2.9959,,3.83e-05,117413,2026-09-14 05:33:47,1789335227.959
87440,0.977,2865233920,2.9957,,3.83e-05,117394,2026-09-14 05:33:55,1789335235.044
87460,0.978,2865889280,2.9951,,3.82e-05,117369,2026-09-14 05:34:02,1789335242.130
87480,0.978,2866544640,2.9949,,3.82e-05,117378,2026-09-14 05:34:09,1789335249.216
87500,0.978,2867200000,2.9946,,3.82e-05,117376,2026-09-14 05:34:16,1789335256.302
87520,0.978,2867855360,2.9950,,3.82e-05,117381,2026-09-14 05:34:23,1789335263.389
87540,0.979,2868510720,2.9951,,3.82e-05,117398,2026-09-14 05:34:30,1789335270.475
87560,0.979,2869166080,2.9953,,3.82e-05,117429,2026-09-14 05:34:37,1789335277.560
87580,0.979,2869821440,2.9951,,3.82e-05,117404,2026-09-14 05:34:44,1789335284.645
87600,0.979,2870476800,2.9944,,3.81e-05,117425,2026-09-14 05:34:51,1789335291.730
87620,0.979,2871132160,2.9940,,3.81e-05,117411,2026-09-14 05:34:58,1789335298.815
87640,0.980,2871787520,2.9939,,3.81e-05,117417,2026-09-14 05:35:05,1789335305.900
87660,0.980,2872442880,2.9939,,3.81e-05,117409,2026-09-14 05:35:12,1789335312.986
87680,0.980,2873098240,2.9938,,3.81e-05,117414,2026-09-14 05:35:20,1789335320.071
87700,0.980,2873753600,2.9940,,3.81e-05,117367,2026-09-14 05:35:27,1789335327.157
87720,0.981,2874408960,2.9936,,3.81e-05,117409,2026-09-14 05:35:34,1789335334.242
87740,0.981,2875064320,2.9938,,3.80e-05,117434,2026-09-14 05:35:41,1789335341.327
87760,0.981,2875719680,2.9931,,3.80e-05,117433,2026-09-14 05:35:48,1789335348.411
87780,0.981,2876375040,2.9933,,3.80e-05,117427,2026-09-14 05:35:55,1789335355.497
87800,0.981,2877030400,2.9930,,3.80e-05,117418,2026-09-14 05:36:02,1789335362.582
87820,0.982,2877685760,2.9929,,3.80e-05,117362,2026-09-14 05:36:09,1789335369.669
87840,0.982,2878341120,2.9932,,3.80e-05,117396,2026-09-14 05:36:16,1789335376.757
87860,0.982,2878996480,2.9932,,3.80e-05,117414,2026-09-14 05:36:23,1789335383.842
87880,0.982,2879651840,2.9929,,3.80e-05,117409,2026-09-14 05:36:30,1789335390.929
87900,0.983,2880307200,2.9926,,3.79e-05,117457,2026-09-14 05:36:38,1789335398.014
87920,0.983,2880962560,2.9926,,3.79e-05,117442,2026-09-14 05:36:45,1789335405.100
87940,0.983,2881617920,2.9925,,3.79e-05,117411,2026-09-14 05:36:52,1789335412.186
87960,0.983,2882273280,2.9924,,3.79e-05,117417,2026-09-14 05:36:59,1789335419.273
87980,0.983,2882928640,2.9923,,3.79e-05,117425,2026-09-14 05:37:06,1789335426.358
88000,0.984,2883584000,2.9922,,3.79e-05,117423,2026-09-14 05:37:13,1789335433.444
88020,0.984,2884239360,2.9929,,3.79e-05,117416,2026-09-14 05:37:20,1789335440.531
88040,0.984,2884894720,2.9928,,3.79e-05,117411,2026-09-14 05:37:27,1789335447.619
88060,0.984,2885550080,2.9928,,3.79e-05,117477,2026-09-14 05:37:34,1789335454.705
88080,0.985,2886205440,2.9924,,3.79e-05,117441,2026-09-14 05:37:41,1789335461.791
88100,0.985,2886860800,2.9923,,3.78e-05,117440,2026-09-14 05:37:48,1789335468.876
88120,0.985,2887516160,2.9922,,3.78e-05,117406,2026-09-14 05:37:55,1789335475.962
88140,0.985,2888171520,2.9928,,3.78e-05,117427,2026-09-14 05:38:03,1789335483.049
88160,0.985,2888826880,2.9934,,3.78e-05,117410,2026-09-14 05:38:10,1789335490.135
88180,0.986,2889482240,2.9933,,3.78e-05,117364,2026-09-14 05:38:17,1789335497.222
88200,0.986,2890137600,2.9931,,3.78e-05,117374,2026-09-14 05:38:24,1789335504.308
88220,0.986,2890792960,2.9924,,3.78e-05,117393,2026-09-14 05:38:31,1789335511.396
88240,0.986,2891448320,2.9928,,3.78e-05,117416,2026-09-14 05:38:38,1789335518.484
88260,0.987,2892103680,2.9935,,3.78e-05,117402,2026-09-14 05:38:45,1789335525.575
88280,0.987,2892759040,2.9930,,3.78e-05,117414,2026-09-14 05:38:52,1789335532.662
88300,0.987,2893414400,2.9927,,3.77e-05,117395,2026-09-14 05:38:59,1789335539.751
88320,0.987,2894069760,2.9922,,3.77e-05,117389,2026-09-14 05:39:06,1789335546.841
88340,0.987,2894725120,2.9921,,3.77e-05,117400,2026-09-14 05:39:13,1789335553.930
88360,0.988,2895380480,2.9920,,3.77e-05,117390,2026-09-14 05:39:21,1789335561.019
88380,0.988,2896035840,2.9917,,3.77e-05,117405,2026-09-14 05:39:28,1789335568.108
88400,0.988,2896691200,2.9923,,3.77e-05,117365,2026-09-14 05:39:35,1789335575.198
88420,0.988,2897346560,2.9917,,3.77e-05,117363,2026-09-14 05:39:42,1789335582.421
88440,0.989,2898001920,2.9914,,3.77e-05,117403,2026-09-14 05:39:49,1789335589.505
88460,0.989,2898657280,2.9918,,3.77e-05,117438,2026-09-14 05:39:56,1789335596.590
88480,0.989,2899312640,2.9918,,3.77e-05,117413,2026-09-14 05:40:03,1789335603.675
88500,0.989,2899968000,2.9921,,3.77e-05,117388,2026-09-14 05:40:10,1789335610.761
88520,0.989,2900623360,2.9919,,3.77e-05,117388,2026-09-14 05:40:17,1789335617.847
88540,0.990,2901278720,2.9914,,3.77e-05,117382,2026-09-14 05:40:24,1789335624.934
88560,0.990,2901934080,2.9914,,3.76e-05,117382,2026-09-14 05:40:32,1789335632.019
88580,0.990,2902589440,2.9907,,3.76e-05,117413,2026-09-14 05:40:39,1789335639.105
88600,0.990,2903244800,2.9906,,3.76e-05,117413,2026-09-14 05:40:46,1789335646.189
88620,0.991,2903900160,2.9910,,3.76e-05,117454,2026-09-14 05:40:53,1789335653.276
88640,0.991,2904555520,2.9910,,3.76e-05,117452,2026-09-14 05:41:00,1789335660.362
88660,0.991,2905210880,2.9908,,3.76e-05,117499,2026-09-14 05:41:07,1789335667.448
88680,0.991,2905866240,2.9909,,3.76e-05,117466,2026-09-14 05:41:14,1789335674.533
88700,0.991,2906521600,2.9910,,3.76e-05,117435,2026-09-14 05:41:21,1789335681.618
88720,0.992,2907176960,2.9906,,3.76e-05,117434,2026-09-14 05:41:28,1789335688.703
88740,0.992,2907832320,2.9908,,3.76e-05,117477,2026-09-14 05:41:35,1789335695.789
88760,0.992,2908487680,2.9905,,3.76e-05,117439,2026-09-14 05:41:42,1789335702.873
88780,0.992,2909143040,2.9906,,3.76e-05,117421,2026-09-14 05:41:49,1789335709.958
88800,0.993,2909798400,2.9904,,3.76e-05,117415,2026-09-14 05:41:57,1789335717.044
88820,0.993,2910453760,2.9907,,3.76e-05,117379,2026-09-14 05:42:04,1789335724.130
88840,0.993,2911109120,2.9909,,3.76e-05,117381,2026-09-14 05:42:11,1789335731.216
88860,0.993,2911764480,2.9918,,3.76e-05,117466,2026-09-14 05:42:18,1789335738.303
88880,0.993,2912419840,2.9914,,3.76e-05,117440,2026-09-14 05:42:25,1789335745.388
88900,0.994,2913075200,2.9909,,3.76e-05,117406,2026-09-14 05:42:32,1789335752.475
88920,0.994,2913730560,2.9908,,3.76e-05,117403,2026-09-14 05:42:39,1789335759.566
88940,0.994,2914385920,2.9913,,3.76e-05,117382,2026-09-14 05:42:46,1789335766.655
88960,0.994,2915041280,2.9915,,3.75e-05,117360,2026-09-14 05:42:53,1789335773.746
88980,0.995,2915696640,2.9914,,3.75e-05,117397,2026-09-14 05:43:00,1789335780.836
89000,0.995,2916352000,2.9913,,3.75e-05,117373,2026-09-14 05:43:07,1789335787.925
89020,0.995,2917007360,2.9916,,3.75e-05,117316,2026-09-14 05:43:15,1789335795.014
89040,0.995,2917662720,2.9917,,3.75e-05,117350,2026-09-14 05:43:22,1789335802.103
89060,0.996,2918318080,2.9915,,3.75e-05,117360,2026-09-14 05:43:29,1789335809.192
89080,0.996,2918973440,2.9917,,3.75e-05,117380,2026-09-14 05:43:36,1789335816.280
89100,0.996,2919628800,2.9913,,3.75e-05,117358,2026-09-14 05:43:43,1789335823.369
89120,0.996,2920284160,2.9918,,3.75e-05,117354,2026-09-14 05:43:50,1789335830.458
89140,0.996,2920939520,2.9919,,3.75e-05,117389,2026-09-14 05:43:57,1789335837.548
89160,0.997,2921594880,2.9929,,3.75e-05,117355,2026-09-14 05:44:04,1789335844.640
89180,0.997,2922250240,2.9932,,3.75e-05,117336,2026-09-14 05:44:11,1789335851.730
89200,0.997,2922905600,2.9935,,3.75e-05,117349,2026-09-14 05:44:18,1789335858.819
89220,0.997,2923560960,2.9939,,3.75e-05,117358,2026-09-14 05:44:25,1789335865.905
89240,0.998,2924216320,2.9940,,3.75e-05,117384,2026-09-14 05:44:32,1789335872.992
89260,0.998,2924871680,2.9931,,3.75e-05,117374,2026-09-14 05:44:40,1789335880.080
89280,0.998,2925527040,2.9930,,3.75e-05,117383,2026-09-14 05:44:47,1789335887.171
89300,0.998,2926182400,2.9931,,3.75e-05,117409,2026-09-14 05:44:54,1789335894.259
89320,0.998,2926837760,2.9930,,3.75e-05,117428,2026-09-14 05:45:01,1789335901.347
89340,0.999,2927493120,2.9923,,3.75e-05,117433,2026-09-14 05:45:08,1789335908.432
89360,0.999,2928148480,2.9927,,3.75e-05,117425,2026-09-14 05:45:15,1789335915.519
89380,0.999,2928803840,2.9923,,3.75e-05,117391,2026-09-14 05:45:22,1789335922.605
89400,0.999,2929459200,2.9929,,3.75e-05,117404,2026-09-14 05:45:29,1789335929.691
89420,1.000,2930114560,2.9932,,3.75e-05,117590,2026-09-14 05:45:37,1789335937.274
89432,1.000,2930478592,2.9929,,3.75e-05,13788,2026-09-14 05:46:46,1789336006.474
89432,1.000,2930478592,2.9929,2.9675,3.75e-05,,2026-09-14 05:47:00,1789336020.306
